gender,role,name,count_star()
f,actress,Warner Home Video,31178
f,actress,Argentina Video Home,17916
f,actress,Gativideo,13787
f,actress,Odeon,7908
f,actress,Columbia TriStar Home Video,7282
m,producer,Warner Home Video,5686
,producer,Warner Home Video,5108
f,actress,20th Century Fox de Argentina,4798
f,actress,Transeuropa Video Entertainment (TVE),4169
f,actress,Paramount Home Video,3668
f,actress,Warner Home Vídeo,3619
f,actress,Buena Vista Home Video,3320
m,writer,Warner Home Video,3254
m,producer,Argentina Video Home,3232
f,actress,Columbia TriStar Films de Argentina,3194
f,actress,Centre National de la Cinématographie (CNC),3171
,producer,Argentina Video Home,2895
f,actress,Walt Disney Home Video,2405
m,producer,Gativideo,2144
f,actress,Universal Home Video,2051
f,actress,Independent Films,1838
f,actress,New Line Home Video,1810
f,actress,Prorom Media-Trade,1791
f,actress,Concorde Filmverleih,1784
m,writer,Argentina Video Home,1762
,producer,Gativideo,1747
m,writer,Gativideo,1689
m,director,Warner Home Video,1613
f,actress,Abril Vídeo,1606
f,actress,Zweites Deutsches Fernsehen (ZDF),1600
f,actress,Columbia TriStar Films de España,1589
f,actress,Columbia TriStar Warner Filmes de Portugal,1588
f,actress,EuroVideo,1478
f,actress,Golden Village Pictures,1460
m,composer,Warner Home Video,1374
,writer,Warner Home Video,1351
f,actress,Concorde Home Entertainment,1298
f,actress,Golden Scene,1260
m,producer,Columbia TriStar Home Video,1255
f,actress,Touchstone Home Video,1247
,producer,Odeon,1229
f,actress,Divisa Home Video,1187
f,actress,Buena Vista International (Sweden),1170
f,actress,Intercontinental Video,1140
f,actress,Universal Studios Home Video,1121
f,actress,CIC Vídeo,1120
m,producer,Odeon,1120
f,actress,CIC-Taft Home Video,1117
,producer,Columbia TriStar Home Video,1084
f,producer,Warner Home Video,1081
,producer,Transeuropa Video Entertainment (TVE),1070
m,cinematographer,Warner Home Video,1025
f,actress,Video Sound,1023
,editor,Warner Home Video,1019
f,actress,Entertainment in Video,1014
f,actress,Home Video Hellas (HVH),1005
f,actress,Golden Village Entertainment,997
,writer,Gativideo,968
f,actress,Alliance Atlantis Home Video,942
m,director,Argentina Video Home,921
f,actress,LK-TEL Vídeo,913
f,actress,Videosonic Arts,901
m,composer,Argentina Video Home,891
f,actress,Líder Films,886
m,editor,Warner Home Video,835
f,actress,MCA/Universal Home Video,833
f,producer,Argentina Video Home,808
,writer,Argentina Video Home,793
m,producer,Transeuropa Video Entertainment (TVE),786
f,actress,Cascade Film,760
f,actress,West Video,758
m,producer,Warner Home Vídeo,754
f,actress,DeA Planeta Home Entertainment,748
m,writer,Columbia TriStar Home Video,739
f,actress,Fox Video,723
f,actress,Paris Vídeo,722
m,producer,Paramount Home Video,714
m,director,Gativideo,710
m,producer,20th Century Fox de Argentina,698
f,actress,Pyramide Distribution,690
,editor,Argentina Video Home,687
,producer,Zweites Deutsches Fernsehen (ZDF),685
m,writer,Walt Disney Home Video,684
f,actress,Dentsu,675
m,cinematographer,Argentina Video Home,665
f,actress,Prooptiki Video,649
f,actress,Westdeutscher Rundfunk (WDR),645
m,writer,Buena Vista Home Video,615
f,actress,PlayArte Home Vídeo,610
m,composer,Gativideo,610
f,actress,ARD Degeto Film,610
f,actress,Flashstar Home Vídeo,604
f,actress,PolyGram Video,591
m,producer,Buena Vista Home Video,582
,producer,Warner Home Vídeo,580
,producer,Centre National de la Cinématographie (CNC),579
m,editor,Argentina Video Home,577
f,actress,Région Ile-de-France,574
,producer,Buena Vista Home Video,570
f,actress,Regal Home Video,556
f,producer,Gativideo,530
f,actress,MTI Home Video,528
m,writer,Odeon,525
f,actress,Home Box Office Home Video (HBO),520
,producer,Independent Films,501
m,producer,Columbia TriStar Films de Argentina,500
f,writer,Warner Home Video,499
,composer,Warner Home Video,492
,producer,Prorom Media-Trade,483
,writer,Walt Disney Home Video,480
,producer,Concorde Filmverleih,479
f,actress,Roadside Attractions,475
f,actress,Programme MEDIA de la Communauté Européenne,475
,producer,20th Century Fox de Argentina,471
f,actress,Deltamac Entertainment,461
m,producer,Walt Disney Home Video,461
,producer,Paramount Home Video,460
,editor,Gativideo,457
,writer,Buena Vista Home Video,450
m,writer,Warner Home Vídeo,450
f,actress,Destination Films,449
f,actress,Independent Television (ITV),446
,producer,Columbia TriStar Films de Argentina,446
f,actress,Hollywood Pictures Home Video,443
f,actress,Palisades Tartan,439
,producer,EuroVideo,439
f,actress,CIC Video,433
f,actress,Le Tax Shelter du Gouvernement Fédéral de Belgique,431
f,actress,GoodTimes Home Video,429
f,actress,Spentzos Film Home Video,429
,director,Warner Home Video,427
f,actress,Golden Harvest Company,421
m,producer,New Line Home Video,421
f,actress,Nickelodeon Network,420
f,actress,Instituto Mexicano de Cinematografía (IMCINE),418
f,actress,20th Century Fox de Venezuela,416
f,actress,Roadshow Entertainment Video,414
,producer,Golden Village Pictures,411
m,composer,Columbia TriStar Home Video,407
m,writer,Centre National de la Cinématographie (CNC),401
m,cinematographer,Gativideo,398
,writer,Columbia TriStar Home Video,397
m,editor,Gativideo,395
m,director,Columbia TriStar Home Video,392
f,actress,Video Film Express,388
f,actress,Canadian Film or Video Production Tax Credit (CPTC),388
f,actress,Prisvídeo - Edições Videográficas,386
m,writer,Paramount Home Video,385
f,actress,Kino Video,383
f,actress,DENTSU Music And Entertainment,372
f,actress,Krause & Schneider Multimedia (KSM),371
f,actress,Manga Video,370
f,actress,Cecchi Gori Home Video,366
f,actress,Universal Pictures Video,366
f,actress,Asia Video Publishing Co. Ltd.,362
m,producer,Universal Home Video,361
m,writer,Transeuropa Video Entertainment (TVE),360
f,actress,Video Audio Project (VAP),359
f,actress,Vendetta Films,358
m,writer,20th Century Fox de Argentina,358
f,actress,Instituto Nacional de Cine y Artes Audiovisuales (INCAA),354
m,producer,Centre National de la Cinématographie (CNC),352
f,actress,Wide Pictures,350
f,actress,Califórnia Home Vídeo,349
f,actress,Wolfe Video,348
,cinematographer,Warner Home Video,347
,producer,Walt Disney Home Video,347
f,actress,La Fabrique de Films,345
f,actress,"Films de l'Elysée, Les",345
f,writer,Argentina Video Home,343
m,cinematographer,Columbia TriStar Home Video,342
m,director,Odeon,341
f,actress,Universe Laser & Video Co. Ltd.,340
f,actress,Toei Video Company,333
m,writer,Abril Vídeo,333
f,actress,Sony Pictures Video,333
f,actress,Prisvídeo,333
f,actress,Nickelodeon Movies,332
f,actress,Filmladen,328
m,producer,Prorom Media-Trade,326
,producer,Divisa Home Video,318
f,producer,Columbia TriStar Home Video,318
m,producer,Divisa Home Video,314
m,writer,Columbia TriStar Films de Argentina,311
f,actress,Medienboard Berlin-Brandenburg,310
m,producer,Independent Films,308
f,actress,Det Danske Filminstitut,307
f,actress,Filmförderungsanstalt (FFA),307
f,actress,Arbeitsgemeinschaft der öffentlich-rechtlichen Rundfunkanstalten der Bundesrepublik Deutschland (ARD),307
,editor,Columbia TriStar Home Video,305
m,writer,Buena Vista International (Sweden),300
,producer,Golden Village Entertainment,298
f,actress,Norddeutscher Rundfunk (NDR),296
,producer,Golden Scene,295
f,actress,Cineplex Odeon Films,294
f,actress,Transmundo Home Video (THV),292
f,actress,Les Films Alain Sarde,291
,producer,Universal Home Video,290
f,actress,Concorde-Castle Rock/Turner,288
m,producer,Golden Village Pictures,287
f,actress,Sony Pictures Worldwide Acquisitions (SPWA),285
f,actress,Videocine,284
,producer,New Line Home Video,282
m,composer,Odeon,282
,producer,Le Tax Shelter du Gouvernement Fédéral de Belgique,281
,producer,ARD Degeto Film,280
f,actress,Prem'er Video Fil'm,279
m,producer,EuroVideo,276
f,actress,Delux Productions,276
f,writer,Gativideo,276
f,actress,Mandeville Films,269
,writer,Odeon,266
f,actress,Lider Films,264
m,producer,Abril Vídeo,263
,writer,Video Sound,263
m,producer,Concorde Filmverleih,261
f,actress,Plus Video,261
m,producer,Intercontinental Video,260
,producer,Concorde Home Entertainment,259
,producer,Video Sound,257
f,producer,Odeon,256
m,producer,Columbia TriStar Films de España,255
f,actress,Televisió de Catalunya (TV3),255
f,actress,Sociedad General de Derechos Audiovisuales (SOGEDASA),254
,cinematographer,Argentina Video Home,254
,writer,Centre National de la Cinématographie (CNC),252
m,writer,Universal Home Video,251
f,actress,Lizard Cinema Trade,250
,writer,Zweites Deutsches Fernsehen (ZDF),250
f,actress,Société de Développement des Entreprises Culturelles (SODEC),247
,producer,Flashstar Home Vídeo,246
f,actress,Videorama,244
,producer,DeA Planeta Home Entertainment,244
f,actress,Gaumont/Columbia TriStar Home Video (GCTHV),241
f,actress,Studio DEEN,240
m,director,Transeuropa Video Entertainment (TVE),239
f,actress,Dendy Films,238
f,actress,Degeto Film,235
f,actress,Highlight Video,235
f,actress,Télévision Suisse-Romande (TSR),234
,producer,Instituto Mexicano de Cinematografía (IMCINE),234
f,actress,BMG Video,232
f,actress,Cinema Trade,232
f,actress,Cannes Home Vídeo,232
,producer,Intercontinental Video,230
m,producer,Columbia TriStar Warner Filmes de Portugal,229
m,writer,Video Sound,228
f,actress,Monarch Home Video,228
m,director,Warner Home Vídeo,228
f,actress,Walden Media,227
m,cinematographer,Odeon,226
f,actress,Filmax Home Video,225
m,director,Buena Vista Home Video,224
f,actress,Golden Village,223
,producer,Home Video Hellas (HVH),222
m,director,Walt Disney Home Video,220
f,actress,Nea Kinisi Video,218
f,actress,Live Home Video,218
m,producer,CIC-Taft Home Video,217
f,actress,Andes Films,216
f,actress,Sociedad General de Televisión (Sogetel),214
f,actress,Concorde Film,213
f,actress,DEJ Productions,213
f,actress,Digital Entertainment (DEI),212
m,director,Centre National de la Cinématographie (CNC),212
,writer,Abril Vídeo,212
,composer,Argentina Video Home,211
m,editor,Columbia TriStar Home Video,209
,writer,20th Century Fox de Argentina,209
f,actress,Nickelodeon,209
f,actress,Viz Video,209
f,actress,Vídeo Arte,208
f,actress,Filmförderung Hamburg,208
,editor,Odeon,207
m,composer,Transeuropa Video Entertainment (TVE),205
m,producer,Buena Vista International (Sweden),203
,producer,Westdeutscher Rundfunk (WDR),203
f,actress,Concorde Video,203
f,actress,C/FP Video,202
,writer,Paramount Home Video,202
m,director,Paramount Home Video,202
,editor,Centre National de la Cinématographie (CNC),201
m,producer,Alliance Atlantis Home Video,198
f,actress,Discovery Film & Video Distribution,198
f,actress,E.I. Independent Cinema,197
,cinematographer,Gativideo,196
,editor,Zweites Deutsches Fernsehen (ZDF),195
f,actress,Opéra National de Paris,194
m,editor,Odeon,193
,editor,Transeuropa Video Entertainment (TVE),192
,writer,Transeuropa Video Entertainment (TVE),192
m,producer,Universal Studios Home Video,191
,producer,Dentsu,191
f,actress,Odeon Films,191
f,actress,MCA Home Video,190
m,producer,Flashstar Home Vídeo,190
m,director,20th Century Fox de Argentina,189
,producer,PolyGram Video,189
m,composer,Buena Vista Home Video,188
f,actress,Neue Deutsche Filmgesellschaft (NDF),188
f,actress,Shemaroo Video Pvt. Ltd.,187
m,composer,Paramount Home Video,187
m,producer,Entertainment in Video,187
,producer,Alliance Atlantis Home Video,187
m,composer,Warner Home Vídeo,187
f,actress,Les Films des Tournelles,186
m,producer,DeA Planeta Home Entertainment,186
,producer,Columbia TriStar Films de España,186
m,composer,20th Century Fox de Argentina,185
m,producer,CIC Vídeo,185
f,editor,Warner Home Video,185
f,actress,Bodega Films,182
,producer,GoodTimes Home Video,181
,producer,Columbia TriStar Warner Filmes de Portugal,181
m,producer,LK-TEL Vídeo,180
,producer,Video Audio Project (VAP),180
,editor,Buena Vista Home Video,179
,writer,Buena Vista International (Sweden),179
f,actress,Viva Video,179
f,actress,Alamode Film,179
f,actress,Tai Seng Video Marketing,179
m,producer,Touchstone Home Video,178
f,actress,Versátil Home Vídeo,178
m,cinematographer,Transeuropa Video Entertainment (TVE),177
f,actress,Troma Team Video,177
,editor,Paramount Home Video,176
m,composer,Video Sound,176
f,actress,Delphi Filmverleih Produktion,175
f,actress,Working Designs,175
m,producer,Videosonic Arts,174
,producer,Videosonic Arts,174
f,actress,Instituto de la Cinematografía y de las Artes Audiovisuales (ICAA),174
f,actress,Videocine S.A. de C.V.,173
f,producer,Transeuropa Video Entertainment (TVE),173
,composer,Zweites Deutsches Fernsehen (ZDF),173
f,actress,Instituto Cubano del Arte e Industrias Cinematográficos (ICAIC),173
,producer,Instituto Nacional de Cine y Artes Audiovisuales (INCAA),172
m,producer,Concorde Home Entertainment,172
f,actress,Valentim de Carvalho Multimédia,172
f,producer,20th Century Fox de Argentina,171
f,actress,Cineplex-Odeon Home Video,170
m,writer,Intercontinental Video,170
,composer,Gativideo,170
f,actress,Longride,169
f,actress,Cine Video y TV,169
,producer,Universal Studios Home Video,169
f,actress,Ministère de la Culture et de la Communication,169
f,actress,Filmtrade,168
f,actress,Mitteldeutscher Rundfunk (MDR),166
,producer,Abril Vídeo,166
f,actress,Malofilm Home Video,165
f,actress,Mitteldeutsche Medienförderung (MDM),165
m,producer,Home Video Hellas (HVH),164
m,producer,Golden Village Entertainment,163
m,writer,New Line Home Video,163
,cinematographer,Centre National de la Cinématographie (CNC),163
f,actress,Tartan Video,163
f,actress,Schröder Media,163
f,actress,Concorde-New Horizons,163
f,actress,20th Century Fox Film de Mexico,162
m,writer,Columbia TriStar Films de España,162
m,composer,Walt Disney Home Video,162
f,actress,Republic Pictures Home Video,161
f,actress,Spark Worldwide,161
f,actress,Arcade Movie Company,161
m,producer,Golden Scene,160
f,actress,Cinematografica Distributori Indipendenti (CDI),160
,writer,Warner Home Vídeo,159
m,director,Columbia TriStar Films de Argentina,159
m,composer,Columbia TriStar Films de Argentina,159
f,actress,Sony Wonder,159
f,actress,Pyramide Productions,158
,producer,Líder Films,158
,producer,Palisades Tartan,157
m,producer,Zweites Deutsches Fernsehen (ZDF),157
f,actress,Televisión Federal (Telefe),156
m,writer,Nickelodeon Network,156
m,writer,EuroVideo,156
,producer,Manga Video,155
m,writer,Divisa Home Video,155
,editor,Video Sound,155
m,writer,Zweites Deutsches Fernsehen (ZDF),155
m,producer,Líder Films,155
f,actress,Trimark Home Video,155
m,editor,Paramount Home Video,154
m,composer,Centre National de la Cinématographie (CNC),153
m,cinematographer,20th Century Fox de Argentina,153
,editor,Warner Home Vídeo,153
,producer,Deltamac Entertainment,152
m,writer,Concorde Filmverleih,152
m,producer,MCA/Universal Home Video,149
,producer,Roadside Attractions,148
m,cinematographer,Warner Home Vídeo,148
f,actress,SF Video,148
f,actress,New Video,147
,director,Argentina Video Home,147
f,actress,Alliance Home Video,146
f,actress,Recorded Picture Company (RPC),146
,producer,LK-TEL Vídeo,146
f,actress,Ascot Video,146
f,actress,Live Video,146
m,producer,Prooptiki Video,145
f,actress,Channel 5 Video Distribution,145
,producer,Buena Vista International (Sweden),145
,producer,Califórnia Home Vídeo,144
f,actress,América Vídeo,142
f,actress,Leader Music,141
f,actress,VCL Video,141
f,producer,Columbia TriStar Films de Argentina,140
,producer,Delux Productions,140
,cinematographer,Zweites Deutsches Fernsehen (ZDF),138
,producer,Nickelodeon Network,138
f,actress,Contender Entertainment Group,138
f,actress,TV4 Sweden,138
f,actress,VideoFilmes,138
m,writer,MCA/Universal Home Video,138
,writer,Columbia TriStar Films de Argentina,138
f,actress,El Deseo S.A.,137
f,producer,Warner Home Vídeo,137
f,actress,Big Idea Productions,137
,producer,West Video,137
f,actress,RCA/Columbia Pictures Home Video,137
f,actress,Pathfinder Pictures,136
,producer,Programme MEDIA de la Communauté Européenne,136
,producer,Prooptiki Video,136
m,director,Universal Home Video,135
,producer,Entertainment in Video,135
,writer,Intercontinental Video,134
f,actress,Star Home Video,133
f,actress,Nederlandse Programma Stichting (NPS),133
m,cinematographer,Paramount Home Video,133
f,actress,"Film Department, The",133
f,actress,Video Palace House of Distribution,132
f,actress,Filmboard Berlin-Brandenburg (FBB),132
,producer,Canadian Film or Video Production Tax Credit (CPTC),132
m,writer,CIC-Taft Home Video,130
m,writer,Home Video Hellas (HVH),129
,producer,Independent Television (ITV),129
,composer,Video Sound,129
f,producer,Paramount Home Video,129
,producer,CIC Vídeo,128
f,actress,Hyde Park Entertainment,128
m,director,Video Sound,128
f,actress,Hart Sharp Video,128
f,writer,Odeon,127
,editor,Walt Disney Home Video,127
f,actress,CNR Film & Video,127
,producer,MTI Home Video,126
m,writer,Golden Village Pictures,126
,producer,Région Ile-de-France,126
,producer,Videocine,126
f,actress,Asian Video Wholesalers,126
,producer,Filmakademie Baden-Württemberg,125
f,actress,Warner Independent Pictures (WIP),125
,producer,MCA/Universal Home Video,125
f,actress,Deutsche Filmförderfonds (DFFF),125
m,producer,Fox Video,125
,cinematographer,Video Sound,124
m,producer,West Video,124
,producer,Video Film Express,124
m,writer,Independent Films,124
m,producer,PlayArte Home Vídeo,123
m,producer,Nickelodeon Network,123
f,actress,Depth of Field,123
f,actress,Televicine S.A. de C.V.,123
f,actress,New Sensations Video,123
f,actress,Odean S.A.,123
m,editor,20th Century Fox de Argentina,123
f,director,Warner Home Video,122
m,cinematographer,Columbia TriStar Films de Argentina,122
m,director,Zweites Deutsches Fernsehen (ZDF),122
f,actress,Verenigde Arbeiders Radio Amateurs (VARA),121
m,editor,Buena Vista Home Video,121
,editor,Columbia TriStar Films de Argentina,121
,producer,2 Entertain Video,121
,producer,Norddeutscher Rundfunk (NDR),121
,producer,Videorama,120
,producer,Pyramide Distribution,120
,cinematographer,Transeuropa Video Entertainment (TVE),120
f,actress,"Ontario Film Development Corporation, The",119
,composer,Centre National de la Cinématographie (CNC),119
,producer,PlayArte Home Vídeo,119
f,director,Argentina Video Home,119
m,composer,Universal Home Video,118
f,actress,Zeitgeist Video,118
f,actress,TV5 Monde,118
m,writer,CIC Vídeo,118
,producer,Destination Films,118
,producer,Home Box Office Home Video (HBO),118
,producer,Golden Films,117
f,actress,Generalitat de Catalunya - Institut Català de les Indústries Culturals (ICIC),117
m,director,Concorde Filmverleih,117
,producer,Paris Vídeo,117
f,actress,Roadshow Home Video,117
,director,Der KurzFilmVerleih,117
m,director,Abril Vídeo,116
f,writer,Columbia TriStar Home Video,116
f,actress,Nederlands Fonds voor de Film,115
m,writer,Columbia TriStar Warner Filmes de Portugal,115
f,actress,Orion Home Video,114
,producer,Lizard Cinema Trade,114
f,actress,MPI Home Video,114
,editor,20th Century Fox de Argentina,113
,director,Filmakademie Baden-Württemberg,113
m,editor,Transeuropa Video Entertainment (TVE),113
,producer,Instituto Cubano del Arte e Industrias Cinematográficos (ICAIC),113
f,actress,Dimension Home Video,113
f,actress,Playboy Video Enterprises,112
f,actress,Alambique Destilaria de Ideias Unipessoal,111
f,actress,Codeblack Entertainment,111
f,actress,Alpha Video Distributors,111
f,actress,Twin Video,110
,producer,Sony Wonder,110
,producer,DENTSU Music And Entertainment,110
f,actress,Academy Entertainment,110
f,actress,RaiTrade,110
,cinematographer,Odeon,110
,writer,Divisa Home Video,110
f,actress,Edel Media & Entertainment,109
f,actress,Fondo de Inversión y Estímulos al Cine (FIDECINE),109
m,director,Der KurzFilmVerleih,109
f,actress,Alberta Film Development Program of the Alberta Government,109
m,editor,Warner Home Vídeo,109
m,cinematographer,Centre National de la Cinématographie (CNC),109
f,actress,Primer Plano Film Group Video,109
,writer,Dentsu,109
,cinematographer,Instituto Cubano del Arte e Industrias Cinematográficos (ICAIC),108
f,actress,Decca,108
,cinematographer,Columbia TriStar Home Video,108
f,actress,Cappa Defina Productions,107
f,actress,Tri Destined Studios,107
f,actress,Surrender Cinema,107
m,producer,PolyGram Video,106
f,actress,Mti Home Video,106
f,actress,"Buenavista Columbia Tri Star Films de Mexico, S. de R.L. de C.V.'",106
f,actress,WGBH Boston Video,106
f,actress,New Deal Productions,105
f,actress,Odeon Film,105
f,producer,Walt Disney Home Video,105
,producer,Medienboard Berlin-Brandenburg,105
m,composer,Concorde Filmverleih,104
m,producer,Cascade Film,104
f,actress,Bona Fide Productions,104
f,actress,Ministerio de Cultura,104
,producer,Universe Laser & Video Co. Ltd.,104
f,actress,Mega Star Video Distribution,104
m,producer,Golden Harvest Company,104
m,writer,Universal Studios Home Video,104
,editor,EuroVideo,104
m,producer,Hollywood Pictures Home Video,104
m,writer,Prorom Media-Trade,103
f,actress,Columbia Home Video,103
m,producer,Paris Vídeo,103
f,actress,Filmakademie Baden-Württemberg,103
,director,Zweites Deutsches Fernsehen (ZDF),103
m,producer,Roadside Attractions,103
f,actress,Delta Pictures,103
f,actress,Tandem Communications,102
,writer,Westdeutscher Rundfunk (WDR),102
,producer,CIC-Taft Home Video,102
m,producer,Pyramide Distribution,102
m,producer,Westdeutscher Rundfunk (WDR),101
f,actress,De Line Pictures,101
f,actress,Creativos Asociados de Radio y Televisión (CARTEL),101
,editor,Universal Home Video,101
f,actress,Buena Vista International (Denmark),101
f,actress,Compañía General de la Imagen (CGI),100
m,producer,Califórnia Home Vídeo,100
,writer,Golden Village Pictures,100
m,producer,Video Sound,100
f,actress,Bandeira Entertainment,100
f,actress,Inderjit Films Combine,100
,composer,Instituto Mexicano de Cinematografía (IMCINE),100
,producer,Golden Harvest Company,99
f,actress,Crystal Sky Worldwide,99
f,actress,Fondo para la Producción Cinematográfica de Calidad (FOPROCINE),99
f,actress,Japan Video Distribution (JVD) Co. Ltd.,99
,writer,Filmakademie Baden-Württemberg,99
,writer,Independent Films,98
m,director,EuroVideo,98
,producer,Wide Pictures,98
f,writer,Centre National de la Cinématographie (CNC),98
f,actress,Sony Video,98
f,actress,Quanta Centro de Produções Cinematográficas,98
m,producer,Deltamac Entertainment,97
m,producer,Home Box Office Home Video (HBO),97
m,writer,Videosonic Arts,97
,writer,EuroVideo,97
,editor,Divisa Home Video,97
f,actress,VideoServis,96
,producer,Cascade Film,96
m,writer,LK-TEL Vídeo,96
f,actress,Children's Independent Television (CiTV),95
f,actress,Fonds National de Soutien à la Production Audiovisuelle du Luxembourg,95
,producer,Toei Video Company,95
m,writer,Touchstone Home Video,94
f,producer,Buena Vista Home Video,94
f,producer,Universal Home Video,94
m,composer,Columbia TriStar Films de España,94
f,actress,Fondo de Fomento a la Calidad Cinematográfica,94
m,director,Divisa Home Video,94
f,actress,ICF Institut Català de Finances,94
,director,Centre National de la Cinématographie (CNC),93
m,editor,Walt Disney Home Video,93
,producer,Children's Independent Television (CiTV),93
,composer,Columbia TriStar Home Video,93
f,actress,Video Treasures,93
f,actress,Worldwide Entertainment Group (WEG),93
f,actress,Film Afrika Worldwide,93
m,director,Independent Films,93
,producer,Fox Video,92
f,actress,Random House Home Video,92
,producer,Filmförderungsanstalt (FFA),92
,producer,La Fabrique de Films,92
f,actress,New Horizons Home Video,92
f,actress,Astral Video,92
m,director,Intercontinental Video,91
,producer,Vendetta Films,91
,writer,Universal Home Video,91
f,actress,Michael De Luca Productions,91
f,actress,Citadel Entertainment,91
,writer,Home Video Hellas (HVH),91
f,actress,Odessa Films,91
f,actress,Rizzoli Corriere della Sera Home Video (RCS),91
f,actress,BMG Independents,91
m,writer,Concorde Home Entertainment,91
,editor,Instituto Mexicano de Cinematografía (IMCINE),91
,director,Buena Vista Home Video,91
f,actress,Contender Films,91
f,actress,Instituto de Crédito Oficial (ICO),90
m,producer,Spentzos Film Home Video,90
f,actress,First Independent Pictures,90
f,writer,Walt Disney Home Video,90
f,actress,Frederator Incorporated,90
m,writer,Golden Village Entertainment,90
f,producer,New Line Home Video,90
,director,Gativideo,90
,composer,Filmakademie Baden-Württemberg,90
,producer,Tandem Communications,89
f,actress,Sociedade Independente de Comunicação (SIC),89
m,composer,Abril Vídeo,89
m,director,New Line Home Video,89
m,cinematographer,Buena Vista Home Video,89
f,actress,Palisades Pictures,89
m,composer,Divisa Home Video,89
m,producer,Roadshow Entertainment Video,89
m,editor,Universal Home Video,88
f,actress,Ekaterinburg Art Home Video (EAHV),88
,producer,Det Danske Filminstitut,88
f,actress,Raro Video,88
,writer,Golden Village Entertainment,88
m,composer,New Line Home Video,88
,producer,Arbeitsgemeinschaft der öffentlich-rechtlichen Rundfunkanstalten der Bundesrepublik Deutschland (ARD),88
,writer,Nickelodeon Network,87
f,actress,Creative Light Worldwide,87
f,writer,Transeuropa Video Entertainment (TVE),87
m,writer,Prooptiki Video,87
f,actress,Rundfunk Berlin-Brandenburg (RBB),86
,producer,Asia Video Publishing Co. Ltd.,86
f,actress,Deuce Three Productions,86
,producer,Nickelodeon Movies,86
,producer,Télévision Suisse-Romande (TSR),85
m,editor,Columbia TriStar Films de Argentina,85
,composer,Buena Vista Home Video,84
f,actress,Warner Home Video Española S.A.,84
m,producer,Nickelodeon Movies,84
f,actress,Delta-Film,84
,producer,Wolfe Video,84
,composer,Paramount Home Video,84
m,producer,Dentsu,84
m,producer,Delux Productions,83
f,actress,MDP Worldwide,83
f,composer,Warner Home Video,83
m,director,Buena Vista International (Sweden),83
,director,Bezalel Academy of Arts and Design,83
,producer,Touchstone Home Video,83
f,actress,Centro de Capacitación Cinematográfica (CCC),82
m,producer,CIC Video,82
f,actress,Fox Kids Video,82
,director,Walt Disney Home Video,82
f,actress,Bootmen Productions (Hilary Linstead-Dein Perry),82
f,actress,Varus Video,82
m,cinematographer,Concorde Filmverleih,82
,producer,Dendy Films,82
f,actress,Pehade Beheer BV (BBI),82
m,director,Golden Village Pictures,82
m,writer,Alliance Atlantis Home Video,82
f,actress,2 Entertain Video,81
m,director,Columbia TriStar Films de España,81
f,actress,Strand Home Video,81
m,writer,Fox Video,81
f,actress,Wonder Works Films,81
m,producer,Palisades Tartan,81
,producer,Filmladen,81
f,actress,Société Française de Production (SFP),81
,writer,Prorom Media-Trade,80
f,actress,Office Fédéral de la Culture,80
f,actress,BenderSpink,80
,writer,Videosonic Arts,80
,composer,Transeuropa Video Entertainment (TVE),80
f,actress,Sociedad General de Cine (SOGECINE) S.A.,79
f,actress,Zide-Perry Productions,79
,producer,Instituto de la Cinematografía y de las Artes Audiovisuales (ICAA),79
,producer,Der KurzFilmVerleih,79
,producer,Bezalel Academy of Arts and Design,79
,producer,Roadshow Entertainment Video,79
f,actress,Deep River Productions,79
f,actress,EI (Exposure Index) Independent Cinema,79
f,actress,Anderson Digital,79
,writer,Bezalel Academy of Arts and Design,78
m,writer,PolyGram Video,78
f,actress,Lumière Home Vídeo,77
,writer,Universal Studios Home Video,77
f,producer,Centre National de la Cinématographie (CNC),77
f,actress,Metrodome Video Ltd.,77
f,actress,InDigEnt (Independent Digital Entertainment),77
,producer,Cine-Clube de Avanca,77
f,actress,"BKM, kulturelle Filmförderung des Bundes",77
m,composer,EuroVideo,77
f,actress,Lyrick Studios Video,76
m,producer,Krause & Schneider Multimedia (KSM),76
f,actress,Odessa Entertainment,76
f,writer,Buena Vista Home Video,76
,writer,Sony Wonder,76
f,actress,Monolith Video,76
m,writer,Flashstar Home Vídeo,75
,writer,Golden Harvest Company,75
,producer,Sony Pictures Worldwide Acquisitions (SPWA),75
,producer,Schröder Media,75
f,actress,Atelier Cinéma de Normandie (ACCAAN),75
m,cinematographer,New Line Home Video,75
,director,Warner Home Vídeo,75
f,writer,Warner Home Vídeo,75
m,director,Nickelodeon Network,74
,editor,ARD Degeto Film,74
f,actress,Providence Films,74
f,actress,A&E Home Video,74
,producer,Odeon Films,74
m,writer,Cascade Film,74
f,actress,Clap - Produção de Filmes,74
f,actress,Fox Lorber Home Video,73
f,editor,Argentina Video Home,73
m,composer,Independent Films,73
m,director,Prorom Media-Trade,73
f,actress,Nu Visión de Argentina,73
,editor,Concorde Filmverleih,73
m,producer,20th Century Fox de Venezuela,73
f,writer,Zweites Deutsches Fernsehen (ZDF),73
f,actress,WonderPhil Productions,73
f,actress,MHF Zweite Academy Film,72
,producer,Universal Pictures Video,72
f,actress,Presidenzia del Consiglio del Ministri-Dipartimento dello Spettacolo,72
f,actress,Ministry of Culture of the Russian Federation,72
,editor,Intercontinental Video,72
m,writer,DeA Planeta Home Entertainment,72
m,cinematographer,Walt Disney Home Video,72
,composer,Odeon,72
m,producer,Videocine,71
f,producer,Columbia TriStar Films de España,71
m,writer,Big Idea Productions,71
f,actress,Turner Home Video,71
,producer,Tartan Video,71
f,actress,Chrysalide Film,71
f,writer,20th Century Fox de Argentina,71
,producer,Kino Video,71
,editor,Golden Village Pictures,71
f,producer,Regal Home Video,71
m,producer,Le Tax Shelter du Gouvernement Fédéral de Belgique,71
f,actress,Broadway Video,70
m,writer,Líder Films,70
,producer,Sony Pictures Video,70
f,actress,Légende Entreprises,70
,producer,Spentzos Film Home Video,70
f,actress,Sherazade Film Development,70
,writer,GoodTimes Home Video,70
f,actress,First Independent Films,70
m,writer,Nickelodeon Movies,70
m,cinematographer,Columbia TriStar Films de España,70
m,writer,Région Ile-de-France,70
f,actress,Tapeworm Video Distributors,70
f,actress,Videoservice,70
f,actress,American Pride Films Group,70
,editor,Prorom Media-Trade,70
,writer,Instituto Mexicano de Cinematografía (IMCINE),70
m,producer,Destination Films,69
f,actress,Hemdale Home Video,69
,composer,ARD Degeto Film,69
,editor,Filmakademie Baden-Württemberg,69
m,director,CIC Vídeo,69
,producer,BMG Video,69
,producer,Televisió de Catalunya (TV3),69
f,actress,Medusa Video,69
,producer,DEJ Productions,69
,producer,Golden Village,69
f,actress,Joy Sales Film and Video Distributors,69
,producer,Prisvídeo - Edições Videográficas,68
,writer,ARD Degeto Film,68
m,producer,Prem'er Video Fil'm,68
,writer,New Line Home Video,68
f,actress,New Concorde Home Entertainment,68
,writer,PolyGram Video,68
m,cinematographer,Universal Home Video,68
m,writer,West Video,68
m,producer,Canadian Film or Video Production Tax Credit (CPTC),68
m,editor,Centre National de la Cinématographie (CNC),68
f,writer,Paramount Home Video,68
,editor,Bezalel Academy of Arts and Design,68
f,producer,Prorom Media-Trade,68
f,actress,Independenta Film,67
f,actress,Globo Vídeo,67
f,actress,America Video Film,67
m,producer,Vendetta Films,67
,producer,Walden Media,67
f,actress,Independent Film Channel (IFC),67
f,actress,American Desi Productions,67
,producer,Longride,67
,director,Instituto Mexicano de Cinematografía (IMCINE),67
f,actress,Escola Superior de Cinema i Audiovisuals de Catalunya (ESCAC),67
m,producer,ARD Degeto Film,67
m,director,Concorde Home Entertainment,67
f,actress,Decade Distribution,67
f,actress,Crusader Entertainment,66
m,director,Instituto Mexicano de Cinematografía (IMCINE),66
,editor,Independent Films,66
f,actress,Lawrence Bender Productions,66
f,actress,Borden and Rosenbush Entertainment,66
f,actress,Golden Screen,66
f,producer,Abril Vídeo,66
f,actress,Slide Screen Entertainment,66
f,actress,Deutsche Film- und Fernsehakademie Berlin (DFFB),66
f,editor,Gativideo,66
m,producer,MTI Home Video,65
,editor,Abril Vídeo,65
,editor,Instituto Cubano del Arte e Industrias Cinematográficos (ICAIC),65
m,writer,Pyramide Distribution,65
f,actress,Zapata Design,65
,producer,Mitteldeutscher Rundfunk (MDR),65
m,producer,BMG Video,65
f,actress,Photographic Design Labs,65
m,cinematographer,EuroVideo,65
,writer,Digital Entertainment (DEI),65
,producer,Nederlandse Programma Stichting (NPS),64
m,producer,Kino Video,64
f,actress,Gladden Entertainment,64
m,cinematographer,Zweites Deutsches Fernsehen (ZDF),64
m,composer,Intercontinental Video,64
,producer,Filmax Home Video,64
f,director,Gativideo,64
m,producer,Universal Pictures Video,64
f,actress,Warner Bros. Home Video,64
m,editor,New Line Home Video,64
m,writer,20th Century Fox de Venezuela,64
m,writer,Le Tax Shelter du Gouvernement Fédéral de Belgique,64
,composer,EuroVideo,63
m,producer,Sociedad General de Televisión (Sogetel),63
m,director,Home Video Hellas (HVH),63
f,actress,Untrademarked Productions,63
f,actress,Ministère de la Culture et de la Francophonie,63
m,editor,Abril Vídeo,63
f,actress,Kulturelle Filmförderung Sachsen,63
f,editor,Centre National de la Cinématographie (CNC),63
,editor,Columbia TriStar Films de España,63
,composer,Walt Disney Home Video,63
m,producer,Région Ile-de-France,63
f,actress,Hollywood Independents,63
,producer,Société de Développement des Entreprises Culturelles (SODEC),63
f,actress,Palisades-Tartan Acquisitions,62
,editor,Golden Village Entertainment,62
,writer,CIC Vídeo,62
f,actress,United Video,62
f,actress,Blue Rider Pictures,62
f,actress,Idea Factory,62
m,writer,Palisades Tartan,62
m,producer,Wide Pictures,62
,writer,Flashstar Home Vídeo,62
,composer,GoodTimes Home Video,62
m,producer,Video Film Express,62
,composer,Bezalel Academy of Arts and Design,62
f,actress,Renegade Animation,61
m,composer,Zweites Deutsches Fernsehen (ZDF),61
f,actress,Televisión de Galicia (TVG) S.A.,61
m,composer,Buena Vista International (Sweden),61
f,actress,Universidad Nacional Autónoma de México (UNAM),61
,writer,Columbia TriStar Films de España,61
,producer,Random House Home Video,61
f,actress,Odeon Video,61
,cinematographer,ARD Degeto Film,60
f,producer,Columbia TriStar Warner Filmes de Portugal,60
m,editor,Concorde Filmverleih,60
m,writer,Programme MEDIA de la Communauté Européenne,60
,writer,Working Designs,60
f,producer,Golden Village Pictures,60
m,cinematographer,Prorom Media-Trade,60
f,actress,Deutscher Fernsehfunk (DFF),60
m,writer,Instituto Nacional de Cine y Artes Audiovisuales (INCAA),60
f,actress,José Frade Producciones Cinematográficas S.A.,60
m,composer,Golden Village Pictures,60
,director,GoodTimes Home Video,60
,writer,Toei Video Company,60
m,producer,Instituto Mexicano de Cinematografía (IMCINE),60
f,actress,Televisão Independente (TVI),60
f,actress,Ripley's Home Video,59
,cinematographer,Paramount Home Video,59
f,actress,Kasander & Wigman Productions,59
f,actress,Jour de Fête Films,59
m,producer,Sociedad General de Derechos Audiovisuales (SOGEDASA),59
,composer,Warner Home Vídeo,59
f,actress,Videoville Showtime,59
f,producer,Independent Films,59
f,actress,America Video,59
,producer,"Films de l'Elysée, Les",59
,producer,Digital Video Dreams,59
,writer,Instituto Cubano del Arte e Industrias Cinematográficos (ICAIC),59
,editor,Videosonic Arts,59
,cinematographer,Instituto Mexicano de Cinematografía (IMCINE),59
m,producer,Programme MEDIA de la Communauté Européenne,59
,director,Nickelodeon Network,58
f,actress,NDE Productions,58
f,actress,Ministère des Affaires Étrangères,58
m,producer,Televisió de Catalunya (TV3),58
f,actress,Tri Destined Independent,58
m,writer,Det Danske Filminstitut,58
f,actress,Centre du Cinéma et de l'Audiovisuel de la Communauté Française de Belgique,58
m,writer,Westdeutscher Rundfunk (WDR),58
m,producer,Highlight Video,58
f,actress,Dandelion Animation Studio,58
,producer,Sociedad General de Derechos Audiovisuales (SOGEDASA),58
m,writer,Prem'er Video Fil'm,58
f,actress,Les Films du Lendemain,58
m,director,CIC-Taft Home Video,58
f,actress,Nouvelles Éditions de Films (NEF),58
m,composer,Home Video Hellas (HVH),58
,producer,Cine Video y TV,57
,producer,Vídeo Arte,57
f,actress,Cort/Madden Productions,57
f,actress,Lux Vide,57
f,actress,Tour de Force,57
m,writer,Home Box Office Home Video (HBO),57
,editor,New Line Home Video,57
m,producer,DENTSU Music And Entertainment,57
m,writer,Paris Vídeo,57
,writer,Instituto Nacional de Cine y Artes Audiovisuales (INCAA),57
,producer,BOB Film Sweden AB,57
f,actress,Trimark Video,57
,director,Columbia TriStar Home Video,57
f,actress,Fonds Eurimages du Conseil de l'Europe,57
,producer,Nickelodeon,57
f,actress,Zürcher Hochschule der Künste,57
m,cinematographer,Independent Films,56
m,director,Golden Village Entertainment,56
f,actress,SBS Independent,56
,editor,Home Video Hellas (HVH),56
f,writer,Concorde Filmverleih,56
f,actress,Fox-Walden,56
f,actress,BOB Film Sweden AB,56
,producer,Recorded Picture Company (RPC),56
m,director,LK-TEL Vídeo,56
f,actress,GMA Records Home Video,56
f,actress,Devinshire Jamestown Pictures,56
f,actress,Vaudeville Productions,56
,producer,Verenigde Arbeiders Radio Amateurs (VARA),56
f,actress,Inside Track Films,56
,producer,Degeto Film,56
f,actress,Willmar Andersson AB,56
m,cinematographer,Abril Vídeo,56
m,director,Columbia TriStar Warner Filmes de Portugal,56
,writer,Video Audio Project (VAP),56
f,actress,Les Studios de Saint Ouen,56
f,actress,IDP Home Video,56
f,actress,Shochiku Home Video,55
m,writer,PlayArte Home Vídeo,55
,producer,20th Century Fox de Venezuela,55
m,composer,Universal Studios Home Video,55
,writer,Columbia TriStar Warner Filmes de Portugal,55
f,actress,Golden Book Video,55
m,producer,New Video,55
,producer,Highlight Video,55
,writer,Golden Films,55
f,producer,Concorde Filmverleih,55
,producer,Video Planning,55
,director,Cine-Clube de Avanca,55
m,director,Touchstone Home Video,55
,producer,Neue Deutsche Filmgesellschaft (NDF),55
f,actress,VTI Home Vídeo,55
m,writer,Golden Harvest Company,55
,producer,Regal Home Video,55
m,composer,Concorde Home Entertainment,54
f,producer,EuroVideo,54
,writer,Universe Laser & Video Co. Ltd.,54
m,producer,Cecchi Gori Home Video,54
f,writer,Columbia TriStar Films de Argentina,54
,writer,Manga Video,54
f,actress,Kasander Film Company,54
m,composer,CIC Vídeo,54
f,actress,Tempe Video,54
m,producer,Independent Television (ITV),54
f,actress,Imagination Worldwide,54
,cinematographer,Filmakademie Baden-Württemberg,54
f,actress,Video Vision Entertainment,54
m,composer,MCA/Universal Home Video,54
f,actress,Angel Blade Production Committee,54
f,actress,Internationale Filmproduktion Stella-del-Sud Third,54
,writer,Playboy Video Enterprises,54
m,director,MCA/Universal Home Video,54
m,writer,Instituto Mexicano de Cinematografía (IMCINE),54
m,producer,Walden Media,54
,composer,Columbia TriStar Films de Argentina,54
m,composer,CIC-Taft Home Video,54
,producer,MDP Worldwide,54
,producer,Sherazade Film Development,54
,composer,Instituto Cubano del Arte e Industrias Cinematográficos (ICAIC),54
f,producer,Golden Scene,54
m,director,Universal Studios Home Video,53
m,producer,Universe Laser & Video Co. Ltd.,53
,composer,Golden Village Pictures,53
,producer,Cecchi Gori Home Video,53
m,cinematographer,Home Video Hellas (HVH),53
,writer,Der KurzFilmVerleih,53
f,actress,Golden Shadow Pictures,53
,writer,2 Entertain Video,53
,director,Prisvídeo,52
m,producer,Filmladen,52
,producer,Quanta Centro de Produções Cinematográficas,52
f,actress,ITI Home Video,52
f,actress,TLA Video,52
m,composer,Prorom Media-Trade,52
m,producer,Filmax Home Video,52
f,actress,4 Front Video,52
,producer,Anderson Digital,52
f,actress,Intandem Films,52
,producer,Krause & Schneider Multimedia (KSM),52
,producer,Ascot Video,52
f,actress,Fidecine,51
m,producer,Dendy Films,51
m,director,DeA Planeta Home Entertainment,51
,composer,Westdeutscher Rundfunk (WDR),51
m,producer,Tai Seng Video Marketing,51
,cinematographer,EuroVideo,51
f,actress,Ghosthouse Underground,51
m,cinematographer,Divisa Home Video,51
m,composer,Columbia TriStar Warner Filmes de Portugal,51
m,producer,Instituto Nacional de Cine y Artes Audiovisuales (INCAA),51
,director,Video Sound,51
f,actress,Fox Home Video,51
m,writer,Entertainment in Video,51
f,actress,Ateliers de Baere,51
,producer,VideoFilmes,51
,director,Sony Wonder,51
,writer,Deltamac Entertainment,51
,writer,Concorde Filmverleih,51
m,writer,Video Film Express,50
,director,Dentsu,50
f,actress,Redeemable Features,50
f,actress,BMG Models,50
,writer,MCA/Universal Home Video,50
m,producer,Videorama,50
m,producer,Det Danske Filminstitut,50
m,composer,LK-TEL Vídeo,50
f,actress,Onion Underwater Productions,50
f,writer,Abril Vídeo,50
,editor,LK-TEL Vídeo,50
,producer,Big Idea Productions,50
,writer,Líder Films,50
m,director,Golden Scene,50
f,actress,Nickelodeon Animation Studios,50
,editor,MCA/Universal Home Video,50
m,cinematographer,CIC-Taft Home Video,50
f,actress,RCA/Columbia Pictures International Video,50
m,composer,Touchstone Home Video,50
m,writer,Dentsu,50
m,producer,DEJ Productions,50
f,actress,BBC Worldwide,50
f,actress,Odyssey Video,49
f,actress,Video Omega,49
f,actress,Allied Artists Home Video,49
m,producer,Transmundo Home Video (THV),49
f,actress,Frontier Developments,49
,producer,Televisión Federal (Telefe),49
,composer,Der KurzFilmVerleih,49
f,writer,Golden Scene,49
f,actress,MMC Independent,49
f,actress,Eden Wurmfeld Films,49
f,actress,Deutsche Grammophon,49
,producer,Videocine S.A. de C.V.,49
f,actress,Conseil Régional de Franche-Comté,49
,producer,Prisvídeo,49
,cinematographer,Der KurzFilmVerleih,49
m,producer,Warner Independent Pictures (WIP),49
,producer,Trimark Home Video,49
,writer,Télévision Suisse-Romande (TSR),49
,editor,Golden Scene,49
m,writer,Tai Seng Video Marketing,49
m,writer,Filmförderungsanstalt (FFA),49
f,actress,Euripide Distribution,49
,editor,Instituto Nacional de Cine y Artes Audiovisuales (INCAA),49
m,writer,Deltamac Entertainment,49
,producer,Warner Independent Pictures (WIP),49
,writer,West Video,49
f,actress,Cosmic Video,49
f,actress,Les Productions de la Guéville,49
m,writer,Les Films Alain Sarde,49
m,writer,Frederator Incorporated,49
f,actress,Filmayer Vídeo,49
m,writer,Regal Home Video,49
f,actress,Les Films de l'Atalante,48
f,actress,Penta Vídeo,48
f,actress,Nijenhuis & de Levita Film & TV B.V.,48
m,writer,Hollywood Pictures Home Video,48
f,actress,Tide Rock Entertainment,48
f,actress,Cineplex-Odeon Films,48
m,writer,Spark Worldwide,48
f,actress,Dereko Entertainment,48
,producer,Concorde-Castle Rock/Turner,48
m,cinematographer,Concorde Home Entertainment,48
f,actress,Multivideo,48
f,producer,Universal Studios Home Video,48
f,actress,Raspberry & Lavender,48
,producer,Channel 5 Video Distribution,48
,editor,Universal Studios Home Video,48
m,cinematographer,LK-TEL Vídeo,48
,editor,Westdeutscher Rundfunk (WDR),48
m,editor,Universal Studios Home Video,48
,writer,Studio DEEN,48
f,actress,The Czech Republic State Fund for Support and Development of Cinematography,48
f,actress,Code Entertainment,48
f,actress,Detaron Productions,48
,producer,Republic Pictures Home Video,48
m,director,Fox Video,48
m,director,Big Idea Productions,48
,cinematographer,Divisa Home Video,48
,producer,Contender Entertainment Group,48
m,director,Playboy Video Enterprises,48
,producer,Ministerio de Cultura,48
f,actress,Latitude 49 Production,48
m,editor,Columbia TriStar Films de España,48
,producer,Bodega Films,48
m,director,Flashstar Home Vídeo,48
f,actress,Académico de Torres Vedras (ATV),48
f,actress,Alliance Video,48
,producer,Fondo de Inversión y Estímulos al Cine (FIDECINE),48
m,producer,Cineplex Odeon Films,48
,producer,New Video,48
f,actress,Pyramide International,47
m,cinematographer,CIC Vídeo,47
,writer,Shemaroo Video Pvt. Ltd.,47
f,actress,Eco Filmes/Prisvideo,47
m,producer,Lizard Cinema Trade,47
f,actress,Wild Side Vidéo,47
f,actress,Adelson Entertainment,47
,editor,Concorde Home Entertainment,47
,writer,Touchstone Home Video,47
f,producer,Alliance Atlantis Home Video,47
f,actress,Music Video Distributors (MVD),47
,producer,Deutsche Filmförderfonds (DFFF),47
,composer,Independent Films,47
m,writer,Roadshow Entertainment Video,47
f,producer,Golden Village Entertainment,47
,editor,Golden Harvest Company,47
f,producer,Divisa Home Video,47
f,actress,Industrial Development Corporation of South Africa,47
,director,ARD Degeto Film,47
m,composer,Líder Films,47
f,editor,Odeon,47
,writer,Golden Scene,47
m,producer,C/FP Video,46
f,actress,Des Films,46
f,actress,Conseil Régional des Pays de la Loire,46
m,editor,Buena Vista International (Sweden),46
m,director,Alliance Atlantis Home Video,46
m,writer,Universe Laser & Video Co. Ltd.,46
m,writer,Cecchi Gori Home Video,46
,cinematographer,Buena Vista Home Video,46
,cinematographer,Golden Village Pictures,46
m,composer,Videosonic Arts,46
m,producer,"Films de l'Elysée, Les",46
,composer,Prorom Media-Trade,46
,producer,Alambique Destilaria de Ideias Unipessoal,46
,producer,Monarch Home Video,46
m,composer,Alliance Atlantis Home Video,46
f,writer,Independent Films,46
,director,Paramount Home Video,46
f,actress,Worldvision Home Video,46
,producer,Shemaroo Video Pvt. Ltd.,46
,writer,RaiTrade,46
,writer,Le Tax Shelter du Gouvernement Fédéral de Belgique,46
,producer,Malofilm Home Video,46
f,actress,Resnick Interactive Development,46
f,director,Columbia TriStar Home Video,46
,editor,CIC-Taft Home Video,46
m,cinematographer,MCA/Universal Home Video,46
f,actress,Eden,46
,editor,CIC Vídeo,46
f,actress,CanWest Western Independent Producers Fund,46
,producer,Cinematografica Distributori Indipendenti (CDI),46
,producer,Hollywood Pictures Home Video,46
m,producer,Sony Pictures Video,46
,cinematographer,Columbia TriStar Films de Argentina,46
f,actress,Lee Mendelson Film Productions,46
m,producer,Discovery Film & Video Distribution,46
,writer,Home Box Office Home Video (HBO),45
,director,Universidad Nacional Autónoma de México (UNAM),45
m,writer,Golden Scene,45
m,producer,Filmförderungsanstalt (FFA),45
m,director,Videosonic Arts,45
f,actress,DesperaDo,45
,cinematographer,Warner Home Vídeo,45
,producer,Fonds National de Soutien à la Production Audiovisuelle du Luxembourg,45
m,writer,CIC Video,45
f,actress,Underground,45
f,actress,Miramax Home Video,45
,composer,Divisa Home Video,45
f,actress,Video Collection International,45
f,actress,Craig Anderson Productions,45
f,actress,Universal Video,45
,composer,2 Entertain Video,45
,cinematographer,Golden Village Entertainment,45
m,producer,Instituto de la Cinematografía y de las Artes Audiovisuales (ICAA),45
,writer,Regal Home Video,44
,producer,TV4 Sweden,44
f,actress,Borde Releasing,44
,cinematographer,Westdeutscher Rundfunk (WDR),44
f,actress,Lauren Films Video Hogar S.A.,44
f,actress,Little Gaddesden Productions,44
,producer,Cannes Home Vídeo,44
m,producer,Les Films Alain Sarde,44
,producer,Cineplex Odeon Films,44
,editor,Líder Films,44
,producer,Instituto de Crédito Oficial (ICO),44
f,actress,Conquistador Worldwide Media,44
f,producer,Líder Films,44
,writer,LK-TEL Vídeo,44
f,actress,Golden Mean,44
f,producer,Touchstone Home Video,44
f,producer,CIC Vídeo,44
f,actress,European Video Distributors (EVD),44
f,actress,Hellbender Media,44
,producer,Blue Rider Pictures,44
,writer,Concorde Home Entertainment,44
m,editor,Independent Films,44
f,actress,High Fliers Video Distribution,44
f,actress,HBO Video,44
f,actress,De Smet Films,44
m,director,Golden Harvest Company,44
m,writer,Playboy Video Enterprises,44
f,actress,Serenade Films,44
f,actress,Théâtre Musical de Paris Châtelet,44
m,producer,Concorde-Castle Rock/Turner,43
f,actress,Independent Partners,43
f,actress,Outrider Pictures,43
,producer,Hart Sharp Video,43
f,actress,Concorde Pictures,43
f,actress,Ostdeutscher Rundfunk Brandenburg (ORB),43
f,actress,Sociedad Anónima del Vídeo (S.A.V.),43
m,producer,Prisvídeo - Edições Videográficas,43
,producer,Digital Entertainment (DEI),43
,writer,Video Film Express,43
m,composer,Fox Video,43
f,actress,Twister Digital Video,43
m,director,Tai Seng Video Marketing,43
,writer,Canadian Film or Video Production Tax Credit (CPTC),43
,writer,Tai Seng Video Marketing,43
m,producer,Hyde Park Entertainment,43
f,actress,Trident Releasing,43
f,actress,Casa Kafka Pictures Movie Tax Shelter Empowered by Dexia,43
,writer,Norddeutscher Rundfunk (NDR),43
,writer,20th Century Fox de Venezuela,43
m,director,Région Ile-de-France,43
m,writer,Sociedad General de Televisión (Sogetel),42
,editor,Universidad Nacional Autónoma de México (UNAM),42
f,actress,Avex Mode,42
f,actress,Promenade Pictures,42
f,actress,Ardent Productions,42
,producer,Spark Worldwide,42
f,producer,Videosonic Arts,42
f,actress,Hidden Staircase,42
f,actress,Skrik Horror Video,42
,editor,Independent Television (ITV),42
,producer,Pehade Beheer BV (BBI),42
,producer,TV5 Monde,42
m,director,Deltamac Entertainment,42
f,actress,Filmprodukties de Luwte,42
f,actress,Thunderbird Films,42
,editor,Der KurzFilmVerleih,42
f,actress,Département de la Charente,42
f,director,Odeon,42
,producer,Independent Film Channel (IFC),42
f,actress,Outsider Pictures,42
f,director,Centre National de la Cinématographie (CNC),42
f,actress,USA Home Video,42
,composer,Golden Films,42
f,actress,Made To Love Productions,42
f,actress,CBS/Fox Home Video,42
,writer,Palisades Tartan,42
f,actress,Kinderfilm,42
m,director,Líder Films,41
f,actress,The Canada Manitoba Cultural Industries Development Office (CIDO),41
f,actress,Soyuz Video,41
m,writer,Universal Pictures Video,41
f,actress,The Department of Trade and Industry of South Africa,41
m,producer,Mandeville Films,41
,writer,DeA Planeta Home Entertainment,41
m,producer,Cannes Home Vídeo,41
,editor,Flashstar Home Vídeo,41
f,actress,HandMade Films,41
,producer,Palisades-Tartan Acquisitions,41
f,actress,Le Fresnoy Studio National des Arts Contemporains,41
,producer,Odeon Film,41
f,actress,Wanda Distribución Cinematográfica de Films S.A.,41
,director,Studio DEEN,41
f,actress,Dandelion,41
f,writer,Buena Vista International (Sweden),41
m,producer,Manga Video,41
m,writer,Spentzos Film Home Video,41
,cinematographer,20th Century Fox de Argentina,41
m,composer,DeA Planeta Home Entertainment,41
,producer,MHF Zweite Academy Film,41
,director,Toei Video Company,41
m,producer,Gaumont/Columbia TriStar Home Video (GCTHV),41
f,actress,Finnkino Video,40
m,writer,Highlight Video,40
m,cinematographer,Golden Village Pictures,40
f,actress,Media Design Imaging,40
f,actress,Comarex S.A. de C.V.',40
,editor,Buena Vista International (Sweden),40
m,producer,Recorded Picture Company (RPC),40
m,producer,Medienboard Berlin-Brandenburg,40
f,actress,Video Service Corporation,40
,producer,Rundfunk Berlin-Brandenburg (RBB),40
,editor,Cine-Clube de Avanca,40
m,director,Palisades Tartan,40
,director,Manga Video,40
,producer,Arcade Movie Company,40
m,composer,Golden Scene,40
f,actress,Studio Babelsberg Independents,40
m,writer,Krause & Schneider Multimedia (KSM),40
,producer,C/FP Video,40
,writer,Arbeitsgemeinschaft der öffentlich-rechtlichen Rundfunkanstalten der Bundesrepublik Deutschland (ARD),40
m,producer,Cinema Trade,40
,producer,Hemdale Home Video,40
f,actress,Sabella Dern Entertainment,40
,editor,Columbia TriStar Warner Filmes de Portugal,40
f,actress,Rede Globo de Televisão,40
f,actress,Alliance Atlantis Video,40
,writer,Programme MEDIA de la Communauté Européenne,40
f,actress,Matt Poidevin Pictures,40
,writer,Televisión Federal (Telefe),40
,producer,CIC Video,40
,producer,Nickelodeon Animation Studios,39
,cinematographer,Instituto Nacional de Cine y Artes Audiovisuales (INCAA),39
,composer,Intercontinental Video,39
m,writer,Norddeutscher Rundfunk (NDR),39
m,producer,Golden Village,39
f,actress,Legend Video,39
m,producer,Crystal Sky Worldwide,39
,producer,Studio DEEN,39
m,producer,VideoFilmes,39
m,producer,Lider Films,39
m,producer,Arcade Movie Company,39
f,writer,New Line Home Video,39
f,actress,Cogeco Program Development Fund,39
m,director,Pyramide Distribution,39
m,composer,PolyGram Video,39
m,director,Entertainment in Video,39
,producer,Département de la Charente,39
m,writer,Digital Entertainment (DEI),39
,producer,Viva Video,39
f,producer,Home Video Hellas (HVH),39
,director,Télévision Suisse-Romande (TSR),39
m,producer,Ascot Video,39
,writer,Independent Television (ITV),39
,producer,Fondo para la Producción Cinematográfica de Calidad (FOPROCINE),39
,editor,Dentsu,39
f,actress,Thunder Road Pictures,39
,writer,Cine-Clube de Avanca,39
m,cinematographer,Golden Scene,39
f,actress,Winson Video,39
m,cinematographer,Video Sound,39
m,cinematographer,Columbia TriStar Warner Filmes de Portugal,39
m,producer,MCA Home Video,39
m,producer,Dimension Home Video,39
,producer,Ekaterinburg Art Home Video (EAHV),39
m,editor,Golden Scene,39
,producer,Lux Vide,39
m,composer,Big Idea Productions,39
m,writer,MTI Home Video,39
f,actress,American Independent Productions,38
m,producer,Autour de Minuit Productions,38
m,producer,Télévision Suisse-Romande (TSR),38
m,cinematographer,Líder Films,38
,director,Instituto Cubano del Arte e Industrias Cinematográficos (ICAIC),38
m,producer,MDP Worldwide,38
m,director,Prooptiki Video,38
m,producer,La Fabrique de Films,38
,producer,Concorde Video,38
f,actress,"Gillder Frontier, The",38
,composer,Sony Wonder,38
,writer,Videocine,38
f,actress,Ontario Media Development Corporation (OMDC),38
,cinematographer,Arbeitsgemeinschaft der öffentlich-rechtlichen Rundfunkanstalten der Bundesrepublik Deutschland (ARD),38
f,actress,Montevideo Ltd.,38
f,actress,Ministère Libanais de la Culture,38
f,actress,Les Films de Beyrouth,38
m,writer,Televisió de Catalunya (TV3),38
,director,Centro Cultural del Cine,38
m,composer,Golden Village Entertainment,38
m,cinematographer,Alliance Atlantis Home Video,38
m,writer,Barnet Brookside,38
,writer,Universidad Nacional Autónoma de México (UNAM),38
f,actress,Stampede Entertainment,38
m,editor,Alliance Atlantis Home Video,38
,writer,Cascade Film,38
m,producer,Live Home Video,38
m,producer,Longride,38
,composer,PolyGram Video,38
f,actress,Nordisk Film Video,37
f,actress,Nederlands Film Instituut,37
m,director,Cascade Film,37
f,actress,Euripide Productions,37
m,composer,Flashstar Home Vídeo,37
,producer,Video Treasures,37
,producer,Valentim de Carvalho Multimédia,37
,editor,Programme MEDIA de la Communauté Européenne,37
f,editor,Columbia TriStar Home Video,37
,producer,Discovery Film & Video Distribution,37
m,director,Home Box Office Home Video (HBO),37
f,actress,Detour Filmproduction,37
f,producer,Buena Vista International (Sweden),37
,producer,Renegade Animation,37
f,actress,Saban Video,37
,producer,Gaumont/Columbia TriStar Home Video (GCTHV),37
m,composer,Westdeutscher Rundfunk (WDR),37
f,actress,Tracey Alexander Productions,37
f,actress,Golden Harvest Pictures (China),37
m,writer,"Films de l'Elysée, Les",37
,writer,Prisvídeo,37
m,writer,Roadside Attractions,37
,producer,BBC Worldwide,37
,director,Westdeutscher Rundfunk (WDR),37
,producer,Palisades Pictures,37
m,composer,Golden Harvest Company,37
,producer,Worldwide Entertainment Group (WEG),36
f,actress,Wild Side Films,36
,writer,DENTSU Music And Entertainment,36
,cinematographer,Universidade Federal de Minas Gerais,36
m,producer,Tandem Communications,36
,writer,Centro Cultural del Cine,36
f,actress,Burnside Entertainment,36
f,actress,Wonderboy Entertainment,36
,writer,Paris Vídeo,36
m,producer,Norddeutscher Rundfunk (NDR),36
,producer,Ministère de la Culture et de la Communication,36
,director,Ecole Supérieure des Métiers Artistiques (ESMA),36
,producer,Playboy Video Enterprises,36
m,producer,Vídeo Arte,36
,producer,Plus Video,36
m,director,PolyGram Video,36
f,actress,Metropolitan Film & Video,36
m,producer,Bona Fide Productions,36
m,writer,Videocine,36
m,cinematographer,Universal Studios Home Video,36
,producer,The Department of Trade and Industry of South Africa,36
,producer,Golden Book Video,36
f,actress,Aditya Video,36
,producer,Pathfinder Pictures,36
f,actress,ETD Home Video,36
m,editor,CIC Vídeo,36
m,director,Westdeutscher Rundfunk (WDR),36
f,actress,Force Video,36
f,producer,CIC-Taft Home Video,36
f,actress,Indipendenti Regionali,36
f,actress,De Warrenne Pictures,36
m,editor,Touchstone Home Video,36
,producer,Film Afrika Worldwide,36
m,producer,Asia Video Publishing Co. Ltd.,35
f,actress,iDeal Partners Film Fund,35
,composer,Instituto Nacional de Cine y Artes Audiovisuales (INCAA),35
f,editor,Transeuropa Video Entertainment (TVE),35
,editor,DeA Planeta Home Entertainment,35
f,actress,Celebrity Video Distribution,35
m,writer,Independent Television (ITV),35
f,actress,World Wide Cinema,35
,producer,Epidem,35
f,actress,La Communauté Urbaine de Strasbourg,35
f,actress,"Cinema Design, Belgrade",35
m,writer,La Fabrique de Films,35
,director,Divisa Home Video,35
m,producer,Michael De Luca Productions,35
f,actress,"De Mann Entertainment Company, The",35
f,actress,Salt City Home Video,35
m,composer,Prooptiki Video,35
f,actress,Deal,35
f,writer,EuroVideo,35
,writer,Prooptiki Video,35
f,actress,Brøderbund Software,35
,cinematographer,Flashstar Home Vídeo,35
m,producer,Primer Plano Film Group Video,35
,producer,HandMade Films,35
,composer,Home Video Hellas (HVH),35
m,writer,Republic Pictures Home Video,35
m,producer,Frederator Incorporated,35
f,actress,Wiedemann & Berg Filmproduktion,35
f,actress,Home Made Movies,35
f,actress,Les Films à Fleur de Peau,35
,composer,Golden Village Entertainment,35
m,composer,Nickelodeon Network,35
f,actress,Videal GmbH,35
m,writer,ARD Degeto Film,35
m,cinematographer,Touchstone Home Video,35
f,actress,Groupement National des Cinémas de Recherche (GNCR),35
f,actress,Mitteldeutsches Filmkontor (MDF),34
f,actress,Tradewind Pictures,34
m,editor,CIC-Taft Home Video,34
,editor,Home Box Office Home Video (HBO),34
m,director,Frederator Incorporated,34
m,editor,MCA/Universal Home Video,34
f,actress,Bombino Video Pvt. Ltd.,34
f,actress,WunderWerk,34
f,composer,Argentina Video Home,34
f,actress,Centre National du Cinéma et de L'image Animée (CNC),34
f,producer,Roadside Attractions,34
m,writer,Video Audio Project (VAP),34
m,director,West Video,34
,editor,Région Ile-de-France,34
f,actress,Golden Screen Cinemas,34
,cinematographer,Concorde Filmverleih,34
,cinematographer,Prorom Media-Trade,34
f,actress,Televisa S.A. de C.V.,34
m,writer,Cineplex Odeon Films,34
m,writer,Canadian Film or Video Production Tax Credit (CPTC),34
f,actress,Renegade Pictures (II),34
f,actress,Zeroinside Films,34
f,actress,Endemol Deutschland,34
,producer,Viz Video,34
,composer,Norddeutscher Rundfunk (NDR),34
,producer,Delta Pictures,34
f,actress,Delphis Films,34
,producer,Alamode Film,34
f,actress,Tartan Video USA,34
,producer,Prem'er Video Fil'm,34
f,actress,Vestron Video,34
f,actress,Sergeant Cheerleader Productions,34
m,cinematographer,DeA Planeta Home Entertainment,34
m,cinematographer,Buena Vista International (Sweden),34
,producer,Live Home Video,34
f,actress,Nickelodeon/MTV Networks,34
m,producer,Troma Team Video,34
m,writer,Instituto de la Cinematografía y de las Artes Audiovisuales (ICAA),34
f,actress,China Film Media Asia Audio Video Distribution Co.,34
f,producer,Concorde Home Entertainment,34
f,actress,Nova Scotia Film Development Corporation,34
m,writer,Filmladen,34
m,writer,Transmundo Home Video (THV),34
m,producer,GoodTimes Home Video,34
m,writer,New Video,34
m,cinematographer,Prooptiki Video,33
f,actress,Videoflims,33
m,producer,Der KurzFilmVerleih,33
m,producer,Ministerio de Cultura,33
,composer,Dentsu,33
f,actress,Towa Video,33
f,actress,Meteor Home Video,33
m,producer,Viva Video,33
m,writer,Toei Video Company,33
m,producer,Video Audio Project (VAP),33
m,producer,Republic Pictures Home Video,33
f,actress,Heavy Melody Music and Sound Design,33
f,writer,Prorom Media-Trade,33
m,cinematographer,Videosonic Arts,33
f,director,Transeuropa Video Entertainment (TVE),33
m,composer,Paris Vídeo,33
m,producer,Digital Entertainment (DEI),33
m,cinematographer,Entertainment in Video,33
,writer,Entertainment in Video,33
,editor,Kino Video,33
,producer,Centro de Capacitación Cinematográfica (CCC),33
f,actress,Der KurzFilmVerleih,33
,composer,Concorde Filmverleih,33
f,actress,Golden Gate Pictures (II),33
f,actress,Red Light District Video,33
f,actress,RCA/Columbia-Hoyts Home Video,33
f,actress,Videocolor,33
f,writer,Concorde Home Entertainment,33
m,composer,Cascade Film,33
f,actress,Cinema Products Video,33
m,writer,Shemaroo Video Pvt. Ltd.,33
f,actress,LNK Video,33
f,actress,Gobierno del Estado de Veracruz,33
f,actress,Deutsche Film (DEFA),33
f,actress,Société Générale des Industries Culturelles du Québec (SOGIC),33
f,actress,York Home Video,33
f,actress,Amuse Video,33
,editor,Videocine,33
,producer,Dean River Productions,33
f,actress,Golden Gate Entertainment,33
,director,Transeuropa Video Entertainment (TVE),32
,director,CodEye,32
m,producer,Alliance Home Video,32
f,actress,Thunderbolt Productions,32
m,editor,Prooptiki Video,32
m,composer,Playboy Video Enterprises,32
,producer,Budderfly Productions,32
m,composer,Pyramide Distribution,32
m,director,Paris Vídeo,32
f,actress,Dead Gentlemen Productions,32
f,actress,Cinema de Bizarre,32
m,director,Videocine,32
m,writer,Der KurzFilmVerleih,32
,producer,Transmundo Home Video (THV),32
,cinematographer,Universidad Nacional Autónoma de México (UNAM),32
f,writer,Columbia TriStar Films de España,32
f,actress,De Volkskrant,32
f,actress,Secretaria de Turismo,32
f,actress,New Volga Videos,32
f,actress,Devin Entertainment,32
m,composer,Entertainment in Video,32
f,actress,Paramount Pictures Home Video,32
m,director,Regal Home Video,32
,editor,Playboy Video Enterprises,32
,producer,Kasander Film Company,32
,writer,Roadshow Entertainment Video,32
,cinematographer,Dentsu,32
f,actress,Gobierno del Estado de Coahuila,32
,writer,Sociedad General de Derechos Audiovisuales (SOGEDASA),32
f,producer,DeA Planeta Home Entertainment,32
f,actress,Aldea Films,32
f,actress,Turner Pictures Worldwide,32
f,actress,Amazon Instant Video,32
f,actress,Desperate Visions Productions,32
f,actress,Made in Amman Productions,32
,cinematographer,Kino Video,32
m,writer,Kino Video,32
f,actress,Dean River Productions,32
m,writer,Televisión Federal (Telefe),32
m,editor,Fox Video,32
f,actress,Videx International,32
m,cinematographer,Fox Video,32
,editor,Centro Cultural del Cine,32
,composer,Toei Video Company,32
,writer,Fox Video,32
,writer,Spark Worldwide,32
,producer,CodEye,32
,composer,Golden Harvest Company,32
m,writer,Cinema Trade,32
f,actress,Esselte Video,32
,writer,CodEye,32
,editor,Arbeitsgemeinschaft der öffentlich-rechtlichen Rundfunkanstalten der Bundesrepublik Deutschland (ARD),32
f,actress,Underground Railroad Company,32
,producer,Pyramide Productions,32
,producer,Mitteldeutsche Medienförderung (MDM),32
,producer,London Film Academy,32
,producer,Edel Media & Entertainment,32
m,composer,Home Box Office Home Video (HBO),32
,producer,ICF Institut Català de Finances,32
m,director,Det Danske Filminstitut,32
f,producer,MCA/Universal Home Video,32
m,producer,Plus Video,31
m,director,Universe Laser & Video Co. Ltd.,31
f,writer,Universal Home Video,31
,producer,Citadel Entertainment,31
m,writer,Manga Video,31
m,director,ARD Degeto Film,31
,editor,Toei Video Company,31
m,producer,Arbeitsgemeinschaft der öffentlich-rechtlichen Rundfunkanstalten der Bundesrepublik Deutschland (ARD),31
f,actress,Bundesministerium des Inneren (BMI),31
m,writer,Concorde-Castle Rock/Turner,31
,producer,Autour de Minuit Productions,31
f,actress,Metal Blade Records,31
,editor,Video Film Express,31
m,writer,Warner Independent Pictures (WIP),31
f,actress,Warner Home Video France,31
,cinematographer,Centro Cultural del Cine,31
,editor,Le Tax Shelter du Gouvernement Fédéral de Belgique,31
f,actress,Videotrónica,31
f,actress,Hi-Tops Video,31
,editor,Pyramide Distribution,31
f,actress,Arrow Video,31
m,cinematographer,Golden Harvest Company,31
m,producer,Concorde Video,31
m,editor,Home Video Hellas (HVH),31
m,director,Instituto Nacional de Cine y Artes Audiovisuales (INCAA),31
m,writer,Instituto Cubano del Arte e Industrias Cinematográficos (ICAIC),31
m,writer,BMG Video,31
,editor,Norddeutscher Rundfunk (NDR),31
f,actress,Regent Worldwide Sales,31
m,director,Programme MEDIA de la Communauté Européenne,31
f,actress,Département des Alpes-Maritimes,31
m,composer,West Video,31
f,actress,C-sales Arthouse Video,31
,composer,Arbeitsgemeinschaft der öffentlich-rechtlichen Rundfunkanstalten der Bundesrepublik Deutschland (ARD),31
,cinematographer,Independent Films,31
m,producer,Alamode Film,31
,producer,Filmförderung Hamburg,31
f,actress,United American Video,31
f,actress,Massive Development,31
,cinematographer,Intercontinental Video,31
m,director,Manga Video,31
f,producer,LK-TEL Vídeo,31
f,producer,Prooptiki Video,31
,cinematographer,Golden Scene,31
,composer,20th Century Fox de Argentina,31
,cinematographer,Golden Harvest Company,31
m,writer,Wide Pictures,31
,composer,Nickelodeon Network,31
m,editor,Big Idea Productions,31
,director,Channel 5 Video Distribution,31
,producer,Dimension Home Video,31
f,producer,Video Sound,31
,writer,CIC-Taft Home Video,31
m,producer,Concorde Film,31
m,composer,Digital Entertainment (DEI),30
,writer,Autour de Minuit Productions,30
f,actress,Alexander/Enright & Associates,30
m,editor,Divisa Home Video,30
f,actress,Deepa Mehta Films,30
,producer,Kinderkanal,30
m,writer,Videorama,30
f,actress,21st Century Video,30
,editor,Digital Entertainment (DEI),30
f,actress,Wonderworld Studios,30
m,producer,Trimark Home Video,30
,producer,Generalitat de Catalunya - Institut Català de les Indústries Culturals (ICIC),30
m,producer,Generalitat de Catalunya - Institut Català de les Indústries Culturals (ICIC),30
m,writer,Destination Films,30
f,actress,The Grade Company,30
,composer,Palisades Tartan,30
f,actress,Winstar TV & Video,30
f,actress,"Grade Company, The",30
f,actress,Modern Tribe Communications,30
f,actress,Taylor-Made Productions,30
m,writer,Walden Media,30
f,actress,ABC Family Worldwide,30
f,actress,Adelphia Films,30
f,actress,Odeon Entertainment,30
m,director,Dentsu,30
,cinematographer,Digital Entertainment (DEI),30
f,actress,Tidepoint Pictures,30
,producer,Asian Video Wholesalers,30
,writer,Mitteldeutscher Rundfunk (MDR),30
f,actress,"Alberta Film Development Program of the Alberta Foundation for the Arts, The",30
m,producer,Surrender Cinema,30
f,actress,Filmes de Fundo,30
f,actress,Société Générale de Gestion Cinématographique (SGGC),30
f,actress,Delhi Dot Com,30
,producer,"Gillder Frontier, The",30
f,actress,Ministère de la Communauté Française de Belgique,30
f,actress,Simitar Video,30
,cinematographer,Palisades Tartan,30
,editor,Touchstone Home Video,30
m,writer,Tartan Video,30
f,actress,Made in PM,30
m,writer,Delux Productions,30
,editor,Palisades Tartan,30
f,actress,Belvedere Entertainment,30
f,actress,Mirabai Films Delhi,30
m,editor,EuroVideo,30
f,producer,Pyramide Distribution,30
f,actress,Sundance Independent Film Channel,30
,cinematographer,Regal Home Video,30
m,writer,Troma Team Video,30
m,cinematographer,Golden Village Entertainment,30
,producer,Frederator Incorporated,30
,editor,PolyGram Video,30
m,cinematographer,PlayArte Home Vídeo,30
,producer,Delphi Filmverleih Produktion,30
f,actress,Video Medien Pool (VMP) GmbH,30
f,actress,Wide Sight Entertainment Limited,30
f,actress,120 Degree Films,29
m,editor,Intercontinental Video,29
m,editor,Golden Village Pictures,29
,cinematographer,Norddeutscher Rundfunk (NDR),29
f,actress,Ivory Music & Video,29
m,director,Norddeutscher Rundfunk (NDR),29
,composer,Wolfe Video,29
,editor,MTI Home Video,29
f,actress,Cinétudes Films,29
f,actress,Virgin Suicides LLC,29
,producer,A&E Home Video,29
m,writer,E.I. Independent Cinema,29
m,writer,Arbeitsgemeinschaft der öffentlich-rechtlichen Rundfunkanstalten der Bundesrepublik Deutschland (ARD),29
m,composer,PlayArte Home Vídeo,29
,composer,New Line Home Video,29
m,director,Filmförderungsanstalt (FFA),29
m,director,PlayArte Home Vídeo,29
,producer,Mti Home Video,29
m,editor,Columbia TriStar Warner Filmes de Portugal,29
m,director,Hollywood Pictures Home Video,29
m,writer,Sony Pictures Video,29
,cinematographer,Télévision Suisse-Romande (TSR),29
,producer,Nederlands Fonds voor de Film,29
,producer,Les Films de l'Arlequin,29
m,editor,Prorom Media-Trade,29
f,actress,S.V. Murder Mystery Movies Inc.,29
,writer,Région Ile-de-France,29
m,producer,Degeto Film,29
m,director,Televisió de Catalunya (TV3),29
m,producer,Andes Films,29
,composer,Digital Entertainment (DEI),29
m,director,Video Film Express,29
m,producer,Monarch Home Video,29
f,actress,Esselte CIC Video,29
f,actress,Film Threat Video,29
,writer,Pyramide Distribution,29
,editor,Universe Laser & Video Co. Ltd.,29
m,producer,E.I. Independent Cinema,29
,producer,Codeblack Entertainment,29
m,composer,Région Ile-de-France,29
,editor,Televisió de Catalunya (TV3),29
,writer,Filmförderungsanstalt (FFA),29
f,actress,Le Club des Investisseurs,29
,editor,Alliance Atlantis Home Video,29
f,actress,Academy Pictures,29
m,producer,Nea Kinisi Video,29
,producer,WonderPhil Productions,29
f,actress,Digital Video Dreams,29
m,writer,DENTSU Music And Entertainment,29
f,actress,Shocking Videos,28
m,producer,Concorde-New Horizons,28
m,writer,Filmakademie Baden-Württemberg,28
f,actress,Rodeo Drive,28
m,producer,Codeblack Entertainment,28
f,actress,Kinderkanal,28
,editor,Prooptiki Video,28
m,cinematographer,PolyGram Video,28
,producer,Centre du Cinéma et de l'Audiovisuel de la Communauté Française de Belgique,28
,composer,Universe Laser & Video Co. Ltd.,28
,producer,Lider Films,28
,editor,Televisión Federal (Telefe),28
m,producer,Creativos Asociados de Radio y Televisión (CARTEL),28
f,actress,Thought Collide Productions,28
f,producer,Independent Television (ITV),28
f,producer,Intercontinental Video,28
f,actress,Finely Made Films & Entertainment,28
m,writer,Gaumont/Columbia TriStar Home Video (GCTHV),28
f,actress,Dexia,28
f,producer,Entertainment in Video,28
f,actress,Video Pictures,28
,writer,Asia Video Publishing Co. Ltd.,28
m,writer,Andes Films,28
,writer,Spentzos Film Home Video,28
f,actress,Miramar Home Vídeo,28
f,actress,Sarabande Productions,28
f,actress,Conseil Général de la Seine-Saint-Denis,28
,composer,Flashstar Home Vídeo,28
f,actress,Tenderlee Motion Pictures Company,28
,director,Odeon,28
,cinematographer,Pyramide Distribution,28
f,actress,Transvídeo,28
m,editor,Entertainment in Video,28
m,producer,Leader Music,28
,director,Instituto Nacional de Cine y Artes Audiovisuales (INCAA),28
f,actress,Hellas Video,28
,producer,"Ontario Film Development Corporation, The",28
,producer,Thunderbird Films,28
f,actress,Fonds Images de la Diversité,28
m,editor,Concorde Home Entertainment,28
f,actress,Pandemonium,28
,producer,Promenade Pictures,28
,producer,Office Fédéral de la Culture,28
,writer,Nederlandse Programma Stichting (NPS),28
f,actress,Nickelodeon Studios,28
,editor,Det Danske Filminstitut,28
m,director,Le Tax Shelter du Gouvernement Fédéral de Belgique,28
f,actress,Hollywood Video,28
f,actress,e·Sence® - digital department,28
,producer,Concorde Film,28
m,writer,Medienboard Berlin-Brandenburg,28
,producer,Filmtrade,28
,editor,Autour de Minuit Productions,28
,cinematographer,Deltamac Entertainment,28
m,cinematographer,Paris Vídeo,28
,cinematographer,Universal Home Video,27
f,actress,Latitude Films,27
f,actress,Brilliant Idea Group (BIG),27
f,actress,Village Roadshow Pictures Worldwide,27
,director,EuroVideo,27
m,producer,Depth of Field,27
f,writer,Touchstone Home Video,27
,writer,Asian Video Wholesalers,27
,director,Columbia TriStar Films de Argentina,27
,director,Autour de Minuit Productions,27
f,actress,Escola Superior de Teatro e Cinema (ESTC),27
,director,Universe Laser & Video Co. Ltd.,27
f,actress,Casa de Cinema de Porto Alegre,27
,producer,Twin Video,27
f,actress,SM Development Corporation (SMDC),27
m,editor,Instituto Mexicano de Cinematografía (IMCINE),27
,producer,Hyde Park Entertainment,27
,writer,Kinderfilm,27
,writer,Digital Video Dreams,27
,producer,Outrider Pictures,27
m,composer,Spark Worldwide,27
m,producer,Cineplex-Odeon Home Video,27
m,producer,Cine Video y TV,27
f,actress,Nederlandse Omroepstichting (NOS),27
m,director,Spentzos Film Home Video,27
,editor,Télévision Suisse-Romande (TSR),27
,composer,Deltamac Entertainment,27
f,actress,Videa,27
,editor,Canadian Film or Video Production Tax Credit (CPTC),27
,composer,Cine-Clube de Avanca,27
f,actress,Collective Development,27
f,director,Paramount Home Video,27
f,actress,J:COM On Demand,27
,director,Golden Village Pictures,27
m,producer,Big Idea Productions,27
f,actress,Demented Features,27
m,writer,Arcade Movie Company,27
,editor,Video Audio Project (VAP),27
,director,Working Designs,27
f,producer,West Video,27
f,actress,"Dama de Shanghai, La",27
m,writer,Lider Films,27
,producer,Broadway Video,27
,writer,Anderson Digital,27
m,writer,Filmax Home Video,27
m,producer,Barnet Brookside,27
m,writer,Buena Vista International (Denmark),27
f,actress,Covent Garden Pioneer FSP,27
,cinematographer,Wolfe Video,27
m,cinematographer,Intercontinental Video,27
,writer,PlayArte Home Vídeo,27
f,producer,Cine Video y TV,26
f,actress,Eurowide Film Production,26
,editor,PlayArte Home Vídeo,26
,writer,Kino Video,26
,producer,Leader Music,26
,producer,Des Films,26
m,producer,Toei Video Company,26
,writer,Cineplex Odeon Films,26
,writer,Malofilm Home Video,26
,cinematographer,Independent Television (ITV),26
f,actress,Jade Films and Entertainment,26
f,actress,Xunta de Galicia,26
,producer,Video Palace House of Distribution,26
m,writer,Televicine S.A. de C.V.,26
,editor,Wolfe Video,26
f,actress,New Macedonian Video,26
,producer,Videx International,26
m,producer,Media Design Imaging,26
m,writer,MCA Home Video,26
f,actress,De Palacio Films,26
f,actress,Chiragdeep International,26
f,actress,Media Development Authority (MDA),26
m,director,La Fabrique de Films,26
m,director,CIC Video,26
f,actress,McFadden Family Films,26
,writer,Wolfe Video,26
m,composer,Roadshow Entertainment Video,26
,editor,Spentzos Film Home Video,26
m,producer,Pehade Beheer BV (BBI),26
m,producer,Sony Pictures Worldwide Acquisitions (SPWA),26
,producer,Primer Plano Film Group Video,26
m,composer,Le Tax Shelter du Gouvernement Fédéral de Belgique,26
m,composer,Instituto Nacional de Cine y Artes Audiovisuales (INCAA),26
m,producer,Hart Sharp Video,26
f,actress,Ide Productions,26
m,producer,Metrodome Video Ltd.,26
m,composer,Palisades Tartan,26
f,actress,Golden Films,26
,writer,Random House Home Video,26
,editor,Atelier de Production de la Cambre ASBL,26
,writer,Alliance Atlantis Home Video,26
f,actress,TV5Monde,26
f,actress,BBC Video,26
,producer,Le Fresnoy Studio National des Arts Contemporains,26
m,producer,CNR Film & Video,26
m,composer,Video Audio Project (VAP),26
,producer,WunderWerk,26
m,producer,Tartan Video,26
,composer,Televisión Federal (Telefe),26
m,producer,Ministère de la Culture et de la Communication,26
m,producer,20th Century Fox Film de Mexico,26
,director,Ecole Nationale Supérieure des Arts Décoratifs (ENSAD),26
,composer,New Macedonian Video,26
m,producer,Filmakademie Baden-Württemberg,26
f,writer,Intercontinental Video,26
f,actress,Les Films de l'Etang,26
f,producer,Westdeutscher Rundfunk (WDR),26
,producer,Hi-Tops Video,26
,editor,Deltamac Entertainment,26
f,editor,Concorde Filmverleih,25
,writer,Buena Vista International (Denmark),25
f,actress,Productions Desmichelles,25
f,actress,Samarkanda Cine-Vídeo S.L.,25
,composer,Canadian Film or Video Production Tax Credit (CPTC),25
f,actress,Arcade,25
,producer,MMC Independent,25
f,producer,Zweites Deutsches Fernsehen (ZDF),25
,producer,Andes Films,25
m,producer,Cinematografica Distributori Indipendenti (CDI),25
f,actress,Videomax,25
f,actress,Sudden Motion Productions,25
f,actress,Les Productions de la Géode,25
f,editor,Warner Home Vídeo,25
f,actress,Rebellion Developments Ltd.,25
f,actress,Comme des Cinémas,25
m,composer,Filmförderungsanstalt (FFA),25
m,writer,Broadway Video,25
f,actress,Xanadeux Company,25
m,producer,Contender Entertainment Group,25
,producer,Tai Seng Video Marketing,25
m,composer,Video Film Express,25
,writer,BOB Film Sweden AB,25
f,actress,Code Productions,25
m,director,Cecchi Gori Home Video,25
,producer,Warner Bros. Home Video,25
f,actress,Underdog Productions,25
f,actress,Bride Productions,25
,editor,Nickelodeon Network,25
,director,Universal Home Video,25
,writer,Opéra National de Paris,25
m,writer,Dendy Films,25
,writer,MTI Home Video,25
m,producer,Kasander Film Company,25
,writer,Centro de Capacitación Cinematográfica (CCC),25
m,cinematographer,Instituto Mexicano de Cinematografía (IMCINE),25
m,producer,Schröder Media,25
f,producer,Destination Films,25
f,actress,Latitude Media,25
,producer,SF Video,25
f,cinematographer,Gativideo,25
,writer,Neue Deutsche Filmgesellschaft (NDF),25
f,actress,Video Company,25
,producer,BenderSpink,25
,producer,First Independent Pictures,25
m,cinematographer,Pyramide Distribution,25
m,writer,Vendetta Films,25
f,actress,Dee Gee Entertainment,25
m,producer,Videocine S.A. de C.V.,25
m,producer,América Vídeo,25
f,actress,Sony Music Video (SMV) Enterprises,25
,producer,Universidad Nacional Autónoma de México (UNAM),25
f,producer,Fox Video,25
f,actress,Carolina Torn Asunder Inc.,25
f,actress,Région Nord-Pas-de-Calais,25
f,actress,Delta Films,25
f,actress,CIC Video Australia,25
f,actress,Nova Home Video,25
f,actress,Bill Melendez Productions,25
m,composer,Der KurzFilmVerleih,25
f,composer,Gativideo,24
f,actress,Empire Video,24
f,actress,UFA Video,24
,cinematographer,Concorde Home Entertainment,24
f,actress,Wide Management,24
,producer,Wild Side Vidéo,24
f,actress,J.J. Sedelmaier Productions,24
,producer,Wayfinder Films,24
m,producer,Odeon Films,24
f,actress,PolyGram Home Video,24
m,director,Canadian Film or Video Production Tax Credit (CPTC),24
f,actress,Penthouse Video,24
m,producer,SF Video,24
,cinematographer,Autour de Minuit Productions,24
m,director,Kino Video,24
f,actress,Odessa Film Studios,24
,producer,Crystal Sky Worldwide,24
f,actress,New York Film Academy at Universal Studios,24
,composer,Pyramide Distribution,24
m,director,Roadside Attractions,24
,writer,Nickelodeon Movies,24
m,composer,Programme MEDIA de la Communauté Européenne,24
,producer,Video Vision Entertainment,24
m,writer,Recorded Picture Company (RPC),24
,director,"Gobelins, l'Ecole de l'Image",24
m,producer,Spark Worldwide,24
f,actress,Device,24
,writer,Cannes Home Vídeo,24
m,producer,Alambique Destilaria de Ideias Unipessoal,24
f,actress,Fonds Film in Vlaanderen,24
m,composer,Nickelodeon Movies,24
m,writer,Viva Video,24
f,actress,Arco del Triunfo,24
,writer,Video Planning,24
f,writer,Golden Village Pictures,24
m,producer,RCA/Columbia Pictures Home Video,24
f,actress,CNR Video,24
,producer,Kinderfilm,24
f,actress,Dino De Laurentiis Company,24
,producer,Tidepoint Pictures,24
m,producer,ICF Institut Català de Finances,24
,editor,Fox Video,24
m,producer,Nederlandse Programma Stichting (NPS),24
f,actress,MGM/UA Home Video,24
m,writer,Videlectrix,24
,editor,Regal Home Video,24
,producer,Alberta Film Development Program of the Alberta Government,24
m,director,New Video,24
,writer,Vendetta Films,24
f,actress,Carousel Films and Video (CARSEL),24
f,actress,New Video Group,24
,cinematographer,PolyGram Video,24
m,writer,Concorde Video,24
f,actress,Cinema Delicatessen,24
,director,Videosonic Arts,24
,writer,Cinema Trade,24
m,writer,Creativos Asociados de Radio y Televisión (CARTEL),24
m,editor,Videosonic Arts,24
,producer,Filmboard Berlin-Brandenburg (FBB),24
f,actress,Dead Fiancée Productions,24
,cinematographer,New Line Home Video,24
m,cinematographer,CIC Video,24
,producer,Depth of Field,24
f,producer,Deltamac Entertainment,24
,producer,Mega Star Video Distribution,24
,composer,Prisvídeo,24
m,director,Krause & Schneider Multimedia (KSM),24
f,actress,Nintendo Entertainment Analysis and Development (EAD) (I),24
m,editor,Cascade Film,24
,editor,Degeto Film,24
m,producer,Malofilm Home Video,24
,director,Deltamac Entertainment,24
,producer,Ardent Productions,24
,producer,Alliance Home Video,24
f,producer,Cascade Film,24
m,director,Vendetta Films,24
f,actress,Cine-Clube de Avanca,24
m,writer,Asian Video Wholesalers,24
,producer,Mandeville Films,24
f,actress,Low Definition Films,24
f,director,20th Century Fox de Argentina,24
f,actress,Conseil Régional de Provence-Alpes Côte d'Azur,24
f,actress,Academy Films,23
f,actress,Centro Nacional Autónomo de Cinematografía (CNAC) (I),23
,writer,Degeto Film,23
,composer,Universal Studios Home Video,23
m,producer,New Horizons Home Video,23
f,actress,Wiedemann & Berg Television,23
,director,Golden Films,23
,composer,Concorde Home Entertainment,23
f,actress,Real Blonde Productions Corp.,23
f,actress,Dolmen Home Video,23
f,producer,Barnet Brookside,23
f,actress,Deutsche Columbia TriStar Filmproduktion,23
,producer,Fidecine,23
m,composer,Prem'er Video Fil'm,23
f,actress,Deepjoy Picture,23
f,actress,Conseil Régional de Bretagne,23
f,actress,Nickelodeon Productions,23
f,actress,B.D. Fox Independent,23
f,editor,20th Century Fox de Argentina,23
m,producer,Twin Video,23
m,composer,ARD Degeto Film,23
,cinematographer,Universe Laser & Video Co. Ltd.,23
m,director,Video Audio Project (VAP),23
,composer,Spark Worldwide,23
,composer,Digital Video Dreams,23
m,cinematographer,Palisades Tartan,23
f,actress,Citadel,23
f,actress,Barney Home Video,23
,composer,MTI Home Video,23
m,director,Independent Television (ITV),23
m,editor,Zweites Deutsches Fernsehen (ZDF),23
,cinematographer,MTI Home Video,23
f,actress,Independant Development,23
f,producer,ARD Degeto Film,23
,producer,DesperaDo,23
m,director,Destination Films,23
,cinematographer,Abril Vídeo,23
f,actress,Maple Shade Films,23
,producer,Bandeira Entertainment,23
f,actress,Academy Video,23
f,actress,Mullis Capital Independent,23
f,actress,La Société des Films Sirius,23
f,actress,Equipment & Film Design,23
f,actress,Japan Home Video (JHV),23
,director,Atelier de Production de la Cambre ASBL,23
m,producer,Bodega Films,23
f,producer,Hollywood Pictures Home Video,23
m,composer,Independent Television (ITV),23
,editor,Cineplex Odeon Films,23
,editor,Bodega Films,23
m,director,Nickelodeon Movies,23
f,actress,Bio-Tide Films (I),23
f,actress,Provident Films,23
,producer,Lyrick Studios Video,23
f,producer,PolyGram Video,23
m,editor,West Video,23
,producer,Creative Light Worldwide,23
f,writer,Home Video Hellas (HVH),23
,director,Arbeitsgemeinschaft der öffentlich-rechtlichen Rundfunkanstalten der Bundesrepublik Deutschland (ARD),22
f,actress,Productora Andaluza de Programas S.A.,22
f,actress,Dementia7 Studios LLC,22
,producer,Bona Fide Productions,22
f,writer,Universal Studios Home Video,22
,composer,Videosonic Arts,22
,producer,MPI Home Video,22
,editor,Nickelodeon,22
m,composer,20th Century Fox de Venezuela,22
m,director,Filmladen,22
f,writer,West Video,22
f,actress,Lanterna de Pedra Filmes,22
f,actress,Insider Films,22
m,producer,Broadway Video,22
m,writer,Télévision Suisse-Romande (TSR),22
m,producer,Lee Mendelson Film Productions,22
,editor,Filmförderungsanstalt (FFA),22
m,composer,Det Danske Filminstitut,22
f,actress,Productions Paul Lederman,22
m,director,20th Century Fox de Venezuela,22
f,actress,Sideshow,22
m,producer,Dean River Productions,22
m,writer,Golden Village,22
m,writer,Big Idea,22
f,producer,Nickelodeon Movies,22
f,producer,PlayArte Home Vídeo,22
m,director,Instituto Cubano del Arte e Industrias Cinematográficos (ICAIC),22
m,producer,Varus Video,22
m,producer,Astral Video,22
,producer,MCA Home Video,22
,producer,RaiTrade,22
,producer,CanWest Western Independent Producers Fund,22
m,cinematographer,Deltamac Entertainment,22
f,actress,Els Films de la Rambla S.A.,22
,producer,América Vídeo,22
m,composer,Shemaroo Video Pvt. Ltd.,22
f,producer,Instituto Mexicano de Cinematografía (IMCINE),22
,director,Independent Films,22
,director,Golden Harvest Company,22
m,writer,Autour de Minuit Productions,22
,writer,Walden Media,22
m,director,Highlight Video,22
m,writer,Instituto de Crédito Oficial (ICO),22
m,writer,Sony Wonder,22
,writer,Viz Video,22
,director,Video Audio Project (VAP),22
,producer,iDeal Partners Film Fund,22
m,composer,Dentsu,22
f,actress,Office Border Co.,22
m,composer,Spentzos Film Home Video,22
m,editor,Tai Seng Video Marketing,22
f,actress,Lindele Media,22
m,writer,Anderson Digital,22
m,director,Wide Pictures,22
,composer,Líder Films,22
f,actress,Les Films de l'Astre,22
,cinematographer,Mitteldeutscher Rundfunk (MDR),22
f,actress,Maison Descartes,22
,writer,Det Danske Filminstitut,22
f,actress,Fort Video,22
,cinematographer,Centro de Capacitación Cinematográfica (CCC),22
m,producer,Shemaroo Video Pvt. Ltd.,22
f,actress,Les Cinémas de la Zone,22
f,actress,Goldenring Productions,22
,editor,Entertainment in Video,22
f,actress,Scott Sanders Productions,22
f,actress,Canadian Independent Film and Video Fund,22
f,actress,Independence Film Investments (IFI),22
,producer,José Frade Producciones Cinematográficas S.A.,22
m,composer,Regal Home Video,22
,producer,Media Design School,22
,writer,Blender Foundation,22
,director,Playboy Video Enterprises,22
f,actress,Underground Film & TV Productions,22
,director,Det Danske Filminstitut,22
m,cinematographer,Région Ile-de-France,22
f,actress,Independence Film Investments,22
f,actress,Centro Universitario de Estudios Cinematográficos (CUEC),22
f,actress,Trademark Films,22
m,cinematographer,Spentzos Film Home Video,22
m,writer,Alamode Film,22
f,actress,SchröderMedia HandelsgmbH,22
,producer,Made in PM,22
,director,Centro de Capacitación Cinematográfica (CCC),22
f,actress,Academy of Television Arts and Sciences (ATAS),22
f,actress,WonderWorks,22
,producer,Slide Screen Entertainment,22
f,writer,Pyramide Distribution,22
m,director,Spark Worldwide,22
f,actress,Delon Int.,22
f,writer,Région Ile-de-France,22
,producer,Odec Kid Cartoons,22
,director,BOB Film Sweden AB,22
m,producer,Mti Home Video,22
m,cinematographer,Westdeutscher Rundfunk (WDR),22
,producer,Chartoff Hendee Productions,22
f,actress,AVU-Video-Vertriebs-GmbH,22
m,producer,Televisión Federal (Telefe),22
m,director,Filmakademie Baden-Württemberg,22
f,actress,Legal Video,22
f,actress,UGC Video,22
,producer,Astral Video,22
,producer,Cineplex-Odeon Home Video,22
f,actress,Les Aventuriers de l'Image,21
m,director,Roadshow Entertainment Video,21
m,composer,BMG Video,21
,composer,Videocine,21
,composer,Mitteldeutscher Rundfunk (MDR),21
m,producer,Palisades Pictures,21
m,director,MTI Home Video,21
f,producer,Home Box Office Home Video (HBO),21
f,actress,Kids Edutainment Video,21
f,actress,Blue Yonder Films,21
f,actress,DeltaVideo (DV),21
m,composer,Sony Wonder,21
m,director,Arbeitsgemeinschaft der öffentlich-rechtlichen Rundfunkanstalten der Bundesrepublik Deutschland (ARD),21
f,actress,Warner Home Video Inc.,21
,composer,Asian Video Wholesalers,21
m,director,Universal Pictures Video,21
f,actress,Conseil Général de l'Indre,21
,cinematographer,Spark Worldwide,21
,writer,Quanta Centro de Produções Cinematográficas,21
,producer,Strand Home Video,21
,writer,Ecole Supérieure des Métiers Artistiques (ESMA),21
f,actress,Idea Bank & Creation,21
f,actress,De Filmfreak,21
,producer,Industrial Development Corporation of South Africa,21
f,producer,20th Century Fox de Venezuela,21
f,actress,Most Video,21
,cinematographer,Vendetta Films,21
f,actress,Carmen Video,21
f,actress,S/S Fladen Film,21
m,composer,Cecchi Gori Home Video,21
,producer,Intandem Films,21
m,director,Télévision Suisse-Romande (TSR),21
f,actress,Odec Kid Cartoons,21
,cinematographer,Manga Video,21
f,actress,Cinefile Videos,21
m,director,Videorama,21
f,actress,De Cuernos Al Abismo,21
f,actress,Denial Venture,21
f,actress,De Familie Janssen cbva,21
f,actress,K-tel Video,21
f,actress,Hidden Moon Productions,21
m,writer,GoodTimes Home Video,21
f,actress,VZ-Handelsgesellschaft,21
m,producer,Sony Video,21
f,actress,John Wilder Nightwatch Productions,21
,cinematographer,Toei Video Company,21
f,producer,MTI Home Video,21
f,actress,Barnet Brookside,21
m,producer,Zide-Perry Productions,21
m,producer,Regal Home Video,21
f,actress,China Vídeo,21
f,actress,Dezenove Filmes,21
f,actress,Sincronía Films S.A. de C.V.,21
f,actress,Golden Princess Film Production Limited,21
,composer,Autour de Minuit Productions,21
f,actress,Departure Studios,21
,writer,Video Treasures,21
m,writer,Vídeo Arte,21
m,director,Prem'er Video Fil'm,21
f,writer,Golden Village Entertainment,21
m,producer,Sociedad General de Cine (SOGECINE) S.A.,21
m,writer,J.J. Sedelmaier Productions,21
f,actress,Visual Garden Productions,21
,cinematographer,DeA Planeta Home Entertainment,21
,editor,Mitteldeutscher Rundfunk (MDR),21
m,writer,Califórnia Home Vídeo,21
f,actress,Another Dimension of an Idea,21
m,writer,Discovery Film & Video Distribution,21
f,actress,Bankside Films,21
,director,VCL Video,21
f,producer,DEJ Productions,21
f,actress,Erotic Angel Video,21
f,actress,Dualstar Home Video,21
f,actress,Arccades Vidéo,21
f,actress,Les Films de l'Espoir,21
m,editor,DeA Planeta Home Entertainment,21
m,producer,Delphi Filmverleih Produktion,21
,producer,"Branden Blinn Media Group, The",21
,writer,Les Films de l'Arlequin,21
,writer,Cecchi Gori Home Video,21
f,actress,Liberty or Death Productions,21
f,director,Prorom Media-Trade,21
,composer,Channel 5 Video Distribution,21
,cinematographer,Columbia TriStar Films de España,21
,producer,Les Films Alain Sarde,21
,editor,Highlight Video,21
m,producer,Film Afrika Worldwide,21
,cinematographer,Région Ile-de-France,21
f,actress,Mark Borde Films,20
m,composer,Les Films Alain Sarde,20
m,producer,Orion Home Video,20
f,actress,Undergroundfilm.com,20
,cinematographer,Home Box Office Home Video (HBO),20
f,actress,Wolfesden Actors Exchange,20
f,actress,Paradigm Hyde Films,20
f,actress,Shades of Gray Entertainment,20
m,director,Les Films Alain Sarde,20
f,actress,Met / Hodder,20
,cinematographer,Tai Seng Video Marketing,20
m,composer,Wide Pictures,20
,director,Home Video Hellas (HVH),20
f,producer,Les Films Alain Sarde,20
f,actress,Federalnoe Agentstvo po Kulture i Kinematografii,20
m,producer,First Independent Pictures,20
f,actress,ABC Film & Video,20
f,actress,Commissão de Valores Mobiliarios,20
f,actress,CDE Home Video,20
m,writer,Sony Pictures Worldwide Acquisitions (SPWA),20
f,actress,Commission du Film de Bourgogne,20
,writer,Sony Pictures Worldwide Acquisitions (SPWA),20
f,actress,Kuratorium Junger Deutscher Film,20
,editor,Centro de Capacitación Cinematográfica (CCC),20
f,actress,260 Degrees Entertainment,20
m,writer,Cineplex-Odeon Home Video,20
m,composer,CIC Video,20
,director,20th Century Fox de Argentina,20
,director,Japan Video Distribution (JVD) Co. Ltd.,20
f,actress,Debonaire Films,20
f,actress,Persson-Mothander Film,20
m,producer,Delta Pictures,20
m,producer,Inderjit Films Combine,20
f,actress,Odyssey Group Video,20
f,producer,Wolfe Video,20
f,actress,Arcade Pictures,20
,producer,Creativos Asociados de Radio y Televisión (CARTEL),20
f,actress,Arcade Video,20
f,actress,Guild Home Video,20
m,cinematographer,Hollywood Pictures Home Video,20
m,director,Instituto de la Cinematografía y de las Artes Audiovisuales (ICAA),20
f,producer,Nickelodeon Network,20
,writer,Rundfunk Berlin-Brandenburg (RBB),20
,editor,New Sensations Video,20
m,editor,Flashstar Home Vídeo,20
,writer,Republic Pictures Home Video,20
,composer,Independent Television (ITV),20
,writer,Odeon Film,20
f,actress,Volderin Entertainment,20
m,writer,C/FP Video,20
f,actress,Canadian Film or Video Production Tax Credit Program,20
,writer,Live Home Video,20
,composer,Golden Scene,20
,composer,Home Box Office Home Video (HBO),20
f,actress,De Angeles Films,20
m,director,Digital Entertainment (DEI),20
,producer,"Alberta Film Development Program of the Alberta Foundation for the Arts, The",20
f,actress,WMA Independent,20
,producer,Commission du Film de Bourgogne,20
m,cinematographer,West Video,20
,producer,Compañía General de la Imagen (CGI),20
m,composer,Sociedad General de Televisión (Sogetel),20
,producer,Participate Film Academy,20
f,actress,Les Films de la Suane,20
f,actress,Big Idea,20
m,director,Sony Pictures Video,20
f,actress,Ontario Film Development Corporation,20
f,actress,Président Films,20
,editor,Cascade Film,20
f,actress,Rastar/Leider-Shapiro,20
,cinematographer,Video Audio Project (VAP),20
f,producer,Califórnia Home Vídeo,20
,writer,Slide Screen Entertainment,20
f,actress,Worldwide Media,20
m,cinematographer,Roadshow Entertainment Video,20
m,writer,Lumière Home Vídeo,20
m,cinematographer,Filmförderungsanstalt (FFA),20
,editor,Roadshow Entertainment Video,20
f,actress,RCA/Columbia Pictures Video,20
m,writer,Worldwide Entertainment Group (WEG),20
f,actress,Dezenove Som e Imagem,20
,producer,Streamline Video,20
f,actress,Universidad del Cine,20
,producer,Brøderbund Software,20
m,writer,Inderjit Films Combine,20
,editor,Paris Vídeo,20
f,actress,Autour de Minuit Productions,20
f,actress,JMC Independent Productions,20
,producer,Deep River Productions,20
m,cinematographer,ARD Degeto Film,20
,director,Golden Village Entertainment,20
f,actress,Nexus Cinema e Vídeo,20
m,editor,Hollywood Pictures Home Video,20
f,actress,Secretaria para o Desenvolvimento do Audiovisual,20
f,actress,Liquid Desert,20
f,actress,Sideshow Cinema,20
,composer,Neue Deutsche Filmgesellschaft (NDF),20
,producer,Media Development (MDC),20
f,actress,Departament de Cultura de la Generalitat de Catalunya,20
f,actress,Connoisseur Video,20
m,producer,TV4 Sweden,20
m,director,Troma Team Video,19
,producer,SBS Independent,19
m,cinematographer,Les Films Alain Sarde,19
m,producer,BenderSpink,19
,cinematographer,Home Video Hellas (HVH),19
,composer,Manga Video,19
m,editor,Paris Vídeo,19
f,actress,International Video 80,19
f,actress,World Wide Deb Films,19
,composer,Paris Vídeo,19
,producer,"Film Department, The",19
m,producer,Video Vision Entertainment,19
m,composer,Sony Pictures Video,19
f,actress,World Wide Entertainment,19
,producer,Televicine S.A. de C.V.,19
m,writer,Delphi Filmverleih Produktion,19
,producer,Turner Pictures Worldwide,19
m,cinematographer,Flashstar Home Vídeo,19
f,actress,Deluxe Australia,19
f,actress,Studio Arkadena,19
f,actress,Dear Skyyler Productions,19
,editor,Sony Pictures Video,19
,writer,Ministère de la Culture et de la Communication,19
,editor,Califórnia Home Vídeo,19
m,producer,Verenigde Arbeiders Radio Amateurs (VARA),19
m,director,"Films de l'Elysée, Les",19
,composer,Degeto Film,19
,writer,Califórnia Home Vídeo,19
m,producer,Odeon Film,19
,editor,Sony Wonder,19
,producer,Avex Mode,19
f,actress,Institut Català de les Empreses Culturals (ICEC),19
m,cinematographer,Der KurzFilmVerleih,19
m,writer,Versátil Home Vídeo,19
,producer,Ministère de la Communauté Française de Belgique,19
m,producer,WonderPhil Productions,19
,producer,Code 99,19
m,producer,Anderson Digital,19
,writer,ITI Home Video,19
,writer,Pathfinder Pictures,19
,producer,High Fliers Video Distribution,19
m,composer,MTI Home Video,19
f,actress,Golden Books Family Entertainment,19
,editor,Roadside Attractions,19
,composer,Télévision Suisse-Romande (TSR),19
f,actress,InterCanadian Video Sales Inc.,19
,writer,Twin Video,19
m,producer,Bandeira Entertainment,19
,writer,New Video,19
,editor,Krause & Schneider Multimedia (KSM),19
m,writer,2 Entertain Video,19
f,actress,3 Sides Entertainment,19
f,actress,Loterie Nationale de Belgique,19
,cinematographer,CIC Vídeo,19
m,cinematographer,Cascade Film,19
,editor,West Video,19
f,writer,Home Box Office Home Video (HBO),19
f,actress,CH Media Berlin Brandenburg GmbH & Co. KG,19
,writer,Worldwide Entertainment Group (WEG),19
f,actress,London Film Academy,19
f,actress,Studio Hamburg WorldWide Pictures,19
f,actress,Institut Valencia de Cinematografia (IVAC),19
f,actress,Pondera,19
,editor,Spark Worldwide,19
m,writer,Alliance Home Video,19
,writer,Golden Village,19
f,actress,Vicia Vídeo de Valencia S.L.,19
m,editor,LK-TEL Vídeo,19
,writer,Andes Films,19
f,producer,Krause & Schneider Multimedia (KSM),19
f,actress,Wonder View Films,19
,writer,Filmförderung Hamburg,19
f,actress,CBS Worldwide Inc.,19
f,writer,Fox Video,19
,cinematographer,Alliance Atlantis Home Video,19
m,cinematographer,Home Box Office Home Video (HBO),19
,editor,DENTSU Music And Entertainment,19
m,producer,Compañía General de la Imagen (CGI),19
,writer,Live Video,19
,producer,Presidenzia del Consiglio del Ministri-Dipartimento dello Spettacolo,19
f,actress,Surinder Films,19
,producer,Working Designs,19
,producer,Deutsche Film- und Fernsehakademie Berlin (DFFB),19
,cinematographer,DENTSU Music And Entertainment,19
m,director,E.I. Independent Cinema,19
f,actress,Hellas Cosmos Video,19
m,producer,Televicine S.A. de C.V.,19
f,actress,Sideshow Digital,18
,composer,Les Films de l'Arlequin,18
f,actress,Verboden,18
,producer,Sony Video,18
m,producer,MPI Home Video,18
f,actress,Hochschule für Bildende Künste Hamburg,18
,editor,Les Films Alain Sarde,18
,producer,CNR Film & Video,18
f,actress,Demarest Films,18
m,producer,Instituto de Crédito Oficial (ICO),18
,producer,Equipment & Film Design,18
,writer,"Ontario Film Development Corporation, The",18
,composer,Tai Seng Video Marketing,18
,producer,Tapeworm Video Distributors,18
,editor,Manga Video,18
,cinematographer,Deutsche Film- und Fernsehakademie Berlin (DFFB),18
f,director,Zweites Deutsches Fernsehen (ZDF),18
,producer,Japan Video Distribution (JVD) Co. Ltd.,18
m,producer,InDigEnt (Independent Digital Entertainment),18
f,actress,Wellmade Entertainment,18
m,writer,Astral Video,18
f,actress,Entermode,18
f,actress,Edde Entertainment,18
f,actress,Chang-Hong Channel Film & Video Co.,18
,writer,Atelier de Production de la Cambre ASBL,18
f,actress,Essex Vídeo España S.L.,18
,producer,WGBH Boston Video,18
m,composer,Concorde-Castle Rock/Turner,18
f,actress,Film Development Fund of Hong Kong,18
f,actress,Federal Hill Pictures Inc.,18
f,actress,Gurpreet Video International,18
,writer,Tartan Video,18
,producer,Turner Home Video,18
,producer,Wonderworld Studios,18
m,writer,Ministerio de Cultura,18
m,composer,Canadian Film or Video Production Tax Credit (CPTC),18
f,actress,Golden Way Films Ltd.,18
m,cinematographer,Video Film Express,18
f,actress,CDE Videa,18
f,actress,Endemol Filmproduktion München GmbH,18
,editor,New Video,18
m,producer,Pyramide Productions,18
f,actress,Pyramid Home Video,18
f,editor,Independent Films,18
m,writer,Odeon Films,18
f,actress,Hérodiade,18
,composer,Société de Développement des Entreprises Culturelles (SODEC),18
f,actress,Nord Pas de Calais Region,18
f,actress,Ministère de l'Éducation Nationale,18
f,actress,Aldebaran Films Ltd.,18
,editor,Twin Video,18
,editor,Nederlandse Programma Stichting (NPS),18
,producer,Adelson Entertainment,18
m,director,Delux Productions,18
m,producer,Wolfe Video,18
f,actress,ABC Video,18
,writer,Delux Productions,18
f,actress,Courtside Seats Productions,18
m,cinematographer,Le Tax Shelter du Gouvernement Fédéral de Belgique,18
m,director,Transmundo Home Video (THV),18
m,cinematographer,Universe Laser & Video Co. Ltd.,18
,producer,Codex Pictures,18
f,actress,Sol Goode LLC,18
,producer,Euripide Distribution,18
f,composer,Warner Home Vídeo,18
f,actress,Metronome Video,18
,composer,Shemaroo Video Pvt. Ltd.,18
f,actress,Six Feet Under Films,18
m,writer,Ministère de la Culture et de la Communication,18
f,actress,Amusement Media Academy,18
f,editor,Columbia TriStar Films de Argentina,18
m,editor,Golden Village Entertainment,18
m,director,Expanded Entertainment,18
,producer,Clap - Produção de Filmes,18
f,actress,"Deep End Digital Film Group, The",18
f,actress,"Branden Blinn Media Group, The",18
,producer,Demarest Films,18
f,producer,Warner Independent Pictures (WIP),18
f,actress,NewStar World Wide,18
f,actress,Kaplan/Feder Films,18
f,actress,Conseil Général de la Dordogne,18
m,cinematographer,20th Century Fox de Venezuela,18
m,producer,Zeroinside Films,18
f,actress,CBS / Fox Video,18
,cinematographer,Atelier de Production de la Cambre ASBL,18
f,actress,AOL Online Video,18
m,composer,Cannes Home Vídeo,18
,director,Universal Studios Home Video,18
,director,Wolfe Video,18
m,editor,Palisades Tartan,18
m,composer,Transmundo Home Video (THV),18
f,actress,Delante Films,18
f,actress,Alexandra Video Club,18
f,actress,Wonder Entertainment,18
,writer,Tandem Communications,18
,cinematographer,Degeto Film,18
f,producer,Paris Vídeo,18
f,actress,Bondesen-Graup,18
m,producer,Odeon Video,18
m,writer,Bombino Video Pvt. Ltd.,18
f,actress,Columbia TriStar Home Video Hong Kong,18
f,actress,Beijing Forbidden City Film Co.,18
,producer,Studio Hamburg WorldWide Pictures,18
,composer,New Video,18
f,actress,Pack-In-Video,18
f,actress,Brynhilde Productions,18
,director,Intercontinental Video,18
m,composer,Télévision Suisse-Romande (TSR),18
m,editor,Nickelodeon Network,18
m,writer,Cannes Home Vídeo,18
m,director,Tartan Video,18
f,actress,Tandem Films,18
f,actress,Films del Bungalow,18
,producer,Trimark Video,18
f,actress,Videoz,18
,producer,BMG Independents,18
f,actress,Alfadedis Entertainment,18
,composer,CIC Vídeo,18
,producer,Deiz Production,18
m,producer,Turner Home Video,18
f,actress,Koba Films Video,18
,director,Abril Vídeo,18
,producer,Montevideo Ltd.,18
,writer,VideoServis,18
m,producer,Worldwide Entertainment Group (WEG),18
m,producer,CBS/Fox Home Video,18
m,producer,Live Video,18
,composer,Kino Video,18
m,writer,Lee Mendelson Film Productions,18
,editor,CIC Video,18
f,actress,Dedicated Works Productions,18
f,actress,Guangdong Qianhe Audio & Video,17
m,writer,Edel Media & Entertainment,17
,producer,Centro Universitario de Estudios Cinematográficos (CUEC),17
,producer,Nea Kinisi Video,17
m,writer,BBC Worldwide,17
f,actress,Sender Freies Berlin (SFB),17
f,actress,Ajuntament de Barcelona,17
f,actress,Felder Pomus Entertainment,17
,cinematographer,Le Fresnoy Studio National des Arts Contemporains,17
f,editor,Zweites Deutsches Fernsehen (ZDF),17
,composer,DeA Planeta Home Entertainment,17
,cinematographer,Bezalel Academy of Arts and Design,17
,producer,Joy Sales Film and Video Distributors,17
m,editor,Video Sound,17
,writer,Videx International,17
,producer,Ostdeutscher Rundfunk Brandenburg (ORB),17
,cinematographer,Televisió de Catalunya (TV3),17
f,actress,Lanzarote Reserva de Biosfera,17
f,composer,Transeuropa Video Entertainment (TVE),17
m,writer,Primer Plano Film Group Video,17
f,actress,Columbia TriStar Comercio Internacional (Madeira) Ltda.,17
m,producer,Warner Bros. Home Video,17
,composer,Le Tax Shelter du Gouvernement Fédéral de Belgique,17
,director,Mitteldeutscher Rundfunk (MDR),17
f,writer,ARD Degeto Film,17
f,actress,Dead Cat Films,17
m,producer,Mitteldeutscher Rundfunk (MDR),17
m,producer,MHF Zweite Academy Film,17
,producer,Miramar Home Vídeo,17
,editor,Filmladen,17
,writer,Ascot Video,17
m,writer,Sociedad General de Derechos Audiovisuales (SOGEDASA),17
f,actress,Xscapade Pictures Ltd.,17
f,actress,National Film Development Corporation of India (NFDC),17
f,actress,Branded Entertainment/Batfilm Productions,17
m,producer,Columbia Home Video,17
,producer,Behaviour Worldwide,17
,director,RaiTrade,17
m,writer,Ascot Video,17
,writer,"Gobelins, l'Ecole de l'Image",17
m,writer,TV5 Monde,17
,cinematographer,Videoclub Misterio,17
m,composer,Arbeitsgemeinschaft der öffentlich-rechtlichen Rundfunkanstalten der Bundesrepublik Deutschland (ARD),17
f,actress,BSM: Barcelona de Serveis Municipals,17
,cinematographer,Det Danske Filminstitut,17
,director,Golden Scene,17
f,actress,Ministère de la Défense,17
,producer,Golden Mean,17
,writer,DEFA-Studio für Trickfilme,17
m,producer,The Department of Trade and Industry of South Africa,17
,producer,Televisão Independente (TVI),17
f,writer,Entertainment in Video,17
f,actress,Département Fédéral de l'Intérieur,17
,editor,Republic Pictures Home Video,17
f,producer,Det Danske Filminstitut,17
m,composer,Deltamac Entertainment,17
m,director,Televisión Federal (Telefe),17
m,producer,Tempe Video,17
m,director,Sociedad General de Televisión (Sogetel),17
m,director,DENTSU Music And Entertainment,17
f,actress,Generalitat de Catalunya,17
f,actress,Bevis Film and Video,17
,writer,Roadside Attractions,17
m,composer,Degeto Film,17
,producer,Wonder Works Films,17
,editor,Shemaroo Video Pvt. Ltd.,17
f,director,Buena Vista Home Video,17
f,actress,Gobierno del Estado de Chiapas,17
f,actress,Den Danske Filmskole,17
m,producer,Nederlands Fonds voor de Film,17
m,producer,Lumière Home Vídeo,17
,producer,ITI Home Video,17
,writer,Mega Star Video Distribution,17
m,composer,Sociedad General de Derechos Audiovisuales (SOGEDASA),17
,producer,Independent Partners,17
f,actress,Orly Adelson Productions,17
f,actress,Filmverlag der Autoren,17
,writer,Joy Sales Film and Video Distributors,17
,composer,Bodega Films,17
f,actress,Independent Film '97,17
f,actress,Cineplex Development,17
f,actress,Deadly Films,17
m,director,TV4 Sweden,17
f,producer,Star Home Video,17
,writer,"Kinovideoobedinenie ""Krupniy Plan""",17
,producer,20th Century Fox Film de Mexico,17
,director,Neue Deutsche Filmgesellschaft (NDF),17
,director,Hochschule der Medien,17
f,actress,Edenwood,17
f,actress,Tordenfilm AS,17
m,producer,Mega Star Video Distribution,17
,composer,Video Film Express,17
m,producer,Wonderworld Studios,17
,writer,Kinderkanal,17
f,writer,MCA/Universal Home Video,17
,editor,Videorama,17
m,writer,RCA/Columbia Pictures Home Video,17
f,actress,Beverly Detroit,17
f,actress,Big Sky Video,17
m,writer,DEJ Productions,17
,director,Independent Television (ITV),17
,producer,Flipside Lab,17
m,editor,Pyramide Distribution,17
,cinematographer,Videorama,17
f,actress,Repubblica e Cantone del Ticino,17
m,writer,Live Home Video,17
,director,MTI Home Video,17
,editor,Destination Films,17
,writer,Verenigde Arbeiders Radio Amateurs (VARA),17
,producer,Studio Babelsberg Independents,17
f,actress,Sony Deutschland,17
f,actress,Les Films de la Colombe,17
m,producer,Tapeworm Video Distributors,17
f,writer,CIC-Taft Home Video,17
f,actress,Inside Track 2,17
,producer,Zeitgeist Video,17
f,director,Warner Home Vídeo,17
,producer,Studio Arkadena,17
f,actress,"Fonds d'Action de la Sacem, Le",17
m,director,Cannes Home Vídeo,17
f,actress,Manitoba Film and Video Production Tax Credit,17
m,writer,Asia Video Publishing Co. Ltd.,17
m,producer,Rizzoli Corriere della Sera Home Video (RCS),17
m,director,Toei Video Company,17
f,producer,Videorama,17
f,actress,Cine du Monde,17
f,actress,Dentsu Motion Pictures,17
,producer,Nintendo Entertainment Analysis and Development (EAD) (I),17
,producer,ABC Family Worldwide,17
f,actress,Ayngaran Video,17
,director,Le Tax Shelter du Gouvernement Fédéral de Belgique,17
,producer,USA Home Video,17
,editor,Escola Superior de Cinema i Audiovisuals de Catalunya (ESCAC),17
m,cinematographer,Playboy Video Enterprises,16
,editor,Instituto de la Cinematografía y de las Artes Audiovisuales (ICAA),16
f,actress,Anhui Cultural Audio Video Publishing CO.,16
m,director,Degeto Film,16
m,director,Gaumont/Columbia TriStar Home Video (GCTHV),16
,editor,Universal Pictures Video,16
f,actress,Goldenlark Productions,16
,writer,Mandeville Films,16
f,actress,SODEC,16
f,actress,Ovídeo TV S.A.,16
f,writer,LK-TEL Vídeo,16
m,director,Cineplex Odeon Films,16
,producer,Contender Films,16
,writer,New Macedonian Video,16
m,cinematographer,La Fabrique de Films,16
,editor,Tai Seng Video Marketing,16
,producer,Junta de Andalucía,16
f,actress,ITC Home Video,16
m,producer,New Sensations Video,16
,composer,DENTSU Music And Entertainment,16
,producer,Independenta Film,16
f,actress,Burning Grounds Independent Media,16
m,producer,Trimark Video,16
f,producer,Norddeutscher Rundfunk (NDR),16
m,composer,"Films de l'Elysée, Les",16
f,writer,Líder Films,16
f,actress,Scanner-Rhodes Productions,16
m,editor,20th Century Fox de Venezuela,16
,producer,Cinema Trade,16
m,writer,New Horizons Home Video,16
m,producer,Promenade Pictures,16
m,producer,Hemdale Home Video,16
m,producer,Versátil Home Vídeo,16
m,producer,BMG Independents,16
f,actress,Applause Home Video,16
f,actress,Under the Influence,16
f,actress,Gemini Video Editions,16
,writer,Star Home Video,16
m,producer,José Frade Producciones Cinematográficas S.A.,16
f,actress,Compagnie des Films,16
f,actress,Start Desenhos Animados,16
,producer,Dandelion,16
f,actress,Ordet,16
f,producer,Dendy Films,16
m,writer,BOB Film Sweden AB,16
,producer,Caja de Granada,16
,director,New Macedonian Video,16
m,cinematographer,Krause & Schneider Multimedia (KSM),16
m,editor,PlayArte Home Vídeo,16
,composer,Asia Video Publishing Co. Ltd.,16
,producer,Tandem Films,16
,producer,Odessa Entertainment,16
,producer,Jour de Fête Films,16
,producer,Distant Thunder Films,16
f,actress,Undercover Productions (II),16
,editor,Neue Deutsche Filmgesellschaft (NDF),16
m,director,Autour de Minuit Productions,16
,cinematographer,Videosonic Arts,16
,cinematographer,LK-TEL Vídeo,16
,writer,Media Design School,16
,director,Columbia TriStar Films de España,16
f,actress,Epidemic Pictures,16
m,writer,Pyramide Productions,16
f,actress,Knowwonder,16
,writer,Japan Video Distribution (JVD) Co. Ltd.,16
m,director,Medienboard Berlin-Brandenburg,16
f,actress,AKB Delovaya Rossiya,16
m,composer,Videlectrix,16
f,actress,Escuela de Cinema y Audiovisual Comunidad de Madrid (ECAM),16
m,cinematographer,Programme MEDIA de la Communauté Européenne,16
,producer,Wanda Distribución Cinematográfica de Films S.A.,16
f,actress,Budderfly Productions,16
,director,Norddeutscher Rundfunk (NDR),16
f,actress,Ardent Films,16
m,writer,Dimension Home Video,16
m,producer,"Buenavista Columbia Tri Star Films de Mexico, S. de R.L. de C.V.'",16
f,actress,Film Depot,16
f,actress,De Fina-Cappa,16
f,actress,Lumina Video,16
,writer,Deutsche Grammophon,16
m,composer,Universal Pictures Video,16
f,actress,Essex Vídeo España S.A.,16
,producer,Metrodome Video Ltd.,16
f,actress,Videograph,16
f,actress,Deutschfilm,16
,cinematographer,Nederlandse Programma Stichting (NPS),16
m,composer,C/FP Video,16
m,writer,VideoFilmes,16
f,actress,Sidecar Films & TV,16
,writer,Trimark Home Video,16
,producer,Fox Kids Video,16
m,producer,Nouvelles Éditions de Films (NEF),16
f,writer,Instituto Mexicano de Cinematografía (IMCINE),16
m,cinematographer,Highlight Video,16
,director,Les Films de l'Arlequin,16
m,director,Warner Independent Pictures (WIP),16
,writer,Ecole Nationale Supérieure des Arts Décoratifs (ENSAD),16
,producer,Imagination Worldwide,16
m,director,Shemaroo Video Pvt. Ltd.,16
f,actress,Condor Vídeo,16
f,writer,Columbia TriStar Warner Filmes de Portugal,16
m,producer,A&E Home Video,16
,cinematographer,Escola Superior de Teatro e Cinema (ESTC),16
f,actress,Vox Video,16
f,actress,Gobierno del Estado de Puebla,16
m,director,Lider Films,16
m,producer,Fondo de Inversión y Estímulos al Cine (FIDECINE),16
f,actress,Movie Tax Shelter Empowered by Dexia,16
f,editor,Paramount Home Video,16
f,actress,Concorde Filmed Entertainment,16
,editor,Delux Productions,16
f,actress,Ministero del Turismo e dello Spettacolo,16
,editor,Wide Pictures,16
m,producer,Fonds National de Soutien à la Production Audiovisuelle du Luxembourg,16
f,actress,Deck 13 Interactive,16
,composer,Destination Films,16
,writer,Destination Films,16
m,composer,Instituto Mexicano de Cinematografía (IMCINE),16
m,producer,Nickelodeon Animation Studios,16
f,writer,PlayArte Home Vídeo,16
m,editor,Cinema Trade,16
,writer,Vídeo Arte,16
f,actress,Agence Nationale pour la Cohésion Sociale et l'Egalité des Chances (ACSE),16
,editor,Den Danske Filmskole,16
,editor,Live Home Video,16
m,writer,Twin Video,16
,editor,Vendetta Films,16
m,writer,Nickelodeon Animation Studios,16
f,actress,Suzanne DeLaurentiis Productions,16
f,actress,Warner-Golden Village,16
,producer,Sociedad General de Televisión (Sogetel),16
,cinematographer,Líder Films,16
f,actress,Deutsch-Polnische Gesellschaft Chemnitz,16
m,writer,Longride,16
m,director,Lyrick Studios Video,16
,cinematographer,Pathfinder Pictures,16
,editor,20th Century Fox de Venezuela,16
m,composer,New Video,16
,producer,Conseil Général de la Charente,16
m,composer,Walden Media,16
f,actress,World Wide Multi Media,16
,producer,Odean S.A.,16
f,actress,Delaney & Friends Cartoon Productions,16
f,actress,Kiss of Death Productions,16
,editor,Pathfinder Pictures,16
f,actress,Warner On Demand,16
,editor,New Macedonian Video,16
,composer,Abril Vídeo,16
,cinematographer,Asian Video Wholesalers,16
,writer,Bodega Films,16
m,producer,Les Films des Tournelles,16
m,composer,Asian Video Wholesalers,16
m,writer,Nickelodeon Productions,16
m,director,Vídeo Arte,16
,producer,BMG Models,16
m,writer,Crystal Sky Worldwide,16
m,producer,Roadshow Home Video,16
,cinematographer,Filmförderungsanstalt (FFA),16
,producer,Frontier Developments,16
,producer,Videal GmbH,16
,composer,Région Ile-de-France,16
m,producer,Odessa Films,16
f,actress,Border Productions,16
f,writer,Alliance Atlantis Home Video,16
m,writer,TV4 Sweden,16
,writer,New Sensations Video,16
m,composer,Tai Seng Video Marketing,16
m,producer,"Gillder Frontier, The",16
m,producer,Thunder Road Pictures,16
,producer,Media Design Imaging,16
m,editor,Líder Films,16
m,editor,Roadshow Entertainment Video,16
m,director,MCA Home Video,16
m,producer,Delaney & Friends Cartoon Productions,15
,producer,Ministry of Culture of the Russian Federation,15
,cinematographer,Tartan Video,15
m,composer,Lider Films,15
,cinematographer,Shemaroo Video Pvt. Ltd.,15
,producer,RCA/Columbia Pictures Home Video,15
,composer,Worldwide Entertainment Group (WEG),15
,editor,Cecchi Gori Home Video,15
,cinematographer,New Sensations Video,15
,producer,Versátil Home Vídeo,15
f,actress,Alliance Releasing Home Video,15
f,cinematographer,Warner Home Video,15
m,composer,Roadside Attractions,15
f,actress,HC Video Productions,15
m,cinematographer,Norddeutscher Rundfunk (NDR),15
m,composer,Filmax Home Video,15
,writer,WunderWerk,15
,cinematographer,Walt Disney Home Video,15
m,writer,Turner Pictures Worldwide,15
f,actress,Nina Saxon Film Design,15
,producer,Bolder Media for Boys and Girls,15
m,composer,DENTSU Music And Entertainment,15
m,composer,Televisió de Catalunya (TV3),15
,producer,Junta de Comunidades de Castilla-La Mancha,15
f,actress,Televisión Nacional de Chile (TVN),15
m,writer,Lizard Cinema Trade,15
f,actress,Blue Gardenia Productions,15
,cinematographer,Cecchi Gori Home Video,15
m,writer,Cine-Clube de Avanca,15
f,writer,Regal Home Video,15
m,producer,Slide Screen Entertainment,15
m,producer,Alberta Film Development Program of the Alberta Government,15
,writer,Universal Pictures Video,15
m,cinematographer,Tai Seng Video Marketing,15
,editor,Hollywood Pictures Home Video,15
,producer,Odessa Films,15
,editor,Tartan Video,15
f,actress,Death Note Film Partners,15
f,actress,Good Worldwide,15
f,actress,Buena Vista Home Video (BVHV),15
m,composer,Vídeo Arte,15
m,director,BMG Video,15
,producer,Loterie Nationale de Belgique,15
,composer,Tartan Video,15
,director,Asia Video Publishing Co. Ltd.,15
,producer,Navidi-Wilde Productions Ltd.,15
,composer,LK-TEL Vídeo,15
m,composer,Golden Village,15
,producer,Code Entertainment,15
f,actress,Delta Vidéo Diffusion,15
,editor,Monarch Home Video,15
f,actress,Bezalel Academy of Arts and Design,15
m,producer,Deep River Productions,15
,producer,Tour de Force,15
,producer,Videoville Showtime,15
,director,Televisión Federal (Telefe),15
f,producer,Kino Video,15
,writer,Broadway Video,15
,writer,Decca,15
f,actress,Shade Pictures,15
m,cinematographer,MTI Home Video,15
,producer,Most Video,15
m,cinematographer,Canadian Film or Video Production Tax Credit (CPTC),15
,writer,Monarch Home Video,15
f,actress,Deep Blue Pictures,15
,writer,Schröder Media,15
f,actress,Brandella Films,15
,writer,Edel Media & Entertainment,15
,composer,Centro de Capacitación Cinematográfica (CCC),15
f,actress,Vendetta Filmes,15
,producer,Région Nord-Pas-de-Calais,15
f,actress,Zentropa International Sweden,15
m,editor,Spentzos Film Home Video,15
,producer,CBS/Fox Home Video,15
,writer,Lizard Cinema Trade,15
m,writer,Odeon Film,15
m,director,Barnet Brookside,15
m,composer,Nederlandse Programma Stichting (NPS),15
,writer,Krause & Schneider Multimedia (KSM),15
f,actress,DVD Deluxe Distributors,15
,composer,Twin Video,15
f,actress,Pro Video Film & Distribution Kft.,15
,editor,GoodTimes Home Video,15
,producer,Michael De Luca Productions,15
,composer,Roadside Attractions,15
m,director,Walden Media,15
m,writer,Brøderbund Software,15
f,actress,Delta Music & Entertainment,15
f,producer,Région Ile-de-France,15
f,actress,Modern Times,15
f,actress,Thunder Bay Pictures,15
,producer,Dentsu Productions Ltd.,15
m,producer,United Video,15
f,actress,Rendez-vous Pictures,15
m,producer,Asian Video Wholesalers,15
f,actress,Wardenclyffe Entertainment,15
f,actress,Filmakademie Wien,15
,producer,Shochiku Home Video,15
m,editor,Roadside Attractions,15
,producer,Nu Visión de Argentina,15
f,actress,Filmförderung Hessen,15
f,actress,Ediciones del Sur,15
f,producer,Roadshow Entertainment Video,15
m,writer,Mitteldeutsche Medienförderung (MDM),15
f,writer,Westdeutscher Rundfunk (WDR),15
f,actress,Dandelion Productions,15
f,actress,Rollin' Deep Productions,15
m,producer,Valentim de Carvalho Multimédia,15
f,actress,Lady Marmalade Music,15
f,actress,Desert Light Productions,15
f,actress,Like Minded Media,15
m,composer,Ascot Video,15
,director,Hochschule für Bildende Künste Hamburg,15
m,composer,Califórnia Home Vídeo,15
,producer,De Line Pictures,15
,producer,OZI Escola de Audiovisual de Brasília,15
,composer,Programme MEDIA de la Communauté Européenne,15
f,director,Golden Scene,15
m,editor,Westdeutscher Rundfunk (WDR),15
,writer,Den Danske Filmskole,15
,producer,Videoclub Misterio,15
,editor,Société de Développement des Entreprises Culturelles (SODEC),15
f,actress,Les Films de la Boissière,15
,writer,Avex Mode,15
,producer,Delphine Software Interactive,15
f,actress,SNG Film / Studio Nieuwe Gronden,15
m,producer,Société de Développement des Entreprises Culturelles (SODEC),15
f,actress,Lindemann Entertainment Group,15
,producer,Raro Video,15
,producer,Star Home Video,15
f,actress,Core Design,15
m,producer,Golden Book Video,15
f,actress,Flipside Lab,15
,cinematographer,West Video,15
m,writer,Golders Green Trinity URC,15
,cinematographer,Roadside Attractions,15
m,director,Sociedad General de Derechos Audiovisuales (SOGEDASA),15
,producer,"BKM, kulturelle Filmförderung des Bundes",15
m,director,Golden Village,15
m,writer,Malofilm Home Video,15
m,producer,Quanta Centro de Produções Cinematográficas,15
f,actress,Cines Unidos de Venezuela,15
,cinematographer,Video Film Express,15
f,actress,Conseil Régional de Haute Normandie,15
m,composer,Destination Films,15
f,actress,Conseil Général de l'Eure,15
,cinematographer,Programme MEDIA de la Communauté Européenne,15
,producer,Ontario Media Development Corporation (OMDC),15
,writer,CIC Video,15
,composer,Joy Sales Film and Video Distributors,15
m,director,Concorde-Castle Rock/Turner,15
,editor,"Films de l'Elysée, Les",15
f,actress,Les Films de l'Arlequin,15
m,director,Asia Video Publishing Co. Ltd.,15
f,actress,Taurus Film Video GmbH,15
,writer,Hollywood Pictures Home Video,15
f,actress,New Yorker Video,15
f,actress,General Video,15
m,director,Wanted Worldwide,15
m,director,C/FP Video,15
f,actress,Velarde Films S.L.,15
f,actress,BD Garden,15
m,cinematographer,Det Danske Filminstitut,15
m,editor,PolyGram Video,15
f,actress,Lisa Demberg Productions,15
,writer,BMG Video,15
m,producer,Redeemable Features,15
f,actress,Added Films International,15
m,producer,Miramax Home Video,15
m,cinematographer,Sociedad General de Televisión (Sogetel),15
,writer,Filmladen,15
f,actress,Hualu Electronic Audio & Video Publish Co.,15
,producer,Cogeco Program Development Fund,15
f,producer,Flashstar Home Vídeo,15
m,writer,Fonds National de Soutien à la Production Audiovisuelle du Luxembourg,15
,producer,Ministère des Affaires Étrangères,14
,composer,Videorama,14
,producer,Deutschfilm,14
,producer,Wiedemann & Berg Filmproduktion,14
f,writer,Montevideo Ltd.,14
f,actress,Sri Balaji Video,14
m,director,Instituto de Crédito Oficial (ICO),14
,producer,Fox Lorber Home Video,14
,writer,Nickelodeon Animation Studios,14
,producer,Dentsu Motion Pictures,14
,producer,Anna Sanders Films,14
m,writer,MGM/UA Home Video,14
,writer,Contender Entertainment Group,14
f,actress,Junta de Comunidades de Castilla-La Mancha,14
,writer,Tapeworm Video Distributors,14
m,director,VideoFilmes,14
m,writer,Bodega Films,14
f,actress,DIA Distributori Indipendenti,14
,producer,Lumière Home Vídeo,14
,writer,Video Palace House of Distribution,14
f,actress,Instituto del Cine,14
,producer,Columbia TriStar Home Video Hong Kong,14
m,writer,Monarch Home Video,14
,editor,RaiTrade,14
,writer,Wide Pictures,14
m,producer,Regent Worldwide Sales,14
,editor,BMG Video,14
f,actress,Département de la Drôme,14
m,producer,Devinshire Jamestown Pictures,14
m,producer,Edel Media & Entertainment,14
,editor,"Asociación Taller de Cine ""El Mate""",14
m,producer,Lawrence Bender Productions,14
,producer,Inderjit Films Combine,14
f,actress,AllHandsOnDeck,14
f,actress,Unrendered Productions,14
f,actress,Fidelio,14
,producer,Tracey Alexander Productions,14
m,director,Filmax Home Video,14
m,editor,Golden Harvest Company,14
,producer,Idea Bank & Creation,14
f,actress,Departamento de Cultura del Gobierno Vasco,14
,composer,Turku Polytechnic/Arts Academy,14
f,actress,Pandering to Karma Productions,14
,composer,Universal Home Video,14
,composer,MCA/Universal Home Video,14
f,actress,Golden Horn Films,14
f,actress,International Traders,14
,editor,VideoFilmes,14
,editor,Pehade Beheer BV (BBI),14
f,actress,Private Lenders Group,14
m,producer,London Film Academy,14
,producer,Ateliers de Baere,14
f,actress,Participate Film Academy,14
f,actress,Videlectrix,14
f,actress,Golden Art Entertainment,14
m,producer,Independent Film Channel (IFC),14
f,producer,Golden Harvest Company,14
m,composer,Krause & Schneider Multimedia (KSM),14
,writer,Versátil Home Vídeo,14
f,actress,"Universitatea Nationala de Arta Teatrala si Cinematografica ""I.L. Caragiale"" (UNATC)",14
,producer,Device,14
f,actress,Underjord Produktion,14
,director,Random House Home Video,14
,producer,Centre National du Cinéma et de L'image Animée (CNC),14
,producer,Centro Cultural del Cine,14
f,writer,Divisa Home Video,14
m,writer,CBS/Fox Home Video,14
f,actress,Wunderbar Films,14
f,actress,DeFazio & DeFazio Productions,14
f,actress,Ministère de la Culture de la Republique Française,14
m,director,Broadway Video,14
,composer,Vendetta Films,14
m,director,Dendy Films,14
f,actress,Rainbow Home Video,14
m,producer,Bondesen-Graup,14
f,actress,"Klapa 22, Belgrade",14
m,producer,De Line Pictures,14
m,writer,Tapeworm Video Distributors,14
,cinematographer,Touchstone Home Video,14
m,writer,20th Century Fox Film de Mexico,14
,producer,Les Films à Fleur de Peau,14
f,actress,Accidental Frame,14
,writer,Videorama,14
m,producer,Wild Side Vidéo,14
,producer,Trident Releasing,14
,producer,Independent Film Fund,14
,composer,Schröder Media,14
,cinematographer,RaiTrade,14
m,producer,Outrider Pictures,14
,producer,Cinema Pardes,14
m,director,Televicine S.A. de C.V.,14
f,actress,Bonneville Worldwide Entertainment,14
,writer,C/FP Video,14
,writer,Inderjit Films Combine,14
f,director,Columbia TriStar Films de Argentina,14
m,director,Sony Pictures Worldwide Acquisitions (SPWA),14
,cinematographer,Neue Deutsche Filmgesellschaft (NDF),14
m,editor,Universe Laser & Video Co. Ltd.,14
f,actress,Universidade Lusófona de Humanidades e Tecnologias,14
f,actress,Curb Denizen,14
f,actress,Videoflick,14
f,director,Universal Home Video,14
,writer,Participate Film Academy,14
m,cinematographer,Concorde-Castle Rock/Turner,14
f,producer,Dentsu,14
,producer,260 Degrees Entertainment,14
,composer,Det Danske Filminstitut,14
m,producer,High Fliers Video Distribution,14
f,producer,Palisades Tartan,14
m,producer,Videoservice,14
,director,DENTSU Music And Entertainment,14
f,actress,Hidden Mission Entertainment,14
f,actress,Academia de Cine de Guadalajara (ACINEG),14
f,actress,Thunderhead Productions,14
f,actress,Tenderloin Pictures,14
f,producer,Le Tax Shelter du Gouvernement Fédéral de Belgique,14
f,actress,Becker Home Video,14
f,actress,Instituto de Tecnología de Información de Jalisco (IJALTI ),14
,producer,Orion Home Video,14
f,actress,Ideefixe Productions,14
f,actress,Modelink,14
f,actress,Demi-Monde Productions,14
,director,Buena Vista International (Denmark),14
f,producer,Pyramide Productions,14
,producer,InDigEnt (Independent Digital Entertainment),14
,writer,Televicine S.A. de C.V.,14
f,actress,Valentine Video/Showtime Video Distribution,14
,producer,Nijenhuis & de Levita Film & TV B.V.,14
m,editor,Walden Media,14
m,composer,Lyrick Studios Video,14
,producer,America Video Film,14
,composer,Barnet Brookside,14
,producer,Academy Entertainment,14
m,director,Republic Pictures Home Video,14
,cinematographer,"Films de l'Elysée, Les",14
m,cinematographer,Filmladen,14
m,producer,Fleur De Lis Film Studios,14
,producer,Lawrence Bender Productions,14
,producer,De Warrenne Pictures,14
f,director,Westdeutscher Rundfunk (WDR),14
,writer,BBC Worldwide,14
m,producer,Videoflims,14
f,writer,Wolfe Video,14
,composer,West Video,14
m,composer,Bodega Films,14
,producer,Paradigm Hyde Films,14
m,writer,Société Générale de Gestion Cinématographique (SGGC),14
,writer,Deutsche Film- und Fernsehakademie Berlin (DFFB),14
m,cinematographer,Vídeo Arte,14
f,actress,Fleur De Lis Film Studios,14
f,actress,Cinexus Bordertown Cafe,14
,producer,e·Sence® - digital department,14
m,producer,Medusa Video,14
f,actress,Occidental Media Corp.,14
,editor,Deutsche Film- und Fernsehakademie Berlin (DFFB),14
,cinematographer,Prooptiki Video,14
,composer,Alliance Atlantis Home Video,14
f,actress,Pendefig Ty Cefn,14
m,producer,Deutsche Filmförderfonds (DFFF),14
f,producer,Programme MEDIA de la Communauté Européenne,14
m,producer,Fox-Walden,14
f,actress,Vendetta Pictures,14
,cinematographer,Escola Superior de Cinema i Audiovisuals de Catalunya (ESCAC),14
f,writer,Malofilm Home Video,14
,producer,"Buenavista Columbia Tri Star Films de Mexico, S. de R.L. de C.V.'",14
,cinematographer,Spentzos Film Home Video,14
f,actress,Abordar - Casa de Películas,14
f,actress,Conseil Général de la Charente,14
,writer,Surrender Cinema,14
,composer,Columbia TriStar Films de España,14
m,producer,Centre du Cinéma et de l'Audiovisuel de la Communauté Française de Belgique,14
,editor,BBC Worldwide,14
f,producer,Canadian Film or Video Production Tax Credit (CPTC),14
,producer,Televisa S.A. de C.V.,14
,editor,TV5 Monde,14
m,editor,Prem'er Video Fil'm,14
m,editor,CIC Video,14
f,composer,Odeon,14
m,producer,Nickelodeon Productions,14
,producer,Odyssey Video,14
m,composer,Medienboard Berlin-Brandenburg,14
,editor,Concorde-Castle Rock/Turner,13
f,producer,SF Video,13
m,writer,Société de Développement des Entreprises Culturelles (SODEC),13
,director,Broadway Video,13
f,actress,Jaded Creative Productions,13
m,director,Live Home Video,13
,producer,Metropolitan Film & Video,13
m,producer,De Volkskrant,13
,producer,Escola Superior de Teatro e Cinema (ESTC),13
f,actress,Slide,13
,producer,Monster Animation and Design,13
,cinematographer,Televisión Federal (Telefe),13
,composer,Ecole Nationale Supérieure des Arts Décoratifs (ENSAD),13
,composer,Ecole Supérieure des Métiers Artistiques (ESMA),13
,producer,Nickelodeon Studios,13
m,writer,Leader Music,13
m,composer,Filmladen,13
m,composer,Sony Pictures Worldwide Acquisitions (SPWA),13
f,producer,Vendetta Films,13
f,producer,Cannes Home Vídeo,13
,director,Palisades Tartan,13
f,actress,BFS Video,13
,producer,Inside Track 2,13
m,writer,Lyrick Studios Video,13
,editor,Cannes Home Vídeo,13
f,actress,Deerjen Films,13
m,writer,Sony Video,13
m,composer,Bezalel Academy of Arts and Design,13
f,producer,Prisvídeo - Edições Videográficas,13
,producer,New York Film Academy at Universal Studios,13
m,writer,Cine Video y TV,13
m,producer,"Ontario Film Development Corporation, The",13
,producer,Pathé Video,13
f,actress,Blunderland,13
m,director,RCA/Columbia Pictures Home Video,13
m,writer,Trimark Home Video,13
m,writer,Sherazade Film Development,13
,composer,Fondo de Inversión y Estímulos al Cine (FIDECINE),13
f,actress,Providencia,13
,producer,Serenade Films,13
m,cinematographer,Kino Video,13
,writer,Instituto de la Cinematografía y de las Artes Audiovisuales (ICAA),13
,cinematographer,DEFA-Studio für Trickfilme,13
f,actress,Fidelity Films,13
,director,Concorde Home Entertainment,13
f,actress,Dino de Laurentiis Cinematografica,13
,producer,Outsider Films,13
,producer,Asociacion Mexicana de Cineastas Independientes (AMCI),13
m,producer,Core Design,13
m,producer,J.J. Sedelmaier Productions,13
,editor,Nickelodeon Movies,13
f,actress,Dex Entertainment,13
f,director,Home Video Hellas (HVH),13
m,producer,Collective Development,13
,producer,Fidelio,13
,cinematographer,Bodega Films,13
f,actress,Tel Aviv University Film & Television Department,13
,composer,PlayArte Home Vídeo,13
f,actress,Made It Myself Pictures,13
f,actress,Desert Wind,13
,producer,Tradewind Pictures,13
m,producer,Zeitgeist Video,13
,director,Animacijas Brigade,13
m,producer,Warner Home Video Española S.A.,13
f,actress,Manitoba Film & Sound Development Corporation,13
m,cinematographer,Televisió de Catalunya (TV3),13
m,composer,DEJ Productions,13
m,producer,New Concorde Home Entertainment,13
f,actress,Presage Software Development Company,13
f,actress,Demian Communications,13
f,actress,Nederlandse Film en Televisie Academie (NFTVA),13
m,writer,Wolfe Video,13
m,producer,Anna Sanders Films,13
f,actress,Desert Skye Entertainment,13
m,writer,Concorde-New Horizons,13
,producer,America Video,13
,cinematographer,London Film Academy,13
m,composer,Manga Video,13
m,editor,Kino Video,13
m,producer,America Video Film,13
,editor,Animacijas Brigade,13
f,actress,Ron De Cana Productions,13
f,actress,Légende Films,13
f,actress,Tiertex Design Studios,13
m,producer,Filmförderung Hamburg,13
m,writer,Filmförderung Hamburg,13
f,actress,Detour Pictures,13
m,producer,First Independent Films,13
,composer,London Film Academy,13
m,composer,Tandem Communications,13
,producer,Conquistador Worldwide Media,13
m,producer,Wanda Distribución Cinematográfica de Films S.A.,13
m,writer,SF Video,13
f,actress,Golden Screen Enterprises,13
m,composer,Tartan Video,13
f,writer,CIC Vídeo,13
,editor,Fondo de Inversión y Estímulos al Cine (FIDECINE),13
m,producer,Golden Mean,13
m,producer,Detour Filmproduction,13
,producer,Tordenfilm AS,13
f,actress,Lloyds Home Vídeo,13
m,producer,2 Entertain Video,13
m,composer,Republic Pictures Home Video,13
,composer,Monarch Home Video,13
f,actress,TideRock Films,13
f,producer,Wide Pictures,13
f,writer,Arbeitsgemeinschaft der öffentlich-rechtlichen Rundfunkanstalten der Bundesrepublik Deutschland (ARD),13
m,director,Tapeworm Video Distributors,13
m,cinematographer,Califórnia Home Vídeo,13
,producer,Zürcher Hochschule der Künste,13
,producer,Concorde-New Horizons,13
m,cinematographer,Dendy Films,13
,producer,Nordisk Film Video,13
,editor,Cine Video y TV,13
,writer,Département de la Charente,13
m,writer,Hart Sharp Video,13
f,actress,Behaviour Worldwide,13
m,cinematographer,Cannes Home Vídeo,13
m,producer,Palisades-Tartan Acquisitions,13
f,actress,Avid Home Video,13
f,actress,Centre du Cinéma et de l'Audiovisuel de la Fédération Wallonie-Bruxelles,13
m,cinematographer,Warner Independent Pictures (WIP),13
f,actress,Distant Thunder Films,13
f,producer,Video Film Express,13
m,director,Discovery Film & Video Distribution,13
m,composer,Televisión Federal (Telefe),13
,writer,Presidenzia del Consiglio del Ministri-Dipartimento dello Spettacolo,13
f,director,Pyramide Distribution,13
m,writer,Mandeville Films,13
f,actress,Coop Vidéo de Montréal,13
m,director,Cine-Clube de Avanca,13
f,actress,Michael Alden Productions,13
f,editor,Prorom Media-Trade,13
f,editor,Divisa Home Video,13
f,producer,Lider Films,13
m,editor,Wide Pictures,13
f,actress,Golden Princess Amusement Company,13
,producer,Goldenring Productions,13
f,producer,Instituto Nacional de Cine y Artes Audiovisuales (INCAA),13
,composer,Fondo para la Producción Cinematográfica de Calidad (FOPROCINE),13
m,editor,Nickelodeon Movies,13
,editor,Gaumont/Columbia TriStar Home Video (GCTHV),13
m,composer,Versátil Home Vídeo,13
m,writer,Quanta Centro de Produções Cinematográficas,13
f,producer,Sony Pictures Video,13
m,cinematographer,Republic Pictures Home Video,13
m,director,Arcade Movie Company,13
m,producer,Alliance Video,13
m,writer,Degeto Film,13
m,producer,El Deseo S.A.,13
,composer,DEFA-Studio für Trickfilme,13
m,writer,Nederlandse Programma Stichting (NPS),13
m,director,Alamode Film,13
,director,Viz Video,13
f,actress,Odeon Pictures,13
f,producer,Golden Village,13
m,director,Califórnia Home Vídeo,13
m,director,Viva Video,13
f,producer,Cecchi Gori Home Video,13
m,director,Golden Princess Film Production Limited,13
f,writer,DeA Planeta Home Entertainment,13
,editor,C/FP Video,13
f,actress,Maison de Cinema,13
,writer,Cineplex-Odeon Home Video,13
f,actress,Inside Track Productions,13
,producer,J:COM On Demand,13
,editor,Medienboard Berlin-Brandenburg,13
m,writer,Escola Superior de Cinema i Audiovisuals de Catalunya (ESCAC),13
f,actress,Sideways Productions Inc.,13
m,producer,Animacijas Brigade,13
f,actress,Camara Municipal de Sintra,13
m,writer,Prisvídeo - Edições Videográficas,13
m,producer,Nijenhuis & de Levita Film & TV B.V.,13
f,actress,Deer Path Productions,13
m,composer,Sherazade Film Development,13
,producer,Centro Nacional Autónomo de Cinematografía (CNAC) (I),13
f,actress,Lefwander Kapitalförvaltning AB,13
,producer,Fox-Walden,13
f,actress,Trianon Vídeo,13
m,writer,Generalitat de Catalunya - Institut Català de les Indústries Culturals (ICIC),13
,writer,Frederator Incorporated,13
,producer,Redeemable Features,13
m,producer,Fox Lorber Home Video,13
,editor,Asia Video Publishing Co. Ltd.,13
,editor,Les Films de l'Arlequin,13
f,actress,China Star Worldwide Distribution,13
m,cinematographer,Roadside Attractions,13
,director,New Sensations Video,13
f,actress,DEMD Productions,13
f,actress,Disorder Productions,13
,producer,Big Idea,13
f,actress,Beijing Fesco Prospect Culture Development,13
m,composer,Frederator Incorporated,13
m,producer,Instituto Cubano del Arte e Industrias Cinematográficos (ICAIC),13
m,producer,Ekaterinburg Art Home Video (EAHV),13
m,composer,Worldwide Entertainment Group (WEG),13
m,director,Concorde Video,13
m,writer,Nea Kinisi Video,13
,editor,Odeon Films,13
f,producer,CIC Video,13
f,producer,Televisió de Catalunya (TV3),13
,writer,Les Films Alain Sarde,13
,producer,Société Générale des Industries Culturelles du Québec (SOGIC),12
m,cinematographer,Delux Productions,12
m,writer,Video Treasures,12
,writer,Epidem,12
m,director,Mitteldeutscher Rundfunk (MDR),12
m,producer,Caja de Granada,12
m,producer,Junta de Andalucía,12
f,writer,Golden Village,12
f,actress,RCA Home Video,12
,cinematographer,Canadian Film or Video Production Tax Credit (CPTC),12
,writer,Recorded Picture Company (RPC),12
m,director,Sony Wonder,12
m,composer,Hollywood Pictures Home Video,12
f,actress,Latitude Productions,12
f,actress,Sin Perdon de Dios,12
,editor,Arcade Movie Company,12
m,director,Generalitat de Catalunya - Institut Català de les Indústries Culturals (ICIC),12
m,producer,Video Treasures,12
f,actress,Video 80,12
m,writer,Varus Video,12
,writer,Nickelodeon,12
,producer,June Video,12
,composer,Video Audio Project (VAP),12
f,actress,Pan Vision Publishing Video,12
,producer,"Gobierno de Aragón, Departamento de Cultura y Turismo",12
m,composer,Dendy Films,12
,producer,Caja de Ahorros de La Rioja (Cajarioja),12
,producer,Gobierno de La Rioja,12
,director,London Film Academy,12
f,actress,The Content Providers Limited,12
,producer,M.A. Marcondes,12
,writer,Lux Vide,12
,producer,Fonds Eurimages du Conseil de l'Europe,12
m,producer,Tandem Films,12
,editor,Asian Video Wholesalers,12
f,actress,Red Raider Films,12
,writer,MCA Home Video,12
,writer,Core Design,12
,producer,Filmax Distr. de Pelic. S.A.,12
f,actress,Demalgamation,12
f,producer,Mandeville Films,12
m,cinematographer,Destination Films,12
,director,"Asociación Taller de Cine ""El Mate""",12
,producer,Postmodern Times,12
,director,Anderson Digital,12
,writer,Animacijas Brigade,12
,writer,"Asociación Taller de Cine ""El Mate""",12
,producer,Manitoba Film and Video Production Tax Credit,12
,writer,London Film Academy,12
m,producer,Nickelodeon,12
m,writer,Hemdale Home Video,12
m,producer,Palisades Productions,12
m,editor,Filmakademie Baden-Württemberg,12
,composer,Pathfinder Pictures,12
f,actress,Fantasy Bride Productions,12
,producer,Scheherazade,12
,writer,Mitteldeutsche Medienförderung (MDM),12
m,writer,Ripley's Home Video,12
m,producer,America Video,12
,producer,Alliance Video,12
f,actress,Rede Telecine,12
f,actress,Cadenza Films B.V.,12
,editor,Ecole Nationale Supérieure des Arts Décoratifs (ENSAD),12
m,writer,Neue Deutsche Filmgesellschaft (NDF),12
f,actress,Thunderhead Films,12
,editor,Longride,12
m,composer,Malofilm Home Video,12
,producer,The National Film and Video Foundation of SA,12
f,producer,Delux Productions,12
,producer,Bride Productions,12
,cinematographer,Schröder Media,12
,producer,Buena Vista International (Denmark),12
f,actress,SVS/Triumph Home Video,12
,editor,Participate Film Academy,12
m,writer,Filmboard Berlin-Brandenburg (FBB),12
f,actress,Cooperativa de Trabajo Kaos,12
,director,Degeto Film,12
m,editor,E.I. Independent Cinema,12
,writer,Medienboard Berlin-Brandenburg,12
m,director,Ripley's Home Video,12
,writer,Trimark Video,12
,cinematographer,Independent Partners,12
,composer,Spentzos Film Home Video,12
,producer,Detailfilm,12
f,writer,Palisades Tartan,12
m,writer,Amazon Instant Video,12
m,director,Worldwide Entertainment Group (WEG),12
,producer,Wonderful Works,12
,editor,Prem'er Video Fil'm,12
,writer,Concorde Film,12
,editor,Leader Music,12
m,writer,Pathfinder Pictures,12
m,composer,Live Home Video,12
,producer,Studio de Castelnau,12
,writer,Studio de Castelnau,12
,producer,Centre Promotor de la Imatge (CPI) S.A.,12
,composer,Studio de Castelnau,12
m,writer,Palisades-Tartan Acquisitions,12
,director,Studio de Castelnau,12
,cinematographer,Animacijas Brigade,12
,editor,Studio de Castelnau,12
f,actress,Alvaro Velarde Producciones,12
f,actress,Michel de Wouters Production,12
f,producer,Detaron Productions,12
,producer,Riverside Entertainment Group,12
m,writer,Stampede Entertainment,12
,producer,Defiant Pictures,12
,producer,Televisión de Galicia (TVG) S.A.,12
,cinematographer,Zürcher Hochschule der Künste,12
m,producer,The Czech Republic State Fund for Support and Development of Cinematography,12
f,actress,Outsider Films,12
m,writer,Devinshire Jamestown Pictures,12
m,producer,NDE Productions,12
,producer,Palisades Productions,12
m,writer,Filmtrade,12
f,actress,Independent Pictures (III),12
m,writer,Warner Bros. Home Video,12
m,producer,Aldea Films,12
,producer,Burnside Entertainment,12
,producer,Xscapade Pictures Ltd.,12
,cinematographer,Devilhead Films,12
m,director,Malofilm Home Video,12
,writer,Universidade Lusófona de Humanidades e Tecnologias,12
m,producer,Golders Green Trinity URC,12
,director,BMG Video,12
,composer,Anderson Digital,12
m,cinematographer,Ripley's Home Video,12
,producer,Fondo de Fomento a la Calidad Cinematográfica,12
,producer,Worldvision Home Video,12
m,writer,MPI Home Video,12
m,writer,M & M Vihdepalvely,12
,producer,Eco Filmes/Prisvideo,12
,composer,Televisió de Catalunya (TV3),12
f,actress,Desperado Film,12
,producer,Cines Unidos de Venezuela,12
,composer,"Ontario Film Development Corporation, The",12
m,composer,Vendetta Films,12
f,actress,Van Alden Pictures,12
m,writer,New Concorde Home Entertainment,12
m,writer,Providence Films,12
f,actress,Deco L.A. Productions,12
,director,Den Danske Filmskole,12
,producer,Latitude Films,12
,composer,Studio DEEN,12
m,producer,WGBH Boston Video,12
,director,Le Fresnoy Studio National des Arts Contemporains,12
,composer,Animacijas Brigade,12
,producer,Kids Edutainment Video,12
m,cinematographer,Wide Pictures,12
f,actress,La Générale de Production,12
,producer,Universidade Federal de Minas Gerais,12
f,actress,Modern American Cinema,12
f,actress,Nordiska TV-Samarbetsfonden,12
m,composer,Norddeutscher Rundfunk (NDR),12
,writer,MPI Home Video,12
,producer,Société Française de Production (SFP),12
,writer,Arcade Movie Company,12
f,actress,Rocket Pictures Home Video,12
,composer,Atelier de Production de la Cambre ASBL,12
,editor,London Film Academy,12
,producer,Warner Home Video Española S.A.,12
f,actress,La Maison de Ecrivains,12
m,writer,Schröder Media,12
,producer,Tandem Productions (II),12
,composer,Deutsche Film- und Fernsehakademie Berlin (DFFB),12
,editor,América Vídeo,12
,producer,Brooklyn Independent Studios,12
f,actress,Aspa Cine-Video S.L.,12
f,actress,MMDP Munich Movie Development & Production GmbH & Co. Project KG,12
f,actress,Wave Video,12
,producer,Amazon Instant Video,12
m,writer,José Frade Producciones Cinematográficas S.A.,12
f,producer,Random House Home Video,12
,editor,Golden Village,12
f,actress,Sridevi Productions,12
,producer,Live Video,12
f,actress,Convivial Design Inc.,12
,composer,June Video,12
f,actress,MGM Home Video,12
,editor,Schröder Media,12
f,actress,L'Académie de France à Rome (Villa Médicis),12
m,producer,Concorde Pictures,12
m,writer,Pehade Beheer BV (BBI),12
m,editor,Autour de Minuit Productions,12
f,actress,Video Vigilantes,12
,producer,Outsider Pictures,12
f,actress,Undervisningsministeriets Tips- og Lottomidler,12
f,actress,Undervisningsministeriets Mediekontor,12
m,producer,Tri Destined Studios,12
f,actress,Egmont Fonden,12
f,actress,Odense Kommune,12
f,actress,Døvefonden,12
,producer,Inside Track Films,12
f,actress,Randum Video,12
,producer,De Palacio Films,12
,producer,Idyllwild Arts Academy,12
,producer,Aditya Video,12
f,actress,Epidem,12
f,actress,Alliance Independent Films,12
,editor,Surrender Cinema,12
f,actress,Santo Domingo Film & Music Video,12
f,actress,Destined Media,12
m,producer,"Film Department, The",12
,producer,Golden Harvest Pictures (China),12
,producer,Hey Jude Productions,12
,editor,DEFA-Studio für Trickfilme,12
m,composer,Videorama,12
f,actress,Dynamic Entertainment DEH,12
,editor,Vídeo Arte,12
f,actress,Forbidden City Studios,12
,producer,Expanded Entertainment,12
f,actress,Videodis,12
f,actress,Studio Video a Televizni Tvorby,12
m,producer,Liquid Desert,12
,producer,Wide Sight Entertainment Limited,12
,producer,Independent Film Sales,12
f,writer,Independent Television (ITV),12
,producer,Met / Hodder,12
,producer,Folha de Pixel,12
m,producer,Academy Entertainment,12
,editor,Escuela de Cinema y Audiovisual Comunidad de Madrid (ECAM),12
,producer,Les Studios de Saint Ouen,12
m,writer,Tidepoint Pictures,12
f,writer,Degeto Film,12
m,producer,Brilliant Idea Group (BIG),12
f,actress,Panini Video,12
,producer,Amuse Video,12
,producer,Alliance Atlantis Video,12
,producer,Videoservice,12
m,cinematographer,Cineplex Odeon Films,12
f,actress,Ciudad de la Luz,12
f,actress,Delanic Films,12
m,director,Longride,12
f,actress,Media Development (MDC),12
m,producer,Filmboard Berlin-Brandenburg (FBB),12
m,writer,Pecho Grande,12
,producer,Les Productions de la Guéville,12
,cinematographer,Paris Vídeo,12
m,producer,Pecho Grande,12
,producer,Devils Avalanche Films,12
f,actress,American Dental Association,12
f,actress,Soft on Demand,12
f,actress,MCA Music Video,12
f,writer,Hochschule für Bildende Künste Hamburg,12
m,writer,Japan Video Distribution (JVD) Co. Ltd.,12
f,editor,Concorde Home Entertainment,12
m,cinematographer,Cecchi Gori Home Video,12
m,writer,Ostdeutscher Rundfunk Brandenburg (ORB),12
f,actress,Companhia de Imagem,12
,producer,Savannah College of Art & Design,12
f,actress,A Smith Side Entertainment,12
m,cinematographer,Sony Pictures Video,12
f,actress,Spyder Entertainment,12
f,actress,Royal Opera House Covent Garden,12
,producer,Nickelodeon Productions,12
f,actress,AIP Home Video,12
f,actress,Intellectual Properties Worldwide (I),12
m,cinematographer,Sociedad General de Derechos Audiovisuales (SOGEDASA),12
m,editor,Instituto Nacional de Cine y Artes Audiovisuales (INCAA),12
,writer,Montevideo Ltd.,12
m,producer,Mitteldeutsche Medienförderung (MDM),12
f,producer,La Fabrique de Films,12
m,writer,Mitteldeutscher Rundfunk (MDR),12
m,composer,Universe Laser & Video Co. Ltd.,12
,producer,UGC Video,12
f,actress,Scala Thunder,12
,producer,Wiedemann & Berg Television,12
f,actress,Les Films de Cléopâtre,12
f,actress,Sony Music Video,12
m,cinematographer,Degeto Film,12
f,editor,Walt Disney Home Video,12
f,actress,Gag Order Films,12
f,actress,New York Film Academy,12
,producer,Bardel Entertainment,12
f,actress,De Efteling B.V.,12
f,writer,Programme MEDIA de la Communauté Européenne,12
m,director,Ascot Video,12
,producer,Underground,12
f,actress,Eden's Watchtower Records,12
,producer,Zentropa International Sweden,12
m,producer,Turner Pictures Worldwide,12
,producer,Saban Video,12
f,actress,Alexander Genievsky,12
,producer,Vendetta Filmes,12
f,actress,Escuela Internacional de Cine y Televisión (EICTV),12
f,actress,CIC Victor Video,12
f,actress,Les Films de L'Autre,12
f,actress,Video Team,12
m,actress,Gativideo,12
f,actress,Filmstudio Demarsh,12
,editor,Filmax Home Video,12
m,writer,The Czech Republic State Fund for Support and Development of Cinematography,12
m,director,Mega Star Video Distribution,12
m,director,Inderjit Films Combine,12
f,actress,Palisades Productions,12
m,actress,Columbia TriStar Home Video,12
f,actress,Videovision Entertainment,12
f,producer,WGBH Boston Video,12
,writer,Universidade Lusófona,12
,producer,Carolina Torn Asunder Inc.,12
,writer,Concorde-Castle Rock/Turner,12
m,director,Nickelodeon Productions,11
,cinematographer,Destination Films,11
m,cinematographer,Walden Media,11
m,producer,BBC Worldwide,11
,producer,Dead Gentlemen Productions,11
f,actress,NBC Home Video,11
,producer,Sony Music Video (SMV) Enterprises,11
,producer,Greenwood/Cooper Video,11
f,producer,BMG Video,11
m,cinematographer,Independent Television (ITV),11
f,actress,Independent Film Group,11
m,producer,Fidecine,11
m,editor,Discovery Film & Video Distribution,11
,director,PolyGram Video,11
m,composer,Instituto Cubano del Arte e Industrias Cinematográficos (ICAIC),11
,cinematographer,MCA/Universal Home Video,11
m,director,BBC Worldwide,11
f,actress,Lucky Red Video,11
f,actress,Alfa-Panorama Film & Video,11
m,writer,Plus Video,11
m,director,Pecho Grande,11
m,composer,Prisvídeo - Edições Videográficas,11
,producer,J.J. Sedelmaier Productions,11
m,editor,Région Ile-de-France,11
m,writer,Videoclub Misterio,11
m,director,Nederlandse Programma Stichting (NPS),11
,producer,First Independent Films,11
m,director,Videoclub Misterio,11
,producer,Sabella Dern Entertainment,11
m,editor,Videoclub Misterio,11
m,composer,Ministère de la Culture et de la Communication,11
m,director,Andes Films,11
f,editor,Pyramide Distribution,11
f,producer,Sony Pictures Worldwide Acquisitions (SPWA),11
,director,Malofilm Home Video,11
m,writer,CNR Film & Video,11
m,writer,First Independent Pictures,11
m,writer,Contender Entertainment Group,11
m,writer,Expanded Entertainment,11
m,cinematographer,Dentsu,11
,producer,Rizzoli Corriere della Sera Home Video (RCS),11
,director,J.J. Sedelmaier Productions,11
,producer,Indipendenti Regionali,11
f,actress,Derf Films,11
,producer,Ripley's Home Video,11
,producer,Nederlandse Omroepstichting (NOS),11
m,composer,Toei Video Company,11
m,producer,Alexander/Enright & Associates,11
m,cinematographer,Discovery Film & Video Distribution,11
f,producer,Filmladen,11
m,writer,Kinderkanal,11
m,director,New Sensations Video,11
,producer,Home Made Movies,11
,editor,Prisvídeo,11
,editor,Zürcher Hochschule der Künste,11
m,director,Opéra National de Paris,11
f,writer,Video Film Express,11
m,director,Independent Film Channel (IFC),11
m,writer,Independent Film Channel (IFC),11
,composer,Quanta Centro de Produções Cinematográficas,11
m,producer,Independenta Film,11
m,producer,Eco Filmes/Prisvideo,11
f,producer,Nea Kinisi Video,11
,producer,Departamento de Cultura del Gobierno Vasco,11
,composer,Nintendo Entertainment Analysis and Development (EAD) (I),11
f,producer,Instituto de la Cinematografía y de las Artes Audiovisuales (ICAA),11
f,actress,Salto de Eje Producciones Cinematográficas S.L.,11
f,actress,Schokolade Filmproduktion GmbH,11
,composer,Video Treasures,11
,producer,De Cuernos Al Abismo,11
f,actress,Universal Music & Video Distribution (UMVD),11
,composer,Malofilm Home Video,11
,producer,Dezenove Filmes,11
,producer,Sincronía Films S.A. de C.V.,11
m,producer,Buena Vista International (Denmark),11
f,actress,Les Ateliers de l'Arche,11
,director,Twin Video,11
,composer,Regal Home Video,11
f,producer,Cineplex Odeon Films,11
,producer,Casa Kafka Pictures Movie Tax Shelter Empowered by Dexia,11
f,actress,Wonderland Films,11
,producer,Wide Frame Pictures,11
,writer,SBS Independent,11
m,writer,Centro de Capacitación Cinematográfica (CCC),11
m,writer,Metrodome Video Ltd.,11
f,actress,8th Wonder Media Group,11
,producer,Cine du Monde,11
f,director,Walt Disney Home Video,11
,composer,Random House Home Video,11
f,actress,Videovox Stúdió,11
m,producer,Creative Light Worldwide,11
f,actress,Canyon Vídeo,11
m,writer,Michael De Luca Productions,11
,editor,Recorded Picture Company (RPC),11
,producer,PolyGram Home Video,11
f,producer,Odeon Films,11
f,actress,Tigers Den Studios,11
,director,Programme MEDIA de la Communauté Européenne,11
,director,Nederlandse Programma Stichting (NPS),11
,producer,Trademark Films,11
f,actress,KGP Kranzelbinder Gabriele Production,11
f,actress,Fades 2 Black Media Group,11
,director,Monarch Home Video,11
f,actress,Independent Film Development,11
,director,New Line Home Video,11
,producer,Escola Superior de Cinema i Audiovisuals de Catalunya (ESCAC),11
,producer,DIA Distributori Indipendenti,11
,editor,Nea Kinisi Video,11
m,director,DEJ Productions,11
f,director,Independent Films,11
,producer,Kulturelle Filmförderung Sachsen,11
f,actress,Marauder Productions (II),11
,editor,Sociedad General de Derechos Audiovisuales (SOGEDASA),11
,cinematographer,La Fabrique de Films,11
,producer,York Home Video,11
,cinematographer,Studio DEEN,11
,composer,Califórnia Home Vídeo,11
,director,Paris Vídeo,11
,director,Digital Entertainment (DEI),11
m,producer,Outsider Pictures,11
m,producer,Joy Sales Film and Video Distributors,11
f,actress,Raedon Video,11
m,producer,Office Fédéral de la Culture,11
,producer,Tri Destined Studios,11
,editor,Video Planning,11
,editor,Mega Star Video Distribution,11
,producer,Media Development Authority (MDA),11
m,director,Sherazade Film Development,11
f,actress,Independent Network International (INI),11
f,director,EuroVideo,11
m,writer,Golden Princess Film Production Limited,11
,writer,Le Fresnoy Studio National des Arts Contemporains,11
,editor,Lizard Cinema Trade,11
,writer,Alliance Atlantis Video,11
f,actress,Bonton Home Video,11
,writer,MDP Worldwide,11
,writer,Highlight Video,11
,director,Expanded Entertainment,11
,composer,Cine Video y TV,11
m,producer,Amazon Instant Video,11
f,producer,Longride,11
,editor,Rundfunk Berlin-Brandenburg (RBB),11
m,editor,Sony Pictures Worldwide Acquisitions (SPWA),11
f,actress,Wanderlust Film,11
,writer,Aditya Video,11
m,producer,Citadel Entertainment,11
,director,"Kinovideoobedinenie ""Krupniy Plan""",11
f,writer,Video Sound,11
m,director,Lizard Cinema Trade,11
f,actress,Video Planning,11
,writer,Troma Team Video,11
f,actress,Worldwide Evolution Films,11
f,actress,Wayfinder Films,11
,producer,Endemol Deutschland,11
f,actress,Midnight Video,11
m,cinematographer,BMG Video,11
,producer,Good Worldwide,11
f,writer,"Ontario Film Development Corporation, The",11
,director,Prorom Media-Trade,11
f,actress,Master Video,11
,producer,Cineplex Development,11
,writer,Zürcher Hochschule der Künste,11
f,actress,Sky Cosmos Development,11
f,actress,Delius Film,11
,cinematographer,"Asociación Taller de Cine ""El Mate""",11
f,actress,CBS/Fox Video,11
m,composer,Warner Independent Pictures (WIP),11
m,cinematographer,Live Home Video,11
m,producer,ITI Home Video,11
f,actress,Escuela de Cinematografía y Actuación de Monterrey The Films Workshops,11
m,writer,Wild Side Vidéo,11
f,actress,New Deal Studios,11
m,director,ICF Institut Català de Finances,11
m,director,Twin Video,11
,editor,DEJ Productions,11
f,actress,American Video,11
f,actress,Taller de la Luz,11
f,actress,BWE Video,11
,composer,Edel Media & Entertainment,11
,writer,Shochiku Home Video,11
m,director,Escola Superior de Cinema i Audiovisuals de Catalunya (ESCAC),11
,composer,Trimark Home Video,11
,editor,RCA/Columbia Pictures Home Video,11
,editor,Odeon Film,11
m,producer,Videoville Showtime,11
,cinematographer,PlayArte Home Vídeo,11
,director,DEFA-Studio für Trickfilme,11
f,producer,Concorde-Castle Rock/Turner,11
,producer,Independent Film '97,11
,cinematographer,E.I. Independent Cinema,11
m,producer,Monolith Video,11
,writer,Sony Pictures Video,11
f,writer,Prooptiki Video,11
f,actress,Bruder Releasing (BRI),11
f,actress,"University of the Arts, Philadelphia",11
f,actress,Brentwood Home Video,11
f,actress,Golden Network Asia,11
f,actress,Instituto de Capacitación Cinematográfica,11
,writer,Citadel Entertainment,11
,writer,Channel 5 Video Distribution,11
m,director,Concorde-New Horizons,11
f,actress,Italgest Video,11
,director,Hi-Tops Video,11
f,actress,Le Studio de Creation Cinematographique du Ministere de la Culture,11
,director,Golden Book Video,11
,producer,New Concorde Home Entertainment,11
m,editor,Videorama,11
f,actress,Oldenburg International Filmfestival,11
,producer,UFA Video,11
,editor,Sociedad General de Televisión (Sogetel),11
m,editor,Det Danske Filminstitut,11
m,director,Alliance Home Video,11
m,director,Société de Développement des Entreprises Culturelles (SODEC),11
f,actress,Antartic Video,11
,director,Televisión de Galicia (TVG) S.A.,11
,writer,Ostdeutscher Rundfunk Brandenburg (ORB),11
,producer,Core Design,11
f,actress,Jude 1:23 Films,11
,writer,Prem'er Video Fil'm,11
m,editor,Deltamac Entertainment,11
m,producer,Deutsche Film- und Fernsehakademie Berlin (DFFB),11
f,actress,Fraserside Holdings Ltd.,11
,editor,Lider Films,11
m,writer,Zeitgeist Video,11
,editor,La Fabrique de Films,11
,cinematographer,Centre d'Estudis Cinematogràfics de Catalunya (CECC),11
,writer,Viva Video,11
,editor,SBS Independent,11
,editor,Expanded Entertainment,11
m,writer,A&E Home Video,11
f,director,Concorde Filmverleih,11
,writer,Brøderbund Software,11
f,actress,Flashpoint Academy,11
f,actress,Hustler Video,11
,composer,Universidad Nacional Autónoma de México (UNAM),11
m,composer,Highlight Video,11
f,actress,Handmade Flimfilms,11
,producer,Perro Verde Films,11
m,producer,Expanded Entertainment,11
,producer,Pandemic Production,11
f,cinematographer,Centre National de la Cinématographie (CNC),11
,cinematographer,Nickelodeon Network,11
f,actress,Pip's Garden Company,11
m,director,New Horizons Home Video,11
m,producer,Big Idea,11
m,composer,Recorded Picture Company (RPC),11
,writer,Home Made Movies,11
m,composer,Nea Kinisi Video,11
,producer,New Deal Productions,11
m,writer,Medusa Video,11
f,producer,"Films de l'Elysée, Les",11
f,actress,Shalimar Videos,11
m,cinematographer,Regal Home Video,11
,producer,Universidad Politécnica de Valencia,11
,cinematographer,Califórnia Home Vídeo,11
f,actress,Defiant Pictures,11
f,actress,Modern Digital,11
f,actress,Kino International Video,11
,cinematographer,Videocine,11
,producer,Wild Side Films,11
,composer,Highlight Video,11
f,actress,Mexcinema Video Corp.,11
,producer,Deep Films,11
,writer,Fidecine,11
f,actress,Riverside Entertainment Group,11
,producer,Resnick Interactive Development,11
,producer,Decade Distribution,11
f,actress,RCS Video,11
,director,Vendetta Films,11
,producer,Filmayer Vídeo,11
m,cinematographer,C/FP Video,11
m,composer,Cineplex Odeon Films,11
m,producer,Dino De Laurentiis Company,11
f,actress,DEFA-Studio für Trickfilme,11
f,actress,Produksjonsfondet for kino og fjernsynfilm,11
f,actress,Flan de Coco Films,11
,writer,Film Afrika Worldwide,11
f,actress,Wandering Eye Pictures,11
f,actress,Transcendent,11
,producer,Eden Wurmfeld Films,11
f,actress,DEFA-Studio Babelsberg GmbH,11
,writer,TV5 Monde,11
,director,"Ontario Film Development Corporation, The",11
m,writer,Live Video,11
f,actress,Scheherazade,11
f,actress,Maurício de Souza Produções Cinematográficas,11
m,producer,Metropolitan Film & Video,11
,writer,Golden Book Video,11
f,actress,Brandon Whiteside Productions,11
m,producer,DesperaDo,11
f,actress,Accidental Pictures,11
f,actress,MTI Video,11
,cinematographer,Sony Pictures Video,11
f,actress,Institut National de l'Audiovisuel (INA),11
,writer,Golden Network Asia,11
f,writer,Instituto Nacional de Cine y Artes Audiovisuales (INCAA),11
f,actress,8th Wonder Entertainment,11
,producer,Start Desenhos Animados,11
m,cinematographer,Gaumont/Columbia TriStar Home Video (GCTHV),10
f,actress,CIC Video I/S,10
m,cinematographer,Tartan Video,10
m,writer,SBS Independent,10
f,actress,Golden Network,10
,director,Nintendo Entertainment Analysis and Development (EAD) (I),10
,producer,Gobierno del Estado de Puebla,10
,producer,Delante Films,10
,cinematographer,Ripley's Home Video,10
m,writer,Made To Love Productions,10
m,cinematographer,Télévision Suisse-Romande (TSR),10
f,actress,Savannah College of Art & Design,10
m,writer,Slide Screen Entertainment,10
m,composer,Instituto de la Cinematografía y de las Artes Audiovisuales (ICAA),10
f,actress,Deluxe Combo Films Inc.,10
,producer,VideoServis,10
,producer,Société Générale de Gestion Cinématographique (SGGC),10
m,producer,Dead Gentlemen Productions,10
m,producer,Perro Verde Films,10
m,writer,Tandem Communications,10
m,producer,Ghosthouse Underground,10
m,producer,Courtside Seats Productions,10
m,cinematographer,Medienboard Berlin-Brandenburg,10
,director,Líder Films,10
f,producer,Sociedad General de Derechos Audiovisuales (SOGEDASA),10
,producer,Stampede Entertainment,10
m,cinematographer,Ascot Video,10
,producer,Deluxe Combo Films Inc.,10
f,cinematographer,Argentina Video Home,10
,writer,Thunder Road Pictures,10
f,actress,Wonderphil Productions,10
m,composer,Mandeville Films,10
,writer,Central Independent Television,10
f,actress,Schroeder Hoffman Productions,10
f,actress,Toshiba Video Softwares,10
,writer,Rede Globo de Televisão,10
f,actress,Sunset Hill Video,10
f,writer,Paris Vídeo,10
f,actress,Nederlander Film,10
m,composer,Mitteldeutsche Medienförderung (MDM),10
m,writer,Academy Entertainment,10
f,actress,Wide-Eyed Entertainment,10
f,actress,Deadline Film AS,10
m,producer,Made To Love Productions,10
,producer,Idea Factory,10
m,cinematographer,Sony Pictures Worldwide Acquisitions (SPWA),10
m,composer,MCA Home Video,10
,writer,Escuela de Cinema y Audiovisual Comunidad de Madrid (ECAM),10
f,writer,Televisió de Catalunya (TV3),10
m,producer,Sociedade Independente de Comunicação (SIC),10
,writer,Prisvídeo - Edições Videográficas,10
f,actress,Code 99,10
f,actress,Golden Girl,10
m,producer,Nordisk Film Video,10
,producer,DEFA-Studio Babelsberg GmbH,10
m,editor,New Horizons Home Video,10
,director,Videocine,10
m,producer,Ripley's Home Video,10
f,actress,President Films,10
f,actress,Perro Verde Films,10
f,actress,Newfull Development Company,10
f,actress,Videomatica,10
m,director,Leader Music,10
,composer,Sony Pictures Video,10
,composer,Prooptiki Video,10
m,director,Recorded Picture Company (RPC),10
,director,Nickelodeon,10
,editor,Malofilm Home Video,10
m,composer,Video Treasures,10
,editor,Transmundo Home Video (THV),10
m,writer,Le Fresnoy Studio National des Arts Contemporains,10
f,writer,"Films de l'Elysée, Les",10
f,actress,PBS Video,10
f,writer,Nickelodeon Network,10
,editor,Worldwide Entertainment Group (WEG),10
m,editor,Home Box Office Home Video (HBO),10
,director,"Ringling School of Art & Design, Sarasota, Florida",10
,editor,Inderjit Films Combine,10
m,director,Cine Video y TV,10
f,actress,Région Champagne-Ardennes,10
,writer,Denon,10
f,actress,Moody Independent,10
m,cinematographer,Asia Video Publishing Co. Ltd.,10
,producer,The Czech Republic State Fund for Support and Development of Cinematography,10
,producer,Insider Films,10
,cinematographer,Studio de Castelnau,10
,cinematographer,Troma Team Video,10
f,actress,Newfoundland Labrador Film and Video Industry Tax Credit Program,10
f,actress,Newfoundland and Labrador Film Development,10
m,composer,Creativos Asociados de Radio y Televisión (CARTEL),10
m,composer,Delux Productions,10
,producer,Flashpoint Academy,10
,cinematographer,Columbia TriStar Warner Filmes de Portugal,10
m,director,SF Video,10
m,composer,Contender Entertainment Group,10
f,writer,Kino Video,10
,cinematographer,New York Film Academy,10
f,actress,Krauss-DeGrazier,10
,editor,TV4 Sweden,10
,cinematographer,New Macedonian Video,10
m,cinematographer,Tapeworm Video Distributors,10
f,producer,Bona Fide Productions,10
f,producer,Live Home Video,10
f,producer,Highlight Video,10
,writer,Escola Superior de Teatro e Cinema (ESTC),10
m,cinematographer,Televicine S.A. de C.V.,10
,director,Escola Superior de Teatro e Cinema (ESTC),10
f,producer,Ron De Cana Productions,10
f,actress,Defender Film Company (II),10
m,cinematographer,Prem'er Video Fil'm,10
f,actress,Independent Film Fund,10
,editor,Centre National du Cinéma et de L'image Animée (CNC),10
,producer,Troma Team Video,10
f,actress,Théâtre National de Strasbourg,10
f,producer,Arbeitsgemeinschaft der öffentlich-rechtlichen Rundfunkanstalten der Bundesrepublik Deutschland (ARD),10
,director,Kinderkanal,10
m,composer,Hart Sharp Video,10
,writer,Idea Factory,10
m,writer,The Department of Trade and Industry of South Africa,10
m,producer,Les Films de l'Atalante,10
m,editor,Videocine,10
,composer,Touchstone Home Video,10
,producer,Pan Vision Publishing Video,10
,editor,Cineplex-Odeon Home Video,10
f,writer,Video Audio Project (VAP),10
,writer,Delta Pictures,10
,producer,Hellas Cosmos Video,10
,cinematographer,Fox Video,10
m,editor,Creativos Asociados de Radio y Televisión (CARTEL),10
,composer,Inderjit Films Combine,10
f,actress,Masquerade Films,10
f,actress,Warner Bros. Pictures de España,10
,editor,Département de la Charente,10
m,producer,Columbia TriStar Home Video Hong Kong,10
m,writer,HandMade Films,10
,editor,Escola Superior de Teatro e Cinema (ESTC),10
f,director,Universal Studios Home Video,10
,writer,Golden Princess Film Production Limited,10
f,actress,Saban Home Video,10
f,actress,Homemade Films,10
m,writer,ICF Institut Català de Finances,10
,writer,"Films de l'Elysée, Les",10
f,actress,Ace Deuce Entertainment,10
f,actress,K-Beech Video,10
f,producer,Fondo para la Producción Cinematográfica de Calidad (FOPROCINE),10
,producer,Made in Amman Productions,10
,writer,Les Studios de Saint Ouen,10
,producer,Wellmade Entertainment,10
,producer,Concorde Filmed Entertainment,10
f,composer,Columbia TriStar Films de Argentina,10
m,composer,Concorde Video,10
,producer,Blockade Entertainment,10
m,director,Pyramide Productions,10
,producer,Ciudad de la Luz,10
,director,Deutsche Film- und Fernsehakademie Berlin (DFFB),10
f,actress,Rawhide Pictures,10
f,actress,Wander Films,10
,cinematographer,Opéra National de Paris,10
f,actress,Golden-Culture-Times,10
,producer,Universidade Gama Filho,10
f,actress,Wide Frame Films,10
,writer,Desen International Media,10
m,editor,Canadian Film or Video Production Tax Credit (CPTC),10
,cinematographer,Oldenburg International Filmfestival,10
f,actress,20th Century Fox de Chile,10
m,director,Trimark Home Video,10
,producer,Tide Rock Entertainment,10
m,producer,Studio Hamburg WorldWide Pictures,10
,director,The Czech Republic State Fund for Support and Development of Cinematography,10
m,writer,Brilliant Idea Group (BIG),10
,writer,Angel Blade Production Committee,10
f,producer,Concorde Film,10
,producer,Opéra National de Paris,10
,producer,Universidade Lusófona de Humanidades e Tecnologias,10
,writer,Filmakademie Baden-Wuerttemberg,10
f,actress,Sirio Vide,10
,editor,Delphi Filmverleih Produktion,10
,editor,Concorde-New Horizons,10
m,director,Fonds National de Soutien à la Production Audiovisuelle du Luxembourg,10
,producer,Multivideo,10
f,editor,Abril Vídeo,10
m,producer,Wayfinder Films,10
f,actress,Golconde Producciones,10
,cinematographer,Inderjit Films Combine,10
f,actress,Leader Motion Pictures,10
,writer,Lyrick Studios Video,10
m,producer,Viz Video,10
,cinematographer,West Australian Screen Academy,10
,cinematographer,Viva Video,10
f,actress,Macari / Edelstein,10
f,director,Wolfe Video,10
f,director,Hochschule für Bildende Künste Hamburg,10
,producer,Blender Foundation,10
f,actress,Action Video Productions,10
f,actress,Cambium Film & Video Productions,10
,writer,TV4 Sweden,10
f,actress,Société des Producteurs de L'Angoa,10
,composer,Escola Superior de Cinema i Audiovisuals de Catalunya (ESCAC),10
f,actress,Dandelion Distribution,10
f,actress,Screen Pix Home Video,10
m,writer,Codeblack Entertainment,10
m,producer,Code Entertainment,10
m,writer,Société Française de Production (SFP),10
,producer,Instituto de Tecnología de Información de Jalisco (IJALTI ),10
,producer,Academia de Cine de Guadalajara (ACINEG),10
,director,Prooptiki Video,10
,director,Canadian Film or Video Production Tax Credit (CPTC),10
m,writer,Tempe Video,10
m,composer,Leader Music,10
,producer,Detour Filmproduction,10
f,actress,Bayerische Landesanstalt für Aufbaufinanzierung,10
m,writer,WonderPhil Productions,10
,composer,Cineplex Odeon Films,10
,producer,Departure Studios,10
f,actress,Wides Publishing (Waizu Shuppan),10
f,actress,Videorama GmbH Essen,10
m,director,Pehade Beheer BV (BBI),10
m,producer,Golden Harvest Pictures (China),10
,producer,La Communauté Urbaine de Strasbourg,10
f,actress,HBO Independent Productions,10
f,actress,L'Office Federal de la Culture Suisse,10
,composer,Rundfunk Berlin-Brandenburg (RBB),10
f,actress,Cult Video,10
,producer,CH Media Berlin Brandenburg GmbH & Co. KG,10
f,actress,Spirit Rider Productions,10
,producer,Delphis Films,10
m,writer,La Société des Films Sirius,10
,director,SBS Independent,10
,composer,RaiTrade,10
f,actress,"Constelacion Films, SA de CV",10
m,producer,Alliance Atlantis Video,10
m,cinematographer,Golden Village,10
,composer,Kinderkanal,10
f,actress,Resident Evil CG Film Partners,10
,composer,VCL Video,10
f,actress,Pirámide,10
,composer,Mega Star Video Distribution,10
m,director,Astral Video,10
,producer,WonderWorks,10
m,composer,The Czech Republic State Fund for Support and Development of Cinematography,10
,producer,Golden Princess Amusement Company,10
f,actress,Two Independent BV,10
,composer,Gaumont/Columbia TriStar Home Video (GCTHV),10
f,actress,Deutsche Columbia Pictures Film Produktion,10
,producer,TLA Video,10
f,actress,Made in Productions,10
f,actress,Centre National du Cinéma et de l'Audiovisuel de la Communauté française de Belgique,10
f,actress,Dendron Motion Pictures,10
,editor,Trimark Home Video,10
f,actress,Wide Frame Pictures,10
f,actress,Independent Cinema Association of the Philippines,10
,producer,Bio-Tide Films (I),10
,composer,Hollywood Pictures Home Video,10
,producer,Wanderlust Film,10
,producer,BMG Video International,10
f,actress,Paradox Development,10
m,producer,Pathfinder Pictures,10
m,producer,Alexandra Video Club,10
m,cinematographer,Prisvídeo - Edições Videográficas,10
m,producer,Eden Wurmfeld Films,10
,producer,Golden Books Family Entertainment,10
f,actress,Rank Home Video,10
f,actress,Natural Wonders Productions,10
f,actress,Gobierno de la Provincia de San Luis,10
,composer,TV5 Monde,10
,cinematographer,Fondo para la Producción Cinematográfica de Calidad (FOPROCINE),10
m,editor,Cecchi Gori Home Video,10
f,actress,BigDeni Filmes,10
m,director,Centro de Capacitación Cinematográfica (CCC),10
,composer,Working Designs,10
f,actress,Ignacio Benedeti Cinema,10
,writer,Mti Home Video,10
f,actress,Roundhay Garden Scene,10
,writer,Universidade Federal Fluminense (UFF),10
m,producer,Trident Releasing,10
,producer,Videovox Stúdió,10
,composer,Video Planning,10
,producer,Les Films des Tournelles,10
,editor,Opéra National de Paris,10
f,actress,Bolder Media for Boys and Girls,10
f,actress,La Tropa de Trapo,10
f,actress,By the River's Side Films,10
f,producer,C/FP Video,10
,producer,Tiertex Design Studios,10
m,cinematographer,Universal Pictures Video,10
,producer,DeusExMachina Studio,10
f,actress,Underhill Films,10
m,composer,Gaumont/Columbia TriStar Home Video (GCTHV),10
f,actress,Outside Films,10
,writer,Primer Plano Film Group Video,10
m,editor,Vendetta Films,10
m,producer,Departure Studios,10
f,actress,Monarch Video,10
m,cinematographer,Alliance Home Video,10
m,producer,Televisión de Galicia (TVG) S.A.,10
f,actress,Trade One,10
m,producer,Xunta de Galicia,10
,producer,Fonds Film in Vlaanderen,10
,producer,Conseil Régional de Poitou Charentes,10
,producer,Tax Shelter ING Invest de Tax Shelter Productions,10
m,director,Prisvídeo - Edições Videográficas,10
,producer,IMAX Ridefilm,10
,editor,Ministerio de Cultura,10
,producer,Ministerie van de Vlaamse Gemeenschap,10
f,producer,Prem'er Video Fil'm,10
m,writer,Televisión de Galicia (TVG) S.A.,10
f,actress,Pathé Video,10
m,writer,Concorde Film,10
m,writer,Videocine S.A. de C.V.,10
m,writer,Globo Vídeo,10
m,writer,Nova Home Video,10
,producer,Berliner Filmförderung,10
m,producer,Bill Melendez Productions,10
f,actress,Universidade Federal Fluminense (UFF),10
,editor,Tandem Communications,10
m,director,Nickelodeon Animation Studios,10
m,director,3 Shade Productions,10
m,director,Odeon Film,10
f,producer,Tandem Communications,10
f,actress,Something Weird Video (SWV),10
m,cinematographer,Concorde Video,10
m,producer,HandMade Films,10
f,actress,WildEye Releasing,10
m,editor,Lyrick Studios Video,10
m,writer,Perro Verde Films,10
m,director,Brøderbund Software,10
m,writer,NDE Productions,10
f,actress,Oficinas Experimentais de Cinema,10
m,composer,Viva Video,10
m,composer,Inderjit Films Combine,10
f,actress,Deep C-Star Productions,10
,cinematographer,Universal Studios Home Video,10
f,actress,Aberdeen Soldier Productions,10
m,writer,Mega Star Video Distribution,10
m,cinematographer,Filmakademie Baden-Württemberg,10
m,producer,RCA/Columbia-Hoyts Home Video,10
f,producer,Golders Green Trinity URC,10
,producer,Monolith Video,10
f,actress,Modern Video,10
m,director,Big Idea,10
m,producer,Playboy Video Enterprises,10
m,cinematographer,Cine Video y TV,10
f,writer,Toei Video Company,10
,producer,Sundance Independent Film Channel,10
,director,Surrender Cinema,10
f,producer,Alambique Destilaria de Ideias Unipessoal,9
,producer,Sol Goode LLC,9
m,editor,20th Century Fox Film de Mexico,9
,director,Shochiku Home Video,9
m,producer,Modern American Cinema,9
m,editor,Filmladen,9
,director,Asian Video Wholesalers,9
f,actress,Kaleidescope Media Group,9
m,director,Fondo para la Producción Cinematográfica de Calidad (FOPROCINE),9
,writer,Fondo de Inversión y Estímulos al Cine (FIDECINE),9
m,producer,Sol Goode LLC,9
m,producer,Random House Home Video,9
,cinematographer,Delux Productions,9
m,director,Modern American Cinema,9
m,writer,All Worlds Video,9
,producer,Lanterna de Pedra Filmes,9
f,actress,Nicetop Independent Ltd.,9
f,writer,Le Tax Shelter du Gouvernement Fédéral de Belgique,9
m,editor,Pecho Grande,9
,writer,Hochschule für Bildende Künste Hamburg,9
m,writer,Les Productions de la Guéville,9
,writer,Industrial Development Corporation of South Africa,9
m,writer,Aditya Video,9
m,producer,Celebrity Video Distribution,9
m,writer,Fondo de Inversión y Estímulos al Cine (FIDECINE),9
f,actress,Faculty of Dramatic Arts Belgrade,9
,writer,Renegade Animation,9
,producer,Les Cinémas de la Zone,9
,editor,Fonds National de Soutien à la Production Audiovisuelle du Luxembourg,9
,writer,Alfadedis Entertainment,9
m,writer,Nickelodeon/MTV Networks,9
m,director,Hyde Park Entertainment,9
m,director,Palisades-Tartan Acquisitions,9
,director,Nederlandse Film en Televisie Academie (NFTVA),9
m,cinematographer,Malofilm Home Video,9
m,producer,Demarest Films,9
,cinematographer,Krause & Schneider Multimedia (KSM),9
m,writer,Video Palace House of Distribution,9
m,producer,Cambium Film & Video Productions,9
,cinematographer,Ron De Cana Productions,9
,editor,Ministère de la Culture et de la Communication,9
m,producer,Loterie Nationale de Belgique,9
f,actress,Library Video Company,9
,editor,Televicine S.A. de C.V.,9
f,actress,Hessische Filmförderung,9
f,actress,Les Derniers de Classe,9
f,actress,Otto Desenhos Animados,9
f,actress,Taideteollinen korkeakoulu,9
,director,Verenigde Arbeiders Radio Amateurs (VARA),9
,editor,Le Fresnoy Studio National des Arts Contemporains,9
f,actress,Questar Home Video,9
,producer,De Filmfreak,9
,producer,Hochschule Luzern (HSLU) Design & Kunst/Animation,9
,director,Providential Pictures Inc.,9
m,producer,Towa Video,9
,editor,Ekaterinburg Art Home Video (EAHV),9
m,director,GoodTimes Home Video,9
f,editor,Universal Home Video,9
f,actress,Bingo Movie Development,9
f,actress,Three Degrees Off Center Productions,9
m,cinematographer,Arbeitsgemeinschaft der öffentlich-rechtlichen Rundfunkanstalten der Bundesrepublik Deutschland (ARD),9
f,actress,Independence Film Group,9
m,director,Televisão Independente (TVI),9
m,producer,Renegade Animation,9
m,director,Universal Music & Video Distribution (UMVD),9
,writer,Independent Film Channel (IFC),9
m,producer,Fondo para la Producción Cinematográfica de Calidad (FOPROCINE),9
,writer,Dandelion,9
f,actress,DEJ Video Distribution,9
m,producer,Penta Vídeo,9
,producer,Atlantide Entertainment,9
,writer,New Volga Videos,9
,producer,Mitteldeutsches Filmkontor (MDF),9
,director,BBC Worldwide,9
f,actress,BIG Home Video,9
m,editor,Dentsu,9
,writer,Maurício de Souza Produções Cinematográficas,9
m,producer,New Ogden Cinema,9
,producer,Memorias Del Sabio Producciones,9
m,producer,Televisa S.A. de C.V.,9
m,director,Turner Pictures Worldwide,9
f,actress,Leader Media,9
m,writer,Independent Partners,9
m,writer,United Video,9
,writer,Covent Garden Pioneer FSP,9
,editor,Dimension Home Video,9
,producer,Fonds Images de la Diversité,9
m,director,Independent Partners,9
,director,Nickelodeon Movies,9
,writer,Rizzoli Corriere della Sera Home Video (RCS),9
f,producer,Universal Pictures Video,9
f,actress,Burnside Distribution Company,9
,composer,Creative Light Worldwide,9
m,director,Creativos Asociados de Radio y Televisión (CARTEL),9
f,actress,Atlantis Video,9
m,composer,Filmförderung Hamburg,9
f,actress,Underworld Produktions GmbH,9
f,composer,Columbia TriStar Home Video,9
f,actress,Production de Films SD,9
m,cinematographer,SF Video,9
f,actress,Ringleader Productions,9
,producer,American Dental Association,9
m,producer,Wiedemann & Berg Filmproduktion,9
,cinematographer,Live Home Video,9
,writer,Concorde-New Horizons,9
f,actress,Bellamonde Productions,9
f,actress,Eidetic Inc.,9
m,writer,Président Films,9
,writer,Big Idea Productions,9
m,writer,EI (Exposure Index) Independent Cinema,9
,editor,Studio DEEN,9
m,producer,3 Sides Entertainment,9
,producer,Comme des Cinémas,9
m,producer,Fonds Eurimages du Conseil de l'Europe,9
m,writer,Valentim de Carvalho Multimédia,9
,director,Rundfunk Berlin-Brandenburg (RBB),9
,editor,Broadway Video,9
m,writer,York Home Video,9
,producer,Den Danske Filmskole,9
,editor,Hart Sharp Video,9
f,producer,Nordisk Film Video,9
f,actress,Academy,9
f,actress,CIC Home Video,9
f,actress,Seymour Borde & Associates,9
m,editor,Big Idea,9
,producer,Regent Worldwide Sales,9
m,producer,TV5 Monde,9
,writer,Dimension Home Video,9
,editor,MCA Home Video,9
f,actress,Postmodern Times,9
m,cinematographer,Vendetta Films,9
m,director,J.J. Sedelmaier Productions,9
,producer,Japan Home Video (JHV),9
,producer,El Deseo S.A.,9
,director,Desen International Media,9
f,actress,CineCentrum Deutsche Gesellschaft für Film- und Fernsehproduktion mbH,9
f,actress,Zomba Video,9
f,actress,Keyweckshide Pictures,9
f,actress,Merseyside Film Production Fund,9
f,actress,DVD Liider,9
f,actress,Bride For Christmas Productions,9
,cinematographer,Les Films Alain Sarde,9
,producer,New Volga Videos,9
m,director,Wolfe Video,9
f,actress,Concorde Media,9
,director,Odeon Film,9
,writer,La Fabrique de Films,9
,director,Escuela de Cinema y Audiovisual Comunidad de Madrid (ECAM),9
,director,Pathfinder Pictures,9
,composer,Astral Video,9
f,actress,Wandering Star Pictures,9
,cinematographer,Rundfunk Berlin-Brandenburg (RBB),9
m,composer,Arcade Movie Company,9
,producer,Lloyds Home Vídeo,9
,producer,CDE Videa,9
m,writer,Chrysalide Film,9
m,composer,La Fabrique de Films,9
m,director,Monarch Home Video,9
m,producer,Ministère de la Communauté Française de Belgique,9
,cinematographer,Buena Vista International (Sweden),9
f,actress,Atlantide Entertainment,9
m,cinematographer,Creativos Asociados de Radio y Televisión (CARTEL),9
,writer,Dendy Films,9
,producer,Curb Denizen,9
,editor,Société Française de Production (SFP),9
,writer,Nederlandse Film en Televisie Academie (NFTVA),9
f,actress,Nickel Odeón Dos,9
,cinematographer,Cannes Home Vídeo,9
,producer,Strident Films,9
f,actress,The Pedestrain Pictures Inc.,9
m,cinematographer,Centro de Capacitación Cinematográfica (CCC),9
,producer,Craig Anderson Productions,9
f,actress,Barcode Films,9
m,cinematographer,Arcade Movie Company,9
f,actress,"Kinovideoobedinenie ""Krupniy Plan""",9
,director,Zürcher Hochschule der Künste,9
,editor,Dendy Films,9
,producer,Cort/Madden Productions,9
m,producer,Departure Entertainment,9
m,producer,Filmtrade,9
,producer,Newlink Development,9
,editor,Odessa Films,9
m,director,Versátil Home Vídeo,9
,producer,SNG Film / Studio Nieuwe Gronden,9
f,actress,Devyank Arts,9
f,editor,LK-TEL Vídeo,9
,producer,Nova Home Video,9
m,director,Schröder Media,9
f,actress,Cine Grande Corporation,9
,producer,Allied Artists Home Video,9
m,director,Ministerio de Cultura,9
m,editor,Krause & Schneider Multimedia (KSM),9
f,actress,Freunde der Deutschen Kinemathek,9
m,writer,Les Films du Lendemain,9
,producer,Institut National de l'Audiovisuel (INA),9
m,cinematographer,RCA/Columbia Pictures Home Video,9
,cinematographer,Monarch Home Video,9
,writer,Pyramide Productions,9
,producer,Xunta de Galicia,9
f,actress,Pandemic Production,9
f,producer,Live Video,9
f,producer,Tri Destined Studios,9
m,writer,Sociedad General de Cine (SOGECINE) S.A.,9
m,director,Joy Sales Film and Video Distributors,9
m,composer,Le Fresnoy Studio National des Arts Contemporains,9
m,director,Asian Video Wholesalers,9
f,actress,Wonderful Works,9
m,writer,Gurpreet Video International,9
m,cinematographer,Transmundo Home Video (THV),9
f,actress,The National Film and Video Foundation of SA,9
f,editor,Home Video Hellas (HVH),9
f,actress,Despot Pictures,9
m,composer,TV4 Sweden,9
,editor,Lux Vide,9
,producer,Wide-Eyed Entertainment,9
m,producer,Worldwide Media,9
m,producer,Navidi-Wilde Productions Ltd.,9
,editor,Warner Bros. Home Video,9
,editor,Verenigde Arbeiders Radio Amateurs (VARA),9
,writer,WonderPhil Productions,9
f,actress,Devgan Films,9
m,cinematographer,New Video,9
m,writer,Rundfunk Berlin-Brandenburg (RBB),9
m,cinematographer,Filmax Home Video,9
,editor,Sony Pictures Worldwide Acquisitions (SPWA),9
,producer,TideRock Films,9
f,composer,Paramount Home Video,9
m,producer,CNR Video,9
,producer,Canadian Film or Video Production Tax Credit Program,9
m,writer,Fondo para la Producción Cinematográfica de Calidad (FOPROCINE),9
,cinematographer,Ministère de la Culture et de la Communication,9
f,writer,Adelson Entertainment,9
m,composer,Mitteldeutscher Rundfunk (MDR),9
f,actress,Elsevier-Vendex Film Beheer,9
,producer,Consejo Para la Cultura y las Artes de Nuevo Leon (Conarte),9
f,actress,Filmoimagen S.A. de C.V.,9
f,producer,Videocine,9
,producer,Seymour Borde & Associates,9
,producer,Golden Screen Cinemas,9
,cinematographer,SBS Independent,9
m,writer,Nouvelles Éditions de Films (NEF),9
f,actress,Al Dente Films,9
,producer,Animacijas Brigade,9
m,writer,Alberta Film Development Program of the Alberta Government,9
f,producer,Lizard Cinema Trade,9
f,actress,Wolfgang Odelga Filmproduktion GmbH,9
,writer,Office Fédéral de la Culture,9
m,cinematographer,New Sensations Video,9
f,actress,Heatwave Video,9
,editor,Independent Partners,9
,editor,Instituto de Crédito Oficial (ICO),9
,cinematographer,Video Planning,9
m,producer,Euripide Distribution,9
,editor,Clap - Produção de Filmes,9
,cinematographer,Universidad del Cine,9
f,editor,Hochschule für Bildende Künste Hamburg,9
m,writer,América Vídeo,9
f,actress,Evidence Films,9
,composer,Krause & Schneider Multimedia (KSM),9
m,writer,Citadel Entertainment,9
,producer,S.V. Murder Mystery Movies Inc.,9
,editor,Generalitat de Catalunya - Institut Català de les Indústries Culturals (ICIC),9
m,writer,Strand Home Video,9
,editor,Cinematografica Distributori Indipendenti (CDI),9
f,writer,Tandem Communications,9
m,director,Odeon Films,9
,writer,Fonds National de Soutien à la Production Audiovisuelle du Luxembourg,9
m,cinematographer,Monarch Home Video,9
f,producer,New York Film Academy at Universal Studios,9
f,writer,Videocine,9
m,composer,Alliance Home Video,9
,composer,Home Made Movies,9
m,composer,RCA/Columbia Pictures Home Video,9
m,director,MPI Home Video,9
,producer,Conseil Régional de Picardie,9
,producer,Dear Skyyler Productions,9
,producer,Inspidea,9
m,writer,Roadshow Home Video,9
m,producer,Neue Deutsche Filmgesellschaft (NDF),9
m,producer,Burnside Entertainment,9
,composer,Wanderlust Film,9
f,actress,Deep Films,9
m,director,Crystal Sky Worldwide,9
f,director,Videosonic Arts,9
,composer,Ostdeutscher Rundfunk Brandenburg (ORB),9
m,editor,Transmundo Home Video (THV),9
f,actress,MTC Video,9
m,writer,Fonds Eurimages du Conseil de l'Europe,9
,editor,Sherazade Film Development,9
f,editor,Buena Vista Home Video,9
,producer,Deerjen Films,9
,composer,Kasander Film Company,9
m,producer,Rundfunk Berlin-Brandenburg (RBB),9
m,director,Nea Kinisi Video,9
m,producer,Contender Films,9
,editor,Concorde Video,9
,editor,SF Video,9
f,actress,Wonderfly Films,9
f,director,Golden Village Pictures,9
,producer,4 Front Video,9
,composer,Nederlandse Programma Stichting (NPS),9
m,producer,Fondo de Fomento a la Calidad Cinematográfica,9
,composer,Cineplex-Odeon Home Video,9
f,actress,Videoclub Misterio,9
m,director,Golden Princess Amusement Company,9
,composer,BOB Film Sweden AB,9
m,director,Quanta Centro de Produções Cinematográficas,9
,producer,Latitude Productions,9
f,actress,Deviant Films,9
f,writer,Transmundo Home Video (THV),9
,editor,Ostdeutscher Rundfunk Brandenburg (ORB),9
f,actress,Tandem Filmproduktion,9
m,director,Ministère de la Culture et de la Communication,9
f,actress,A Forbidden Love Film Partnership,9
f,actress,Association Française des Cinémas d'Art et d'Essai (AFCAE),9
,composer,Zürcher Hochschule der Künste,9
f,actress,Brideshead Films,9
,cinematographer,Filmladen,9
m,editor,MTI Home Video,9
,composer,Verenigde Arbeiders Radio Amateurs (VARA),9
f,actress,Defiant Empire,9
m,writer,Detailfilm,9
,producer,Surinder Films,9
,producer,Duchy Parade Films,9
,producer,Les Films de l'Astre,9
,composer,Medienboard Berlin-Brandenburg,9
f,actress,PBS Home Video,9
f,actress,Renegade Worldwide,9
,cinematographer,Golden Village,9
,composer,VideoFilmes,9
m,editor,GoodTimes Home Video,9
m,director,Cineplex-Odeon Home Video,9
m,cinematographer,Rad Video,8
f,producer,Cinema Trade,8
f,actress,Hidden Frontier Productions,8
,composer,Wide Pictures,8
m,producer,Légende Entreprises,8
f,actress,DED Films,8
f,writer,Nickelodeon Movies,8
m,writer,"BKM, kulturelle Filmförderung des Bundes",8
,composer,Instituto de la Cinematografía y de las Artes Audiovisuales (ICAA),8
,producer,Nova Scotia Film Development Corporation,8
,composer,Sociedad General de Derechos Audiovisuales (SOGEDASA),8
f,actress,Cinema Pardes,8
,cinematographer,Wide Pictures,8
,cinematographer,Roadshow Entertainment Video,8
f,actress,Black Binder Films,8
,composer,Ardent Productions,8
,producer,Hidden Films Studios,8
m,editor,Instituto Cubano del Arte e Industrias Cinematográficos (ICAIC),8
,composer,Ascot Video,8
,cinematographer,Dedali Opera,8
,composer,Plus Video,8
,composer,Delux Productions,8
,composer,E.I. Independent Cinema,8
,producer,Dolmen Home Video,8
,writer,Kids Edutainment Video,8
m,writer,Dean River Productions,8
,producer,MGM Home Video,8
,producer,Modern Video,8
,composer,La Fabrique de Films,8
f,producer,Spentzos Film Home Video,8
m,producer,EI (Exposure Index) Independent Cinema,8
,composer,Video Data Bank,8
m,writer,Departament de Cultura de la Generalitat de Catalunya,8
m,editor,Asia Video Publishing Co. Ltd.,8
f,actress,Electric Video,8
,composer,Cinema Trade,8
,composer,Montevideo Ltd.,8
f,actress,PowerHouse Independent,8
,producer,Grendel Productions Inc.,8
,director,Media Design School,8
,director,Filmakademie Baden-Wuerttemberg,8
,producer,New Macedonian Video,8
,producer,Escuela de Cinematografía y Actuación de Monterrey The Films Workshops,8
,producer,Instituto del Cine,8
,composer,Concorde Film,8
,producer,Made in Productions,8
,producer,Centre National du Cinéma et de l'Audiovisuel de la Communauté française de Belgique,8
m,writer,Trimark Video,8
m,cinematographer,E.I. Independent Cinema,8
f,director,DeA Planeta Home Entertainment,8
,composer,Roadshow Entertainment Video,8
m,producer,Trademark Films,8
,producer,Macari / Edelstein,8
,director,Califórnia Home Vídeo,8
f,actress,Cecil Video Distributors Pty. Ltd.,8
f,producer,AllHandsOnDeck,8
m,producer,Région Nord-Pas-de-Calais,8
m,composer,Kino Video,8
f,actress,Fábrica Brasileira de Imagens,8
,writer,Fidelio,8
m,producer,Videotrónica,8
m,cinematographer,Recorded Picture Company (RPC),8
,cinematographer,Expanded Entertainment,8
f,editor,Westdeutscher Rundfunk (WDR),8
,producer,Nederlandse Film en Televisie Academie (NFTVA),8
f,actress,Toho Video,8
,composer,Surrender Cinema,8
f,actress,Independent Productions,8
f,director,Columbia TriStar Films de España,8
m,writer,Alambique Destilaria de Ideias Unipessoal,8
m,producer,Device,8
m,producer,Chartoff Hendee Productions,8
m,producer,Eden,8
f,actress,Tres K Lion Video Productions,8
m,writer,Orion Home Video,8
,writer,Astral Video,8
m,producer,RCA/Columbia Pictures Video,8
,writer,Hi-Tops Video,8
f,actress,Covent Garden Films,8
,producer,Orly Adelson Productions,8
m,writer,Nijenhuis & de Levita Film & TV B.V.,8
m,cinematographer,Videorama,8
,cinematographer,Hochschule für Bildende Künste Hamburg,8
,writer,Codeblack Entertainment,8
m,cinematographer,Nickelodeon Movies,8
m,writer,Depth of Field,8
m,producer,Video Omega,8
,editor,Golden Films,8
,composer,Odeon Films,8
m,writer,Skrik Horror Video,8
,composer,Worldvision Home Video,8
,producer,Chrysalide Film,8
m,cinematographer,"Films de l'Elysée, Les",8
f,actress,Pequena Central de Produções,8
m,producer,Clap - Produção de Filmes,8
m,director,Centre du Cinéma et de l'Audiovisuel de la Communauté Française de Belgique,8
,producer,China Film Media Asia Audio Video Distribution Co.,8
m,composer,Sony Video,8
f,producer,MHF Zweite Academy Film,8
,producer,Desembarco Produccións,8
m,writer,Parallel Wonders,8
,producer,Added Films International,8
f,actress,Golden Field Films,8
m,producer,Wide Sight Entertainment Limited,8
,producer,Latitude 49 Production,8
,producer,Xanadeux Company,8
m,producer,Parallel Wonders,8
,editor,Viva Video,8
,writer,Wonderlens,8
f,actress,SP Sales Worldwide,8
,producer,Dino De Laurentiis Company,8
,director,Montevideo Ltd.,8
f,actress,Secretaría de Cultura de Neuquén,8
f,actress,Groupe de Recherches et d'Essais Cinematographiques (GREC),8
f,actress,M & M Vihdepalvely,8
,producer,Companhia de Imagem,8
,director,Wonderlens,8
,cinematographer,Japan Video Distribution (JVD) Co. Ltd.,8
,cinematographer,Cinema Trade,8
,producer,Courtside Seats Productions,8
,cinematographer,Anna Sanders Films,8
m,cinematographer,Deutsche Film- und Fernsehakademie Berlin (DFFB),8
,editor,Alliance Home Video,8
,editor,Concorde Film,8
,composer,Hochschule für Bildende Künste Hamburg,8
m,actress,Walt Disney Home Video,8
m,director,Zomba Video,8
f,actress,Idea,8
,composer,Nijenhuis & de Levita Film & TV B.V.,8
m,composer,GoodTimes Home Video,8
f,actress,Cinema Vendetta,8
,editor,Office Fédéral de la Culture,8
m,producer,Golden Shadow Pictures,8
f,writer,Filmförderungsanstalt (FFA),8
f,producer,Delon Int.,8
f,writer,New York Film Academy at Universal Studios,8
m,composer,Dimension Home Video,8
,producer,Les Films du Lendemain,8
m,writer,Escola Superior de Teatro e Cinema (ESTC),8
f,actress,Under the Umbrella Entertainment Group,8
m,director,TV5 Monde,8
,producer,Red is Dead Entertainment,8
,cinematographer,Cascade Film,8
,producer,Globo Vídeo,8
m,editor,Califórnia Home Vídeo,8
,producer,Catmandu Branded Entertainment,8
m,cinematographer,Shemaroo Video Pvt. Ltd.,8
m,producer,SVS/Triumph Home Video,8
f,actress,Jovem Pan Home Vídeo,8
m,writer,Compañía General de la Imagen (CGI),8
m,cinematographer,Odeon Films,8
f,director,Alliance Atlantis Home Video,8
m,writer,Concorde Pictures,8
,editor,De Warrenne Pictures,8
f,actress,Confounded Films,8
,editor,Fondo para la Producción Cinematográfica de Calidad (FOPROCINE),8
m,producer,Eden's Watchtower Records,8
f,actress,Konsortiet H.C. Andersens Lange Skygge,8
m,editor,Frederator Incorporated,8
,producer,Nouvelles Éditions de Films (NEF),8
,cinematographer,Le Tax Shelter du Gouvernement Fédéral de Belgique,8
f,actress,Grupo de León,8
,director,Cinema Trade,8
m,composer,Wolfe Video,8
,producer,Nexus Cinema e Vídeo,8
,cinematographer,Groupe de Recherches et d'Essais Cinematographiques (GREC),8
f,writer,Deltamac Entertainment,8
f,actress,Yamato Video,8
f,editor,Palisades Tartan,8
,producer,Ayngaran Video,8
,editor,WGBH Boston Video,8
,cinematographer,Verenigde Arbeiders Radio Amateurs (VARA),8
,editor,Filmboard Berlin-Brandenburg (FBB),8
,cinematographer,Kinderfilm,8
,cinematographer,Slide Screen Entertainment,8
,writer,Videoservice,8
f,editor,Alliance Atlantis Home Video,8
m,producer,4 Front Video,8
f,actress,Deutsche Forschungsgemeinschaft,8
f,actress,Cooperativa de Trabajo Felei,8
,editor,Random House Home Video,8
,producer,Videoflick,8
,editor,Kinderfilm,8
,cinematographer,Arcade Movie Company,8
m,producer,Chrysalide Film,8
m,writer,Ekaterinburg Art Home Video (EAHV),8
,editor,Joy Sales Film and Video Distributors,8
,producer,MCA Music Video,8
m,director,Legend Video,8
,cinematographer,Under the Umbrella Entertainment Group,8
f,actress,Widestream Films,8
f,actress,Naroden Teater Anton Panov,8
m,director,Zeitgeist Video,8
f,director,Région Ile-de-France,8
m,writer,Deutsche Film- und Fernsehakademie Berlin (DFFB),8
m,producer,Worldvision Home Video,8
m,director,Deutsche Film- und Fernsehakademie Berlin (DFFB),8
,composer,Dendy Films,8
f,actress,New Golden Digital,8
,editor,Edel Media & Entertainment,8
,producer,Ecole Nationale Supérieure des Arts Décoratifs (ENSAD),8
f,actress,NxtLvL Fight & Flight Design,8
f,actress,Akademija Dramskih Umjetnosti (ADU),8
m,writer,Golden Films,8
,cinematographer,Prem'er Video Fil'm,8
m,writer,Office Fédéral de la Culture,8
,writer,Nea Kinisi Video,8
f,actress,Ministère de la Culture Italien,8
f,writer,Filmakademie Baden-Württemberg,8
,writer,Nickelodeon Studios,8
m,director,Bodega Films,8
,director,Schröder Media,8
,producer,La Vinadella,8
,cinematographer,C/FP Video,8
,writer,Société de Développement des Entreprises Culturelles (SODEC),8
f,actress,Redemption Films,8
f,actress,Metro Home Video,8
,editor,Walden Media,8
f,actress,Odeon Rybarczyk Productions,8
m,writer,Hollywood Independents,8
f,producer,Instituto de Crédito Oficial (ICO),8
,producer,Golden Screen,8
f,director,PlayArte Home Vídeo,8
f,writer,Les Films Alain Sarde,8
f,actress,Cinema del Capriccio,8
f,actress,Identity Films (I),8
m,director,Delphi Filmverleih Produktion,8
f,actress,Detailfilm,8
m,editor,Worldvision Home Video,8
,producer,Oldenburg International Filmfestival,8
,producer,Deutsche Grammophon,8
,producer,Blue Yonder Films,8
f,actress,Night Time Video,8
,writer,Creative Light Worldwide,8
,producer,Cinema Products Video,8
,cinematographer,VideoFilmes,8
,producer,Ignacio Benedeti Cinema,8
m,cinematographer,Videocine,8
,director,Tandem Communications,8
m,editor,Cine Video y TV,8
,writer,Gladden Entertainment,8
,director,Video Film Express,8
,cinematographer,Mega Star Video Distribution,8
,editor,The Department of Trade and Industry of South Africa,8
,producer,Autista del signor Mel Gibson Animazioni,8
m,composer,Asia Video Publishing Co. Ltd.,8
f,actress,West Australian Screen Academy,8
m,director,Concorde Film,8
f,actress,Brooklyn Independent Studios,8
f,actress,In Demand,8
,composer,BMG Models,8
f,actress,Independent Filmmakers Cooperative (IFC),8
,writer,Asociacion Mexicana de Cineastas Independientes (AMCI),8
f,actress,"Omniversum, Den Haag",8
m,editor,Palisades-Tartan Acquisitions,8
,director,Live Home Video,8
m,producer,Simitar Video,8
m,producer,Forbidden Science From Outer Space,8
m,producer,Canadian Film or Video Production Tax Credit Program,8
m,cinematographer,Andes Films,8
m,composer,Orion Home Video,8
m,director,Wild Side Vidéo,8
m,producer,Grendel Productions Inc.,8
,director,Opéra National de Paris,8
,writer,Media Development (MDC),8
m,editor,Programme MEDIA de la Communauté Européenne,8
,producer,Covent Garden Pioneer FSP,8
m,writer,Fox Kids Video,8
f,actress,Desselb Productions,8
m,composer,Anderson Digital,8
,editor,Versátil Home Vídeo,8
,producer,Devin Entertainment,8
,writer,Videoville Showtime,8
,director,Autista del signor Mel Gibson Animazioni,8
f,actress,La Vinadella,8
,director,Shemaroo Video Pvt. Ltd.,8
,editor,Quanta Centro de Produções Cinematográficas,8
f,actress,Bardel Animation,8
m,writer,Forbidden Science From Outer Space,8
m,writer,Detour Filmproduction,8
m,producer,Industrial Development Corporation of South Africa,8
m,writer,Ministère de la Culture et de la Francophonie,8
m,producer,Underworld Produktions GmbH,8
,director,Le Dernier Cri,8
m,producer,Indipendenti Regionali,8
,producer,Filmakademie Wien,8
f,actress,Sudestada Cine,8
m,producer,Providence Films,8
m,director,Forbidden Science From Outer Space,8
,cinematographer,Transmundo Home Video (THV),8
,writer,Universidade Católica Portuguesa - Escola das Artes,8
m,producer,Ateliers de Baere,8
m,composer,América Vídeo,8
,producer,SODEC,8
f,director,Televisió de Catalunya (TV3),8
,composer,Media Design School,8
m,writer,Penta Vídeo,8
,cinematographer,Société de Développement des Entreprises Culturelles (SODEC),8
,writer,Masquerade Films,8
m,composer,Filmakademie Baden-Württemberg,8
f,actress,De Espona Infografica,8
,composer,Troma Team Video,8
m,producer,Haus der Kunst,8
m,producer,Ministère des Affaires Etrangères et Européennes,8
f,actress,Desen International Media,8
f,actress,Outsider Productions,8
m,writer,Les Films de l'Arlequin,8
f,writer,Odeon Film,8
,cinematographer,Tandem Communications,8
f,actress,Concorde Anois,8
,writer,Ordet,8
,cinematographer,New Video,8
,writer,Delta-Film,8
,writer,Sherazade Film Development,8
,producer,Deva Films,8
m,director,20th Century Fox Film de Mexico,8
f,editor,EuroVideo,8
m,producer,Casa Kafka Pictures Movie Tax Shelter Empowered by Dexia,8
m,cinematographer,Nea Kinisi Video,8
,writer,June Video,8
f,actress,Caja de Luz producciones,8
,director,Universidade Federal Fluminense (UFF),8
f,actress,Schneider & Groos,8
m,cinematographer,Lider Films,8
m,editor,Forbidden Science From Outer Space,8
,editor,CNR Film & Video,8
f,actress,Tax Shelter ING Invest de Tax Shelter Productions,8
f,actress,Ro De Film,8
,producer,Cineworks Independent Filmmakers Society,8
,producer,Dirección de Difusión Cultural de la UNAM,8
m,producer,Arcade Video,8
m,writer,Random House Home Video,8
,cinematographer,Pehade Beheer BV (BBI),8
,cinematographer,WonderPhil Productions,8
f,actress,Daiei Home Video,8
m,writer,Epidem,8
,producer,Comarex S.A. de C.V.',8
,editor,Prisvídeo - Edições Videográficas,8
,writer,Hochschule der Medien,8
f,actress,Independent Online Cinema,8
,producer,Devinshire Jamestown Pictures,8
m,editor,Universal Pictures Video,8
m,producer,Cogeco Program Development Fund,8
,producer,Film Development Fund of Hong Kong,8
,producer,Wide Management,8
,writer,Buttenschøn og Budde Entertainment Rights ApS,8
f,actress,Pro Video,8
,writer,VideoFilmes,8
m,producer,Wanderlust Film,8
f,actress,Videofield International,8
,producer,Masquerade Films,8
,writer,Transmundo Home Video (THV),8
,producer,Questar Home Video,8
,writer,Televisió de Catalunya (TV3),8
,producer,Wonder World Pictures,8
,producer,Deep Green Films,8
,producer,Centro de Investigación Cinematográfica (CIC),8
f,actress,Conseil Régional de Poitou Charentes,8
,producer,La Compagnie Deschamps et Makeïeff,8
m,writer,Ministère de la Communauté Française de Belgique,8
,writer,J.J. Sedelmaier Productions,8
f,producer,First Independent Pictures,8
,editor,Videocine S.A. de C.V.,8
,producer,Volderin Entertainment,8
,producer,Sarabande Productions,8
,cinematographer,Hollywood Pictures Home Video,8
,cinematographer,TV4 Sweden,8
,producer,Penta Vídeo,8
m,writer,Golden Book Video,8
,composer,TV4 Sweden,8
m,writer,Animacijas Brigade,8
m,producer,RaiTrade,8
,writer,Creativos Asociados de Radio y Televisión (CARTEL),8
f,actress,Hong Cheng Home Video,8
,producer,Nadeo,8
f,actress,Duck Decoy Production Inc.,8
m,composer,20th Century Fox Film de Mexico,8
f,producer,Universe Laser & Video Co. Ltd.,8
f,actress,Arrow Film & Video,8
f,actress,Independent Stories,8
,cinematographer,Concorde-New Horizons,8
f,actress,Number One Video,8
f,actress,Viderent,8
f,actress,Eike Besuden Filmproduktion GmbH,8
m,editor,Malofilm Home Video,8
f,actress,Gobierno del Estado de Michoacán,8
m,composer,Videocine,8
,writer,CNR Film & Video,8
m,producer,Blue Yonder Films,8
,cinematographer,Lider Films,8
f,actress,Verdecchi Film,8
f,actress,Centro Universitario de Estudios Cinematográficos,8
,cinematographer,Worldwide Entertainment Group (WEG),8
m,producer,Thunderbird Films,8
,director,Folha de Pixel,8
,writer,Endemol Deutschland,8
f,producer,Hyde Park Entertainment,8
m,writer,Dandelion Animation Studio,8
f,actress,Sueños Despiertos Prodducciones Cinematográficas S.L.,8
,producer,Pôle Image de Liège,8
m,writer,Blue Yonder Films,8
f,actress,Corte y Confección de películas,8
,producer,"Academy of Motion Pictures, Arts & Siences Film Archive, The",8
m,writer,Hyde Park Entertainment,8
,writer,20th Century Fox Film de Mexico,8
f,actress,Click Video,8
f,producer,Citadel Entertainment,8
m,writer,MDP Worldwide,8
m,producer,American Independent Productions,8
m,producer,Delta-Film,8
m,director,Lee Mendelson Film Productions,8
,writer,Bio-Tide Films (I),8
m,writer,Filmayer Vídeo,8
m,editor,New Video,8
m,producer,Craig Anderson Productions,8
f,actress,Les Films de Cinéma,8
,producer,Videotrónica,8
f,actress,Video Palace,8
f,actress,Delta Movies,8
,producer,Golden Hello Entertainment,8
,producer,Roadshow Home Video,8
m,writer,Legend Video,8
f,actress,Neue Deutsche Film (NDF),8
f,actress,BMG Video International,8
m,producer,"De Mann Entertainment Company, The",8
m,director,Fondo de Inversión y Estímulos al Cine (FIDECINE),8
m,director,BOB Film Sweden AB,8
f,actress,A-1 Kino Video,8
f,actress,Tender Pro,8
m,producer,HBO Video,8
,director,Korean Academy of Film Arts,8
m,cinematographer,Mandeville Films,8
m,editor,Le Tax Shelter du Gouvernement Fédéral de Belgique,8
m,writer,Salt City Home Video,8
,writer,Fonds Eurimages du Conseil de l'Europe,8
m,director,A&E Home Video,8
,director,June Video,8
f,actress,DeepStudios,8
f,actress,E.I. Independent Video,8
f,actress,CBS Video,8
,producer,Euripide Productions,8
m,writer,Film Afrika Worldwide,8
m,writer,Masquerade Films,8
,writer,Filmakademie Wien,8
f,actress,X-Rated Kultvideo,8
,writer,Worldvision Home Video,8
,composer,Lizard Cinema Trade,8
,producer,Academy of Television Arts and Sciences (ATAS),8
f,editor,Columbia TriStar Films de España,8
m,director,SBS Independent,8
f,actress,Streamline Video,8
,director,Bodega Films,8
m,producer,MGM Home Video,8
,writer,Deutscher Fernsehfunk (DFF),8
m,writer,Videoservice,8
m,editor,Troma Team Video,8
f,producer,Walden Media,8
f,actress,Interama Video,8
,cinematographer,Surrender Cinema,8
f,actress,Glyndebourne,8
,editor,Independent Film Channel (IFC),8
m,producer,Latitude 49 Production,8
,producer,Independent Film Group,8
m,editor,Televisión Federal (Telefe),8
f,actress,Videomaura,8
m,editor,Dendy Films,8
m,director,Deutsche Grammophon,8
f,actress,Rande/Myrdhen Entertainment,8
f,director,Intercontinental Video,8
,writer,SF Video,8
f,writer,Videosonic Arts,8
,composer,"Films de l'Elysée, Les",8
m,composer,First Independent Films,8
f,actress,Avid Video,8
f,producer,Filmax Home Video,8
,editor,Troma Team Video,8
f,actress,IMAX Sandde Animation,8
m,producer,Sideshow Pictures,8
m,editor,Quanta Centro de Produções Cinematográficas,8
f,editor,West Video,8
m,writer,Loterie Nationale de Belgique,8
f,producer,Compañía General de la Imagen (CGI),8
f,director,Golden Village Entertainment,8
,editor,HandMade Films,8
f,actress,M.A. Marcondes,8
m,cinematographer,20th Century Fox Film de Mexico,8
m,writer,Catmandu Branded Entertainment,8
f,actress,Strident Films,8
m,writer,Zeroinside Films,8
m,director,Mandeville Films,8
m,writer,InDigEnt (Independent Digital Entertainment),8
,producer,Nordiska TV-Samarbetsfonden,8
m,cinematographer,Odeon Film,8
,cinematographer,Sony Pictures Worldwide Acquisitions (SPWA),8
m,director,Nickelodeon,8
f,actress,Deviant Pictures,8
,producer,Nederlands Filmfestival,8
f,producer,Zeitgeist Video,8
,writer,Allied Artists Home Video,8
m,producer,Deal,8
f,producer,Zeroinside Films,8
,producer,Videa,8
,writer,Parallel Wonders,8
m,producer,BMG Video International,8
,editor,Cinema Trade,8
,writer,Videlectrix,8
,producer,Dentsu Tec,8
m,writer,Société Générale des Industries Culturelles du Québec (SOGIC),8
,director,PlayArte Home Vídeo,8
m,producer,AOL Online Video,8
f,actress,Production Rudens,8
,director,Nickelodeon Animation Studios,8
,producer,CDE Home Video,8
,producer,Universidade Lusófona,8
,editor,MPI Home Video,8
f,actress,Fernsehen der DDR,8
m,producer,Working Designs,8
,director,WunderWerk,8
,cinematographer,Instituto de la Cinematografía y de las Artes Audiovisuales (ICAA),8
m,cinematographer,Mega Star Video Distribution,8
,writer,Outsider Films,8
m,producer,New Deal Productions,8
f,actress,Modern Audio (International) Ltd.,8
,editor,Tandem Films,8
,producer,Brigham Young University Animation Dept.,8
f,actress,Centre Promotor de la Imatge (CPI) S.A.,8
m,editor,Instituto de la Cinematografía y de las Artes Audiovisuales (ICAA),8
m,producer,Budderfly Productions,8
f,actress,Steven de Jong Producties,8
,director,Academy of Television Arts and Sciences (ATAS),8
,writer,Tandem Films,8
,editor,Videoservice,8
f,actress,Fladenfilm,8
,writer,Ideal Standard Film,8
f,actress,Felderfilm,8
,editor,Live Video,8
m,director,MDP Worldwide,8
f,actress,Ontario Media Development Corporation Film and Television Tax Credits,8
,producer,Fox Home Video,8
m,producer,Odean S.A.,8
,editor,Delta Pictures,8
m,composer,Modern American Cinema,8
,writer,Tordenfilm AS,8
f,actress,Central Independent Television,8
m,producer,"Deep End Digital Film Group, The",8
f,actress,Million Dollar Video Corporation,8
m,producer,UFA Video,8
f,actress,"Gobierno de Aragón, Departamento de Cultura y Turismo",8
f,actress,Caja de Ahorros de La Rioja (Cajarioja),8
f,actress,Gobierno de La Rioja,8
f,actress,Filmax Distr. de Pelic. S.A.,8
f,producer,Les Films des Tournelles,8
f,actress,Film Independent,8
f,actress,Sciapode,8
m,producer,Riverside Entertainment Group,7
m,director,Sony Video,7
f,actress,Pampa del Castillo Producciones,7
,producer,Fidelity Films,7
f,writer,Ron De Cana Productions,7
m,writer,Raro Video,7
m,editor,"Films de l'Elysée, Les",7
,director,Tapeworm Video Distributors,7
f,actress,Ich Kann Nicht Fliegen Bilder,7
f,actress,3 Shade Productions,7
m,producer,BBC Video,7
f,actress,Compagnie Internationale de Communication,7
m,producer,USA Home Video,7
f,producer,DesperaDo,7
m,editor,Télévision Suisse-Romande (TSR),7
f,cinematographer,Westdeutscher Rundfunk (WDR),7
m,writer,Modern American Cinema,7
m,director,All Worlds Video,7
m,producer,Videal GmbH,7
m,director,Neue Deutsche Filmgesellschaft (NDF),7
m,producer,Endemol Deutschland,7
,editor,Astral Video,7
m,editor,Televisió de Catalunya (TV3),7
m,editor,Modern American Cinema,7
,writer,Start Desenhos Animados,7
f,writer,Cecchi Gori Home Video,7
f,director,Nickelodeon Network,7
,writer,Fondo para la Producción Cinematográfica de Calidad (FOPROCINE),7
,writer,The National Film and Video Foundation of SA,7
,cinematographer,Hart Sharp Video,7
,writer,Cooperativa de Trabajo Caloi en su Tinta,7
,writer,The Department of Trade and Industry of South Africa,7
,editor,Ron De Cana Productions,7
f,writer,BMG Independents,7
,writer,Wonderful Works,7
,writer,Tempe Video,7
m,editor,Wolfe Video,7
,director,Blacksplash Video,7
m,composer,Lux Vide,7
,editor,Centro Nacional Autónomo de Cinematografía (CNAC) (I),7
,cinematographer,WGBH Boston Video,7
,composer,Videal GmbH,7
,editor,Anderson Digital,7
m,director,Le Fresnoy Studio National des Arts Contemporains,7
f,writer,Mandeville Films,7
,writer,Plus Video,7
,writer,Wanderlust Film,7
,producer,Wonderphil Productions,7
,director,Independent,7
,writer,Videal GmbH,7
f,actress,Delfilm,7
,composer,Filmladen,7
m,editor,Le Fresnoy Studio National des Arts Contemporains,7
,cinematographer,Nijenhuis & de Levita Film & TV B.V.,7
f,composer,Centre National de la Cinématographie (CNC),7
m,producer,Behaviour Worldwide,7
,editor,Videx International,7
f,cinematographer,Zweites Deutsches Fernsehen (ZDF),7
,writer,Escola Superior de Cinema i Audiovisuals de Catalunya (ESCAC),7
,director,Escola Superior de Cinema i Audiovisuals de Catalunya (ESCAC),7
,writer,RCA/Columbia Pictures Home Video,7
m,producer,Hidden Staircase,7
m,editor,Independent,7
,cinematographer,Office Fédéral de la Culture,7
,director,Independent Film Channel (IFC),7
m,editor,Sherazade Film Development,7
m,producer,GMA Records Home Video,7
m,producer,BOB Film Sweden AB,7
,writer,National Film School Of Denmark,7
m,editor,Anderson Digital,7
,director,MCA/Universal Home Video,7
m,writer,Alliance Video,7
,writer,"Ringling School of Art & Design, Sarasota, Florida",7
,writer,Fondo de Fomento a la Calidad Cinematográfica,7
m,cinematographer,MDP Worldwide,7
f,writer,Golden Harvest Company,7
m,producer,Deep Films,7
m,composer,Fonds National de Soutien à la Production Audiovisuelle du Luxembourg,7
m,cinematographer,Leader Music,7
,composer,Slide Screen Entertainment,7
f,writer,Flashstar Home Vídeo,7
m,producer,Odessa Entertainment,7
m,composer,Slide Screen Entertainment,7
m,producer,Independent Pictures (II),7
,writer,Korean Academy of Film Arts,7
,writer,Frederator Studios,7
f,actress,Central de Producciones Audiovisuales S.L.,7
f,writer,YonderQuest,7
,writer,First Independent Films,7
,writer,José Frade Producciones Cinematográficas S.A.,7
f,writer,Det Danske Filminstitut,7
m,producer,Les Films de l'Etang,7
m,composer,Ministerio de Cultura,7
m,producer,BMG Models,7
m,director,Oldenburg International Filmfestival,7
f,actress,Ass Video,7
,cinematographer,BMG Video,7
,producer,Golden Shadow Pictures,7
,writer,Kuratorium Junger Deutscher Film,7
,producer,Centre d'Estudis Cinematogràfics de Catalunya (CECC),7
,editor,National Film School Of Denmark,7
,editor,Mandeville Films,7
m,editor,Concorde Film,7
f,actress,"Museum of Modern Art, The (MoMA)",7
,writer,Théâtre Musical de Paris Châtelet,7
f,actress,H&E Videos,7
,director,Hochschule Luzern (HSLU) Design & Kunst/Animation,7
,producer,Tel Aviv University Film & Television Department,7
m,producer,Les Films à Fleur de Peau,7
m,composer,Lizard Cinema Trade,7
,producer,Liquid Desert,7
,writer,Centro Nacional Autónomo de Cinematografía (CNAC) (I),7
f,actress,Tragaluz Estudio de Artes Escénicas S.L.,7
,writer,Commission Superieure Technique de l'image et du son,7
,producer,Vox Video,7
f,actress,Dentsu Tec,7
,writer,Rodeo Drive,7
f,actress,Aniade,7
,writer,Indipendenti Regionali,7
f,actress,Delusion Pictures,7
,cinematographer,Ecole Nationale Supérieure des Arts Décoratifs (ENSAD),7
f,actress,World Wide Motion Pictures Corporation,7
,cinematographer,Alamode Film,7
f,editor,Barnet Brookside,7
m,producer,Defiant Pictures,7
,editor,Fidecine,7
,producer,Departure Entertainment,7
m,director,Hart Sharp Video,7
m,composer,Office Fédéral de la Culture,7
,director,Taideteollinen korkeakoulu,7
f,director,LK-TEL Vídeo,7
,director,Spark Worldwide,7
,editor,Kinderkanal,7
,writer,América Vídeo,7
m,director,Valentim de Carvalho Multimédia,7
f,director,Golden Harvest Company,7
m,composer,Odeon Films,7
,editor,Stedelijk Hoger Instituut voor Visuele Kommunikatie en Vormgeving Genk,7
,producer,Santo Domingo Film & Music Video,7
,director,Stedelijk Hoger Instituut voor Visuele Kommunikatie en Vormgeving Genk,7
,writer,Netherlands Institute for Media Art / Montevideo TBA,7
,cinematographer,Stedelijk Hoger Instituut voor Visuele Kommunikatie en Vormgeving Genk,7
,writer,Stedelijk Hoger Instituut voor Visuele Kommunikatie en Vormgeving Genk,7
f,actress,Relatively Redeemable Productions,7
f,actress,Angel Underground,7
f,writer,Tartan Video,7
m,producer,Nederlandse Omroepstichting (NOS),7
f,actress,Lava Video,7
m,producer,Président Films,7
,writer,Zeitgeist Video,7
f,actress,Baldevjiu Productions,7
,producer,Golden Girl,7
,writer,Amusement Media Academy,7
m,editor,TV4 Sweden,7
f,actress,Undertow Pictures,7
m,producer,Departamento de Cultura del Gobierno Vasco,7
m,editor,Universidad del Cine,7
m,cinematographer,Nederlandse Programma Stichting (NPS),7
,cinematographer,Warner Bros. Home Video,7
f,actress,New Vision Video,7
f,actress,Rolling Thunder Pictures,7
,producer,Deviant Films,7
,director,Video Planning,7
f,actress,Golden Harvest,7
m,director,Amazon Instant Video,7
,writer,Nederlands Film Instituut,7
f,actress,UAP Video GmbH,7
f,actress,Jade M,7
,cinematographer,BOB Film Sweden AB,7
,producer,E.I. Independent Cinema,7
m,cinematographer,TV4 Sweden,7
m,producer,Société Française de Production (SFP),7
f,editor,Líder Films,7
,director,Televicine S.A. de C.V.,7
,writer,Filmax Home Video,7
,producer,Sky Eagle Worldwide Holdings,7
m,editor,Destination Films,7
m,director,Anderson Digital,7
,producer,40 Creditors and a Deferral,7
,cinematographer,TV5 Monde,7
,editor,Codeblack Entertainment,7
,writer,WGBH Boston Video,7
,editor,Alamode Film,7
m,director,Edel Media & Entertainment,7
,editor,Thunderbird Films,7
m,editor,MDP Worldwide,7
f,actress,Playboy Home Video,7
,cinematographer,Concorde Film,7
m,writer,Core Design,7
,producer,Thunderbean Animation,7
m,writer,Presidenzia del Consiglio del Ministri-Dipartimento dello Spettacolo,7
,producer,Supercollider Ltd.,7
,producer,Brideshead Films,7
m,cinematographer,Wolfe Video,7
m,producer,Virgin Suicides LLC,7
m,editor,Sociedad General de Derechos Audiovisuales (SOGEDASA),7
m,editor,C/FP Video,7
,producer,Handel Productions,7
,editor,New Concorde Home Entertainment,7
f,actress,Gideon Productions,7
,cinematographer,Televicine S.A. de C.V.,7
,cinematographer,Escuela de Cinematografía y Actuación de Monterrey The Films Workshops,7
m,producer,Code Productions,7
f,producer,Chrysalide Film,7
m,composer,Discovery Film & Video Distribution,7
,producer,Academy Films,7
f,writer,Mitteldeutscher Rundfunk (MDR),7
f,editor,Warner Independent Pictures (WIP),7
m,cinematographer,Salt City Home Video,7
,editor,Concorde Pictures,7
f,producer,Hart Sharp Video,7
,producer,Twister Digital Video,7
m,writer,Ateliers de Baere,7
f,actress,Adelson-Baumgarten Productions,7
,producer,NxtLvL Fight & Flight Design,7
,writer,Odeon Films,7
,cinematographer,Versátil Home Vídeo,7
,producer,Providence Films,7
,cinematographer,Televisão Independente (TVI),7
,producer,DeFamilieJanssen (DFJ),7
f,writer,Tracey Alexander Productions,7
,cinematographer,Escuela de Cinema y Audiovisual Comunidad de Madrid (ECAM),7
f,actress,Milestone Film & Video,7
f,producer,Arcade Movie Company,7
m,writer,TLA Video,7
f,actress,Ma.ja.de. Fiction,7
m,cinematographer,Mitteldeutscher Rundfunk (MDR),7
,cinematographer,Fonds National de Soutien à la Production Audiovisuelle du Luxembourg,7
,writer,Televisión de Galicia (TVG) S.A.,7
,producer,Death Note Film Partners,7
,writer,Des Films,7
m,producer,Video Palace House of Distribution,7
,writer,Filmtrade,7
,cinematographer,Concorde-Castle Rock/Turner,7
m,producer,Lux Vide,7
f,director,Divisa Home Video,7
,cinematographer,Quanta Centro de Produções Cinematográficas,7
f,actress,Anna Sanders Films,7
m,composer,Concorde-New Horizons,7
,producer,Escuela Internacional de Cine y Televisión (EICTV),7
f,actress,Swing Home Vídeo,7
,editor,Creative Light Worldwide,7
f,actress,Hispana de Producción,7
,director,Fidecine,7
,producer,Conseil Général de l'Oise,7
,cinematographer,ITI Home Video,7
,writer,De Filmfreak,7
m,editor,Regal Home Video,7
f,cinematographer,Hochschule für Bildende Künste Hamburg,7
m,cinematographer,Wiedemann & Berg Filmproduktion,7
m,director,Compañía General de la Imagen (CGI),7
,producer,Schroeder Hoffman Productions,7
m,cinematographer,Alamode Film,7
m,producer,AVU-Video-Vertriebs-GmbH,7
,editor,Ascot Video,7
m,writer,4 Front Video,7
,producer,Rodeo Drive,7
m,composer,Big Idea,7
m,cinematographer,Lizard Cinema Trade,7
f,actress,Loterie Suisse Romande,7
f,actress,Goldeco Pictures,7
,composer,Wiedemann & Berg Filmproduktion,7
m,director,HandMade Films,7
m,producer,Hi-Tops Video,7
f,actress,Karmen Video,7
f,actress,Sidereal Productions,7
f,producer,Versátil Home Vídeo,7
m,director,America Video Film,7
,composer,Alpha Video Distributors,7
m,writer,Turner Home Video,7
f,producer,Videoservice,7
m,producer,Manitoba Film and Video Production Tax Credit,7
f,director,Instituto Mexicano de Cinematografía (IMCINE),7
f,producer,Cinematografica Distributori Indipendenti (CDI),7
,composer,BMG Video,7
,producer,Inside Track Productions,7
f,actress,Cape Fear Independent Film Network,7
m,composer,Ripley's Home Video,7
m,director,TLA Video,7
f,actress,Adelaide Festival of Arts,7
,producer,Pasadena Films,7
m,producer,Meteor Home Video,7
f,writer,RaiTrade,7
,producer,Ma.ja.de. Fiction,7
,writer,DEJ Productions,7
m,cinematographer,Sony Video,7
f,actress,Trade Off Productions,7
,writer,Ekaterinburg Art Home Video (EAHV),7
f,actress,Providence Entertainment,7
f,actress,Vestron Video International,7
m,writer,Videoville Showtime,7
,composer,Alamode Film,7
,producer,Salt City Home Video,7
m,producer,CanWest Western Independent Producers Fund,7
f,actress,Destiny Entertainment Productions,7
,composer,Republic Pictures Home Video,7
,producer,Independent Filmmakers Cooperative (IFC),7
f,actress,La Compagnie Deschamps et Makeïeff,7
f,writer,Ministère de la Culture et de la Francophonie,7
f,actress,independent players GmbH,7
m,cinematographer,Concorde Film,7
,writer,HandMade Films,7
,composer,Rizzoli Corriere della Sera Home Video (RCS),7
,producer,Loterie Suisse Romande,7
m,producer,Equipment & Film Design,7
,producer,Medusa Video,7
m,director,Clap - Produção de Filmes,7
,composer,Chrysalide Film,7
f,actress,The Fundacion del Nuevo Cine Latinoamericano,7
,cinematographer,Malofilm Home Video,7
f,actress,Alianza Cinematografica Mexicana S.A. de C.V.,7
f,actress,Made on a Bank Loan Production,7
m,writer,Clap - Produção de Filmes,7
f,actress,Pander Productions,7
,composer,Tapeworm Video Distributors,7
m,producer,Département de la Charente,7
,producer,Rebellion Developments Ltd.,7
f,actress,Nadeo,7
,composer,Escuela de Cinema y Audiovisual Comunidad de Madrid (ECAM),7
m,writer,Zide-Perry Productions,7
,writer,Dean River Productions,7
m,composer,BBC Worldwide,7
,composer,Concorde-New Horizons,7
f,actress,Spiderwood Animation Productions,7
m,writer,Universidad del Cine,7
m,producer,Wonder Works Films,7
f,actress,Spiderwood Studios,7
f,actress,Pôle Image de Liège,7
m,cinematographer,Instituto de la Cinematografía y de las Artes Audiovisuales (ICAA),7
,composer,Entertainment in Video,7
f,actress,Lucernafilm Video,7
,writer,America Video,7
m,director,Universidad del Cine,7
,composer,Columbia TriStar Warner Filmes de Portugal,7
m,producer,"Furia de Titanes II, A.I.E.",7
f,actress,Spiderwood Productions,7
f,actress,Consultores de Comunicación Integral S.L.,7
,composer,Providential Pictures Inc.,7
,director,Frederator Incorporated,7
,producer,Demian,7
f,actress,Cinematografica del Prado S.A.,7
,composer,Ministerio de Cultura,7
f,actress,New York International Film and Video Festival,7
f,producer,Ascot Video,7
f,writer,BMG Video,7
m,director,Codeblack Entertainment,7
f,actress,Golden Hello Entertainment,7
,composer,Arcade Movie Company,7
,editor,Hemdale Home Video,7
,producer,Sony Deutschland,7
m,writer,Groupement National des Cinémas de Recherche (GNCR),7
m,producer,Ministère des Affaires Étrangères,7
m,editor,DENTSU Music And Entertainment,7
m,writer,Nickelodeon Studios,7
,composer,Viz Video,7
f,actress,FilmFour Video,7
,writer,Metrodome Video Ltd.,7
f,actress,Golden Ring International,7
,director,TV5 Monde,7
,writer,CBS/Fox Home Video,7
,composer,Live Home Video,7
f,actress,Centre d'Estudis Cinematogràfics de Catalunya (CECC),7
m,editor,Tartan Video,7
,cinematographer,Mti Home Video,7
,producer,Spiderwick Productions,7
,writer,"Alberta Film Development Program of the Alberta Foundation for the Arts, The",7
m,director,WonderPhil Productions,7
f,actress,Bayerische Film- und Fernsehförderung,7
,producer,Syrox Developments,7
m,editor,Mega Star Video Distribution,7
,editor,Brilliant Idea Group (BIG),7
f,actress,Inspidea,7
f,producer,Astral Video,7
,editor,Chang-Hong Channel Film & Video Co.,7
m,producer,Guangdong Qianhe Audio & Video,7
,producer,Paramount Pictures Home Video,7
f,actress,Noorderwind,7
,editor,Chrysalide Film,7
,producer,Ivory Music & Video,7
,editor,Compañía General de la Imagen (CGI),7
,director,Avex Mode,7
,producer,Borde Releasing,7
m,composer,Televicine S.A. de C.V.,7
,editor,Contender Entertainment Group,7
f,actress,Endemol Italia,7
,producer,China Vídeo,7
m,cinematographer,Joy Sales Film and Video Distributors,7
m,director,Brilliant Idea Group (BIG),7
f,actress,Cadence Pictures,7
,editor,Kasander Film Company,7
f,actress,Abode,7
m,cinematographer,New Horizons Home Video,7
m,writer,Wide Sight Entertainment Limited,7
f,editor,Kino Video,7
,producer,Fleur De Lis Film Studios,7
m,producer,Inside Track 2,7
f,actress,AdultFriendFinder.com,7
m,composer,Mega Star Video Distribution,7
f,producer,Instituto Cubano del Arte e Industrias Cinematográficos (ICAIC),7
,producer,Arden Film,7
,cinematographer,DEJ Productions,7
f,producer,Recorded Picture Company (RPC),7
,writer,Canadian Film or Video Production Tax Credit Program,7
m,producer,Hollywood Independents,7
m,producer,Delta Vidéo Diffusion,7
m,writer,El Deseo S.A.,7
m,editor,Schröder Media,7
m,director,CBS/Fox Home Video,7
f,producer,Mti Home Video,7
,composer,Mti Home Video,7
m,composer,Dean River Productions,7
f,actress,Modesto Film,7
,producer,Vestron Video,7
f,actress,Demtas Film,7
m,producer,China Vídeo,7
m,composer,Buena Vista International (Denmark),7
m,editor,Sony Pictures Video,7
f,actress,Centro Técnico de Audiovisual/ MinC,7
,producer,Independence Film Investments,7
m,director,Hollywood Independents,7
,producer,Independence Film Investments (IFI),7
f,writer,Krause & Schneider Multimedia (KSM),7
,producer,Dream Riders Studio,7
m,writer,Gestmusic Endemol,7
m,writer,Sridevi Productions,7
f,actress,Destruction Film Productions,7
f,actress,XYZ Desarrollos S.A.,7
m,writer,Meteor Home Video,7
m,editor,Delux Productions,7
m,director,Videocine S.A. de C.V.,7
f,actress,Departure Entertainment,7
,producer,Atelier Cinéma de Normandie (ACCAAN),7
,producer,Concorde Pictures,7
m,editor,Ascot Video,7
,writer,Globo Vídeo,7
m,composer,WGBH Boston Video,7
,producer,Providential Pictures Inc.,7
,producer,Rede Globo de Televisão,7
m,composer,Verenigde Arbeiders Radio Amateurs (VARA),7
,editor,J.J. Sedelmaier Productions,7
,producer,Ideacinema,7
m,editor,Wanderlust Film,7
m,writer,Nederlands Fonds voor de Film,7
f,producer,Depth of Field,7
f,writer,Concorde-Castle Rock/Turner,7
f,actress,Instinct Eden Rock International,7
f,actress,Video Maura,7
f,director,Regal Home Video,7
,producer,TV5Monde,7
f,actress,Leo Home Video,7
,producer,Consorzio per la Tutela del Prosecco di Conegliano-Valdobbiadene,7
m,writer,Film Threat Video,7
m,producer,Nintendo Entertainment Analysis and Development (EAD) (I),7
,producer,Duck Decoy Production Inc.,7
m,producer,Branded Entertainment/Batfilm Productions,7
m,composer,Autour de Minuit Productions,7
m,editor,WonderPhil Productions,7
,producer,Filmakademie Baden-Wuerttemberg,7
m,editor,Sociedad General de Televisión (Sogetel),7
,producer,Regione del Veneto,7
m,cinematographer,Instituto Nacional de Cine y Artes Audiovisuales (INCAA),7
m,writer,Escuela Internacional de Cine y Televisión (EICTV),7
,producer,Les Films de l'Etang,7
f,actress,Escola de Imaxe e Son,7
m,cinematographer,DEJ Productions,7
f,actress,Videoscope Fernseh-Film GmbH,7
f,actress,Destiny Image Films,7
f,producer,Société de Développement des Entreprises Culturelles (SODEC),7
f,actress,Deep Side,7
m,writer,Guangdong Qianhe Audio & Video,7
f,actress,Inside Films,7
m,composer,Trimark Home Video,7
m,producer,Hualu Electronic Audio & Video Publish Co.,7
f,actress,Index Visual & Games,7
,producer,Maurício de Souza Produções Cinematográficas,7
f,actress,Index Holdings,7
m,writer,Tandem Films,7
m,producer,Modern Digital,7
f,actress,MTV Home Video,7
,producer,Border Films,7
f,actress,Jade Productions,7
f,producer,GMA Records Home Video,7
,writer,Bolder Media for Boys and Girls,7
m,editor,Zeitgeist Video,7
f,producer,Viva Video,7
,producer,Epidemic Pictures,7
m,producer,Tordenfilm AS,7
m,cinematographer,VideoFilmes,7
f,actress,LA Independent Film & Entertainment L.I.F.E.,7
f,actress,Golden Port Productions Ltd.,7
m,producer,Intandem Films,7
f,editor,Programme MEDIA de la Communauté Européenne,7
m,cinematographer,Toei Video Company,7
m,cinematographer,Longride,7
m,writer,Ayngaran Video,7
m,director,Dimension Home Video,7
f,editor,Les Films Alain Sarde,7
m,producer,Undergroundfilm.com,7
m,writer,Opéra National de Paris,7
m,writer,Shochiku Home Video,7
m,director,América Vídeo,7
,producer,Providence Entertainment,7
,producer,Persson-Mothander Film,7
,producer,Delanic Films,7
m,writer,Miramax Home Video,7
,producer,Studio Film Bilder,7
f,producer,Tour de Force,6
,producer,Universidad de Guadalajara,6
,cinematographer,"Universitatea Nationala de Arta Teatrala si Cinematografica ""I.L. Caragiale"" (UNATC)",6
m,editor,Dimension Home Video,6
m,writer,Lindele Media,6
m,producer,Chiragdeep International,6
,director,Electric Video,6
f,actress,Resonance Film & Video,6
,composer,MDP Worldwide,6
m,producer,Raro Video,6
,producer,Action Video Productions,6
m,composer,Ministère des Affaires Étrangères,6
f,actress,Indept Pictures,6
f,actress,Spiderwick Productions,6
,producer,Alliance Independent Films,6
,composer,Metrodome Video Ltd.,6
m,composer,Cinematografica Distributori Indipendenti (CDI),6
m,producer,VZ-Handelsgesellschaft,6
m,producer,Dee Gee Entertainment,6
m,producer,Ajuntament de Barcelona,6
f,actress,Tandem Productions (II),6
,producer,Little Wonder Productions,6
m,producer,Denial Venture,6
,composer,Cascade Film,6
m,producer,Ontario Media Development Corporation (OMDC),6
f,actress,Conseil Régional de Picardie,6
,cinematographer,Entertainment in Video,6
,director,Blender Foundation,6
,writer,Federalnoe Agentstvo po Kulture i Kinematografii,6
m,producer,BSM: Barcelona de Serveis Municipals,6
,writer,Adapting Sideways Productions,6
m,composer,Bombino Video Pvt. Ltd.,6
,producer,Pandemonium,6
m,composer,Delphi Filmverleih Produktion,6
,editor,Jour de Fête Films,6
m,editor,DEJ Productions,6
m,cinematographer,Société de Développement des Entreprises Culturelles (SODEC),6
f,actress,Collectivité Territoriale de la Corse,6
m,editor,Norddeutscher Rundfunk (NDR),6
m,editor,Tempe Video,6
,director,Roadshow Entertainment Video,6
m,cinematographer,Quanta Centro de Produções Cinematográficas,6
m,producer,Alpha Video Distributors,6
f,actress,Desperate Pictures,6
,writer,Consejo Para la Cultura y las Artes de Nuevo Leon (Conarte),6
,director,Ministère de la Culture et de la Communication,6
f,producer,Palisades Pictures,6
m,composer,Les Studios de Saint Ouen,6
,composer,Consejo Para la Cultura y las Artes de Nuevo Leon (Conarte),6
,producer,Angel Blade Production Committee,6
m,producer,Esselte Video,6
,writer,Fox-Walden,6
,cinematographer,Aditya Video,6
,producer,Un Monde Meilleur,6
,editor,Centro Universitario de Estudios Cinematográficos (CUEC),6
,director,Ministère de la Communauté Française de Belgique,6
,director,Institut National de l'Audiovisuel (INA),6
,editor,Aditya Video,6
f,actress,Caradecão Filmes,6
,writer,Taideteollinen korkeakoulu,6
,writer,Dentsu Tec,6
m,producer,Unrendered Productions,6
m,writer,Mti Home Video,6
f,actress,Nippon Film Development and Finance,6
m,director,Video Palace House of Distribution,6
m,director,Cinematografica Distributori Indipendenti (CDI),6
,director,Golden Network Asia,6
f,actress,MediaTrade,6
,producer,KGP Kranzelbinder Gabriele Production,6
,producer,Rank Outsider Productions,6
m,cinematographer,Schröder Media,6
m,cinematographer,Primer Plano Film Group Video,6
,producer,West Australian Screen Academy,6
f,director,Det Danske Filminstitut,6
m,cinematographer,Concorde-New Horizons,6
m,composer,Nickelodeon,6
,writer,New York Film Academy at Universal Studios,6
f,editor,CIC Vídeo,6
,cinematographer,New Concorde Home Entertainment,6
m,composer,CNR Film & Video,6
,producer,Film and Television Academy Potsdam-Babelsberg,6
,composer,Buena Vista International (Sweden),6
f,editor,Deltamac Entertainment,6
,producer,Toshiba Video Softwares,6
m,cinematographer,El Deseo S.A.,6
m,cinematographer,Filmtrade,6
m,producer,Département des Alpes-Maritimes,6
f,actress,Palawood Development Inc.,6
,producer,Federalnoe Agentstvo po Kulture i Kinematografii,6
f,actress,Rhino Home Video,6
m,writer,American Independent Productions,6
,producer,Golden Princess Film Production Limited,6
f,actress,Coram Deo Studios,6
f,actress,Compagnie des Phares et Balises,6
m,editor,Towa Video,6
f,writer,Cineplex Odeon Films,6
f,actress,Consellería de Cultura e Comunicación Social,6
f,actress,Look Vídeo,6
m,producer,Decade Distribution,6
,producer,New Vision Video,6
,editor,InDigEnt (Independent Digital Entertainment),6
,writer,Detailfilm,6
f,writer,West Australian Screen Academy,6
f,actress,Jade City Internatioinal Films,6
f,actress,California Department of Recycling,6
m,editor,Hollywood Independents,6
m,writer,Ediciones del Sur,6
,writer,Piktor Duende,6
m,composer,Blue Rider Pictures,6
m,cinematographer,Viva Video,6
m,composer,Ekaterinburg Art Home Video (EAHV),6
f,actress,Les Films de l'Après-Midi,6
f,actress,Andrew Adelson Company,6
f,actress,Delta Video,6
f,actress,Capital Cities/ABC Video Enterprises Inc.,6
f,editor,Filmförderungsanstalt (FFA),6
,director,Région Ile-de-France,6
,writer,Valentim de Carvalho Multimédia,6
,director,Contender Entertainment Group,6
,producer,Tokyo Raiders,6
,writer,Crystal Sky Worldwide,6
m,producer,Ivory Music & Video,6
,writer,IMAX Sandde Animation,6
,writer,Tidepoint Pictures,6
m,cinematographer,Media Design Imaging,6
f,actress,Powder Room Films,6
m,editor,Devinshire Jamestown Pictures,6
,cinematographer,Tidepoint Pictures,6
,director,Tidepoint Pictures,6
,editor,Tidepoint Pictures,6
m,director,Filmtrade,6
,director,Filmakademie Ludwigsburg,6
m,producer,Videonerv,6
,cinematographer,Thunderbird Films,6
f,actress,Societé d'Exploitation et de Distribution de Films (SEDIF),6
,producer,Leader Motion Pictures,6
,cinematographer,Cineplex Odeon Films,6
,cinematographer,Cineplex-Odeon Home Video,6
f,actress,Ideacinema,6
,editor,WunderWerk,6
m,writer,MHF Zweite Academy Film,6
,editor,Worldvision Home Video,6
,composer,Zeitgeist Video,6
,writer,Jour de Fête Films,6
m,editor,Les Films des Tournelles,6
,producer,Piktor Duende,6
,editor,Andes Films,6
,composer,Ministère de la Culture et de la Communication,6
m,producer,Tour de Force,6
m,cinematographer,Cinematografica Distributori Indipendenti (CDI),6
f,actress,Medien- und Filmgesellschaft Baden-Württemberg,6
f,actress,ST2 Vídeo,6
,writer,CanWest Western Independent Producers Fund,6
,editor,Strand Home Video,6
,writer,Concorde Video,6
m,producer,Beijing Forbidden City Film Co.,6
,writer,Nickelodeon Productions,6
,director,Viva Video,6
f,editor,Detaron Productions,6
m,writer,Towa Video,6
f,director,Detaron Productions,6
f,composer,Detaron Productions,6
f,cinematographer,Detaron Productions,6
f,writer,Detaron Productions,6
,editor,CBS/Fox Home Video,6
m,director,Live Video,6
,writer,Stampede Entertainment,6
m,producer,Dolmen Home Video,6
m,cinematographer,Compañía General de la Imagen (CGI),6
,producer,De Familie Janssen cbva,6
f,actress,Point of Order Productions,6
,producer,Roundhay Garden Scene,6
m,producer,SBS Independent,6
,editor,Wiedemann & Berg Filmproduktion,6
m,editor,Fondo de Fomento a la Calidad Cinematográfica,6
m,director,American Independent Productions,6
m,director,Renegade Animation,6
,producer,Verboden,6
f,producer,Budderfly Productions,6
,composer,Music Video Distributors (MVD),6
f,actress,Opéra de Lyon,6
f,writer,DEJ Productions,6
,editor,Sony Video,6
,producer,Transcendent,6
f,director,Les Films Alain Sarde,6
f,composer,EuroVideo,6
,composer,Ekaterinburg Art Home Video (EAHV),6
f,director,Instituto Nacional de Cine y Artes Audiovisuales (INCAA),6
,producer,Impuls Video,6
f,editor,Medienboard Berlin-Brandenburg,6
f,actress,Rodeo Film,6
,producer,José Auzmendi Lizarralde,6
,producer,Schokolade Filmproduktion GmbH,6
f,actress,Le Groupement National des Cinémas de Recherche,6
m,cinematographer,Fondo de Fomento a la Calidad Cinematográfica,6
m,writer,RedEye Animation,6
f,actress,"Dirección de Investigación, Desarrollo Tecnológico y Experimentación Cinematográfica y de Cortometraje",6
m,director,Muerto de Risa,6
f,actress,Golden Film Ltd.,6
f,actress,Films de Catsilglin,6
m,writer,Muerto de Risa,6
m,producer,Muerto de Risa,6
m,writer,New Sensations Video,6
m,director,3 Sides Entertainment,6
,producer,Delta Films,6
m,director,Escola Superior de Teatro e Cinema (ESTC),6
,producer,Turun Taideakatemia,6
m,producer,SpiderCircle Films,6
,editor,E.I. Independent Cinema,6
f,editor,Alamode Film,6
,producer,Dead Fiancée Productions,6
,editor,Wide Sight Entertainment Limited,6
,editor,Golden Mean,6
m,director,Rundfunk Berlin-Brandenburg (RBB),6
f,actress,Devi Films,6
,cinematographer,Den Danske Filmskole,6
,editor,Star Home Video,6
m,composer,El Deseo S.A.,6
,editor,Film Afrika Worldwide,6
,producer,Wonderboy Entertainment,6
m,director,RaiTrade,6
m,producer,Disorder Productions,6
m,director,Verenigde Arbeiders Radio Amateurs (VARA),6
f,actress,Villa del Cine,6
f,actress,Devils Avalanche Films,6
,editor,Bombino Video Pvt. Ltd.,6
,editor,Palisades Pictures,6
f,director,PolyGram Video,6
,writer,Odec Kid Cartoons,6
m,director,Pathfinder Pictures,6
f,actress,Obshchestvennoye Rossijskoye Televideniye (ORT) Video,6
,director,Freedemon,6
,editor,Gurpreet Video International,6
m,writer,Chiragdeep International,6
,editor,Primer Plano Film Group Video,6
,editor,Pyramide Productions,6
,producer,Central Independent Television,6
f,actress,Codemasters,6
,director,Département de la Charente,6
f,actress,Les Films de la Baleine,6
m,director,Bombino Video Pvt. Ltd.,6
f,actress,Gruppo Edebe',6
,producer,Les Aventuriers de l'Image,6
,producer,Dexia,6
,editor,"Kinovideoobedinenie ""Krupniy Plan""",6
,composer,Perro Verde Films,6
,editor,New Volga Videos,6
m,composer,Alamode Film,6
,editor,Crystal Sky Worldwide,6
m,producer,Inside Track Films,6
m,cinematographer,Palisades-Tartan Acquisitions,6
f,director,Le Tax Shelter du Gouvernement Fédéral de Belgique,6
m,producer,Devils Avalanche Films,6
f,actress,Escola Municipal de Formació Professional en Mitjans Audio-Visuals (EMAV),6
m,editor,Live Home Video,6
f,actress,Noche de Brujas Producciones,6
m,cinematographer,Zeitgeist Video,6
m,writer,Warner Home Video Española S.A.,6
m,writer,Les Films de l'Atalante,6
m,composer,Twin Video,6
,editor,Video Palace House of Distribution,6
,editor,Oldenburg International Filmfestival,6
m,writer,Dead Gentlemen Productions,6
m,producer,Avex Mode,6
,editor,WonderPhil Productions,6
m,producer,Universal Music & Video Distribution (UMVD),6
m,composer,Skrik Horror Video,6
,writer,Deos Animation Studios,6
m,writer,Delta Pictures,6
f,actress,Videonerv,6
m,composer,Edel Media & Entertainment,6
m,writer,Independenta Film,6
f,writer,Wide Pictures,6
m,producer,Globo Vídeo,6
,director,Dean River Productions,6
,cinematographer,Filmakademie Baden-Wuerttemberg,6
m,composer,Studio DEEN,6
,producer,Wonderfun,6
f,actress,Cineworks Independent Filmmakers Society,6
f,producer,Centro de Capacitación Cinematográfica (CCC),6
,producer,Deck of Cards Entertainment,6
,cinematographer,Trimark Home Video,6
,writer,Deck of Cards Entertainment,6
,producer,De Productie,6
,producer,Rotterdams Fonds voor de Film en Audiovisuele Media,6
f,actress,GoldenGirl FilmWorks Studios,6
m,producer,Saban Video,6
,director,Universidade Lusófona de Humanidades e Tecnologias,6
m,producer,M & M Vihdepalvely,6
m,producer,DIA Distributori Indipendenti,6
,producer,Adelita Studios,6
m,cinematographer,Tandem Communications,6
f,actress,Iron Oxide Productions,6
f,director,Califórnia Home Vídeo,6
,producer,Hochschule für Bildende Künste Hamburg,6
f,producer,Golden Book Video,6
f,actress,Youngtze Film & Video Inc.,6
f,producer,Discovery Film & Video Distribution,6
m,producer,Evidence Films,6
,director,Flashstar Home Vídeo,6
m,producer,Big Sky Video,6
,producer,Aspa Cine-Video S.L.,6
m,producer,VTI Home Vídeo,6
m,producer,Devin Entertainment,6
f,actress,Cinemex Films S.A. de C.V.,6
,composer,Blender Foundation,6
,composer,Leader Motion Pictures,6
,director,Lizard Cinema Trade,6
m,writer,Device,6
,editor,New Deal Productions,6
,producer,Delicious the Film,6
,editor,Miramax Home Video,6
,director,Highlight Video,6
,composer,Golden Princess Film Production Limited,6
f,actress,Festival Lyrique de Saint-Céré et du Haut Quercy,6
,producer,Département Fédéral de l'Intérieur,6
f,actress,Newlink Development,6
,director,Cascade Film,6
,producer,Alfadedis Entertainment,6
,director,Videlectrix,6
,producer,MMDP Munich Movie Development & Production GmbH & Co. Project KG,6
f,actress,VideoSif,6
m,producer,Gladden Entertainment,6
,producer,Decca,6
,cinematographer,Generalitat de Catalunya - Institut Català de les Indústries Culturals (ICIC),6
,editor,Delta Movies,6
,cinematographer,Hollywood Independents,6
f,writer,CIC Video,6
m,editor,Media Design Imaging,6
m,producer,Arrow Video,6
,producer,"Madre del Cordero Films, La",6
,composer,Brøderbund Software,6
,producer,Shade Pictures,6
,producer,École de La Poudrière,6
,producer,"De Mann Entertainment Company, The",6
,editor,Lee Mendelson Film Productions,6
f,editor,DeA Planeta Home Entertainment,6
,producer,Centre Régional des Ressources Audiovisuelles (CRRAV),6
f,actress,DEREVO,6
,producer,Lee Mendelson Film Productions,6
,composer,OZI Escola de Audiovisual de Brasília,6
f,actress,Totally Tasteless Video,6
m,producer,De Cuernos Al Abismo,6
m,producer,Dezenove Filmes,6
f,actress,Golden Ticket Films,6
m,producer,Brooklyn Independent Studios,6
,writer,Comarex S.A. de C.V.',6
m,producer,Sincronía Films S.A. de C.V.,6
,writer,"Buenavista Columbia Tri Star Films de Mexico, S. de R.L. de C.V.'",6
m,producer,TLA Video,6
f,actress,Wildside Production,6
m,director,Ostdeutscher Rundfunk Brandenburg (ORB),6
,writer,Sarabande Productions,6
m,editor,Hidden Journal Films,6
f,writer,Sociedad General de Televisión (Sogetel),6
f,composer,Videosonic Arts,6
m,cinematographer,Hidden Journal Films,6
m,writer,Comme des Cinémas,6
,writer,Cinematografica Distributori Indipendenti (CDI),6
m,writer,Dolmen Home Video,6
,producer,Mademoiselle Courts Production,6
m,cinematographer,America Video Film,6
f,actress,Frederick Films,6
,producer,Wonder Entertainment,6
,producer,Envie de Tempête Productions,6
m,writer,Nederlandse Omroepstichting (NOS),6
f,producer,Hochschule für Bildende Künste Hamburg,6
m,writer,Ministerie van de Vlaamse Gemeenschap,6
f,actress,Deckchair Productions,6
f,director,Abril Vídeo,6
m,producer,Raspberry & Lavender,6
m,producer,Dereko Entertainment,6
m,producer,Slick Devil Entertainment,6
m,writer,Berliner Filmförderung,6
m,producer,Tigers Den Studios,6
f,actress,Darkside Films,6
f,actress,Detonate International,6
f,actress,Les Films de la Capucine,6
m,writer,Devin Entertainment,6
,composer,Chiragdeep International,6
m,director,Filmförderung Hamburg,6
,producer,Delaney & Friends Cartoon Productions,6
f,actress,Terra Video,6
m,producer,Crusader Entertainment,6
,producer,Taideteollinen korkeakoulu,6
f,actress,Riders on the Storm Pictures,6
,cinematographer,Universal Pictures Video,6
f,actress,Rainstorm Video & Film,6
,writer,America Video Film,6
,composer,Groupe de Recherches et d'Essais Cinematographiques (GREC),6
m,composer,Primer Plano Film Group Video,6
m,director,Devinshire Jamestown Pictures,6
f,actress,"Zespol Filmowy ""Indeks""",6
m,writer,Ghosthouse Underground,6
m,writer,Delphis Films,6
f,actress,Syrox Developments,6
,editor,Filmakademie Wien,6
,writer,China Film Media Asia Audio Video Distribution Co.,6
,director,Quanta Centro de Produções Cinematográficas,6
m,producer,RCS Video,6
,writer,Cinema Pardes,6
m,producer,Lindele Media,6
,editor,Wild Side Vidéo,6
m,writer,Nickelodeon,6
m,director,Resnick Interactive Development,6
,editor,Tapeworm Video Distributors,6
,producer,Another Dimension of an Idea,6
,producer,Las Perlas de la Virgen,6
m,writer,Unrendered Productions,6
,producer,Tenderlee Motion Pictures Company,6
,editor,West Australian Screen Academy,6
f,producer,Schröder Media,6
,producer,Citadel,6
,writer,Nederlandse Omroepstichting (NOS),6
,producer,Jade Films,6
,composer,Academy of Television Arts and Sciences (ATAS),6
f,actress,Lo Nuestro en Video SA,6
f,actress,Living Dead Guy Productions,6
f,producer,Serenade Films,6
m,writer,Hellas Video,6
,writer,West Australian Screen Academy,6
f,writer,Escola Superior de Cinema i Audiovisuals de Catalunya (ESCAC),6
,producer,Instinct Eden Rock International,6
m,composer,Nickelodeon Animation Studios,6
,producer,Underdog Productions,6
,producer,Code 7 Entertainment,6
f,actress,Evil Angel Video,6
,composer,"Kinovideoobedinenie ""Krupniy Plan""",6
m,director,Ekaterinburg Art Home Video (EAHV),6
f,actress,Showtime Video Distribution Inc.,6
m,producer,Star Home Video,6
m,producer,Nu Visión de Argentina,6
f,actress,RiverWide Productions,6
f,composer,Prorom Media-Trade,6
f,writer,Warner Independent Pictures (WIP),6
,writer,Alliance Home Video,6
,producer,Delon Int.,6
,producer,Tandem Filmproduktion,6
f,actress,Sree Krishna Filims kozhikode,6
f,editor,Wolfe Video,6
,writer,Les Films de l'Atalante,6
f,editor,Région Ile-de-France,6
m,producer,Ministerie van de Vlaamse Gemeenschap,6
m,producer,Berliner Filmförderung,6
m,writer,"Buenavista Columbia Tri Star Films de Mexico, S. de R.L. de C.V.'",6
,writer,Gaumont/Columbia TriStar Home Video (GCTHV),6
,writer,Ayngaran Video,6
m,writer,Oldenburg International Filmfestival,6
,composer,Den Danske Filmskole,6
m,writer,Département Fédéral de l'Intérieur,6
,editor,Loterie Suisse Romande,6
m,producer,MCA Music Video,6
,writer,MTI Video,6
f,actress,Media Desk Hellas,6
f,actress,Tribeca Flashpoint Media Arts Academy,6
m,cinematographer,Videoservice,6
f,actress,Women Under the Influence Films,6
,composer,West Australian Screen Academy,6
,producer,American Pride Films Group,6
f,actress,Zhejiang Film & Video Corp.,6
,producer,Académico de Torres Vedras (ATV),6
,composer,Tidepoint Pictures,6
,producer,Al Dente Films,6
m,producer,DVD Deluxe Distributors,6
,composer,Devinshire Jamestown Pictures,6
f,actress,Líbranos de la Inicuidad,6
m,composer,Odeon Film,6
,composer,Decade Distribution,6
,composer,Children's Independent Television (CiTV),6
f,composer,20th Century Fox de Argentina,6
f,composer,Prooptiki Video,6
m,cinematographer,Hyde Park Entertainment,6
f,writer,Filmax Home Video,6
m,producer,Adelson Entertainment,6
f,actress,Dennis Albrecht Filmproduktion,6
m,cinematographer,Live Video,6
f,actress,Kidex Investment Ltd.,6
m,producer,Odyssey Video,6
f,producer,Ekaterinburg Art Home Video (EAHV),6
m,editor,Viva Video,6
f,actress,Cité de Production Médiatique,6
,composer,Sherazade Film Development,6
f,producer,BMG Independents,6
m,director,Warner Bros. Home Video,6
m,writer,Sociedade Independente de Comunicação (SIC),6
,writer,Clap - Produção de Filmes,6
m,composer,Surinder Films,6
m,composer,Instituto de Crédito Oficial (ICO),6
,producer,HiDe Films,6
,writer,Hochschule Luzern (HSLU) Design & Kunst/Animation,6
f,actress,Millenium Video,6
,writer,Odyssey Video,6
,composer,Fidecine,6
f,actress,The Department of Radio-Television-Film University of Texas at Austin,6
m,writer,Maple Shade Films,6
,writer,De Line Pictures,6
f,actress,Delivery System Pictures LLC,6
f,actress,Röde Orm Filmproduktion AB,6
f,actress,Röde Orm Film,6
,editor,Rizzoli Corriere della Sera Home Video (RCS),6
,writer,"BKM, kulturelle Filmförderung des Bundes",6
,writer,DEFA-Studio Babelsberg GmbH,6
f,writer,Fondo de Fomento a la Calidad Cinematográfica,6
m,composer,Euripide Distribution,6
f,actress,Hunt Valley Development Studio,6
f,actress,Destiny,6
m,writer,De Line Pictures,6
m,composer,Filmboard Berlin-Brandenburg (FBB),6
m,editor,Cannes Home Vídeo,6
f,actress,Wounded Eye Media,6
m,editor,Trimark Home Video,6
m,producer,ETD Home Video,6
m,producer,Euripide Productions,6
f,writer,Live Home Video,6
,director,Tai Seng Video Marketing,6
,director,New Volga Videos,6
,producer,China Star Worldwide Distribution,6
m,producer,Dead Fiancée Productions,6
f,producer,Degeto Film,6
m,producer,Epidemic Pictures,6
m,composer,Warner Home Video Española S.A.,6
,composer,Delphi Filmverleih Produktion,6
m,writer,3 Sides Entertainment,6
f,writer,Leader Music,6
f,producer,Plus Video,6
,composer,Universidade Católica Portuguesa - Escola das Artes,6
f,producer,Leader Music,6
,composer,Fonds National de Soutien à la Production Audiovisuelle du Luxembourg,6
,writer,Cogeco Program Development Fund,6
f,writer,Walden Media,6
,director,Instituto del Cine,6
,producer,Compagnie des Phares et Balises,6
m,producer,Universal Video,6
m,writer,Odessa Entertainment,6
,writer,Les Films des Tournelles,6
,composer,Independent,6
f,producer,Concorde-New Horizons,6
,editor,Instituto del Cine,6
,writer,Vox Video,6
m,producer,Conseil Régional de Provence-Alpes Côte d'Azur,6
,producer,Thunder Road Pictures,6
,writer,Televisa S.A. de C.V.,6
m,editor,Broadway Video,6
f,producer,Detour Filmproduction,6
m,director,Independent,6
m,editor,BMG Video,6
m,director,Globo Vídeo,6
,producer,AIP Home Video,6
,producer,Pride Video Productions,6
m,director,Trimark Video,6
m,editor,Highlight Video,6
,writer,Televisão Independente (TVI),6
,editor,Met / Hodder,6
f,producer,Flashpoint Academy,6
,writer,Electric Video,6
m,composer,SF Video,6
m,composer,Academy of Television Arts and Sciences (ATAS),6
,cinematographer,Odeon Films,6
m,editor,Verenigde Arbeiders Radio Amateurs (VARA),6
m,composer,Kinderfilm,6
,writer,The Czech Republic State Fund for Support and Development of Cinematography,6
m,producer,Willmar Andersson AB,6
m,producer,De Smet Films,6
,writer,Folha de Pixel,6
f,actress,Sydney Underground Films,6
f,actress,Cinevista Video,6
,producer,Centre National de la Cinématographie et de l'Image Animée,6
,writer,Lider Films,6
m,editor,Arcade Movie Company,6
,composer,Sony Pictures Worldwide Acquisitions (SPWA),6
m,writer,ITI Home Video,6
f,director,"Films de l'Elysée, Les",6
,producer,LNK Video,6
,composer,MCA Home Video,6
f,actress,Redeeming Features,6
,editor,Mti Home Video,6
f,actress,Universidade Católica Portuguesa - Escola das Artes,6
,producer,"Museum of Modern Art, The (MoMA)",6
f,writer,Prisvídeo - Edições Videográficas,6
,producer,Leader Media,6
,cinematographer,Orion Home Video,6
m,editor,Shemaroo Video Pvt. Ltd.,6
m,writer,Videal GmbH,6
f,producer,Contender Entertainment Group,6
,composer,Nickelodeon,6
f,actress,Double Wide Media,6
,editor,Citadel Entertainment,6
m,producer,Bardel Animation,6
m,writer,Dino De Laurentiis Company,6
f,editor,Golden Scene,6
f,actress,Televisión Pública de Canarias,6
m,producer,Allied Artists Home Video,6
,producer,Brandon Whiteside Productions,6
,composer,Video Palace House of Distribution,6
,producer,Crusader Entertainment,6
m,director,Raro Video,6
,editor,Globo Vídeo,6
f,actress,Videography Productions,6
,editor,BOB Film Sweden AB,6
m,producer,JMC Independent Productions,6
m,director,Alambique Destilaria de Ideias Unipessoal,6
m,director,Buena Vista International (Denmark),6
f,producer,Lawrence Bender Productions,6
f,writer,Télévision Suisse-Romande (TSR),6
,director,Edel Media & Entertainment,6
,composer,Bombino Video Pvt. Ltd.,6
m,composer,Société de Développement des Entreprises Culturelles (SODEC),6
,producer,Golden Lucky,6
,editor,Columbia Home Video,6
m,producer,Nova Scotia Film Development Corporation,6
f,actress,Ideal Pictures Corp.,6
f,actress,Independent,6
m,composer,Valentim de Carvalho Multimédia,6
m,editor,Prisvídeo - Edições Videográficas,6
m,director,Contender Entertainment Group,6
m,producer,Finnkino Video,6
m,director,Orion Home Video,6
m,director,Roadshow Home Video,6
f,editor,PolyGram Video,6
,producer,Bondesen-Graup,6
f,actress,Modern Life,6
f,actress,Player Home Video,6
m,producer,Escuela de Cinematografía y Actuación de Monterrey The Films Workshops,6
m,director,Lux Vide,6
f,actress,Idyllwild Arts Academy,6
,producer,Zuiderfilm,6
f,producer,ICF Institut Català de Finances,6
m,producer,Independent Partners,6
f,actress,Phenomic Game Development,6
f,actress,Deep Sett Productions,6
m,cinematographer,Bodega Films,6
,producer,Moody Independent,6
m,composer,Trimark Video,6
,composer,The Department of Trade and Industry of South Africa,6
f,actress,Dejipare,6
m,writer,Tour de Force,6
m,editor,Les Films Alain Sarde,6
,writer,Alliance Independent Films,6
,composer,Niche.LA Video Art,6
,composer,Thunderbird Films,6
f,actress,Strong Video,6
f,actress,Denon,6
f,actress,Video Data Bank,6
m,writer,Undergroundfilm.com,6
m,producer,Elsevier-Vendex Film Beheer,6
,editor,ICF Institut Català de Finances,6
m,producer,Universidad del Cine,6
,composer,Expanded Entertainment,6
f,producer,TV4 Sweden,6
m,editor,Ripley's Home Video,6
,producer,Abordar - Casa de Películas,6
,composer,Alambique Destilaria de Ideias Unipessoal,6
m,director,Lumière Home Vídeo,6
,composer,Independent Partners,6
f,producer,Rundfunk Berlin-Brandenburg (RBB),6
m,producer,Le Fresnoy Studio National des Arts Contemporains,6
,producer,Time-Life Video & Television,6
m,director,2 Entertain Video,6
m,writer,BMG Models,6
,director,MCA Home Video,6
f,producer,Pehade Beheer BV (BBI),6
f,actress,ClandestCINE,6
,cinematographer,Pyramide Productions,6
,composer,Filmtrade,6
f,actress,Sri Sai Deva Productions,6
f,actress,Vaishno Academy,6
m,director,Primer Plano Film Group Video,6
m,composer,Plus Video,6
,writer,Wides Publishing (Waizu Shuppan),6
,cinematographer,Video Palace House of Distribution,6
,composer,Pyramide Productions,6
m,composer,Crystal Sky Worldwide,6
m,cinematographer,Astral Video,6
m,producer,BWE Video,6
,producer,Knowwonder,6
m,producer,Escola Superior de Cinema i Audiovisuals de Catalunya (ESCAC),6
m,producer,American Video,6
f,writer,Brøderbund Software,6
,producer,Pyramide International,6
m,director,Escuela Internacional de Cine y Televisión (EICTV),6
,composer,CanWest Western Independent Producers Fund,6
,composer,Tordenfilm AS,6
f,editor,Turku Polytechnic/Arts Academy,6
m,writer,HBO Video,6
m,director,Palisades Pictures,6
,editor,Groupe de Recherches et d'Essais Cinematographiques (GREC),6
,producer,Huit et Demi Productions,6
f,director,Turku Polytechnic/Arts Academy,6
m,producer,Cineworks Independent Filmmakers Society,6
f,editor,Golden Village Entertainment,6
,director,Idea Factory,6
,producer,Cooperativa de Trabajo Felei,6
m,composer,New Horizons Home Video,6
,editor,Slide Screen Entertainment,6
,composer,ABC Video,6
,composer,ST2 Vídeo,6
f,actress,Ocean Deep Films,6
f,writer,Playboy Video Enterprises,6
m,producer,Rede Globo de Televisão,6
,producer,Bayerische Film- und Fernsehförderung,6
,composer,Videoclub Misterio,6
m,writer,Saban Video,6
,producer,Becker Home Video,6
,producer,Noir Worldwide,6
,cinematographer,Angel Blade Production Committee,6
f,producer,Clap - Produção de Filmes,6
m,producer,Kinderfilm,6
m,cinematographer,Video Audio Project (VAP),6
f,actress,Buttenschøn og Budde Entertainment Rights ApS,6
m,director,Academy Entertainment,6
,director,Turun Taideakatemia,6
,writer,Turun Taideakatemia,6
,writer,Wide Frame Films,6
f,producer,HBO Independent Productions,6
m,director,Metrodome Video Ltd.,6
,producer,Force Video,6
m,producer,Independent,6
f,actress,Colectivo de Danza Contemporánea Rosita Nillinsky,6
m,writer,Renegade Animation,6
m,writer,WonderWorks,6
f,writer,Roadside Attractions,6
f,director,Roadside Attractions,6
m,writer,Golden Princess Amusement Company,6
,cinematographer,Dimension Home Video,6
,composer,Vídeo Arte,6
m,editor,TLA Video,6
f,writer,Dentsu,6
,cinematographer,Turun Taideakatemia,6
f,actress,Vandelay Moving Picture Company,6
m,composer,Astral Video,6
m,cinematographer,Golden Princess Amusement Company,6
f,actress,Junta de Andalucía,6
f,actress,Caja de Granada,6
m,director,Rizzoli Corriere della Sera Home Video (RCS),6
m,editor,Warner Independent Pictures (WIP),6
m,director,Tempe Video,6
m,cinematographer,Tempe Video,6
,producer,NDE Productions,6
m,producer,ABC Family Worldwide,6
,producer,Latitude Media,6
m,director,Nijenhuis & de Levita Film & TV B.V.,6
m,director,Société Française de Production (SFP),6
,writer,Delaney & Friends Cartoon Productions,6
f,actress,Greenwood/Cooper Video,6
f,composer,Buena Vista Home Video,6
,editor,Modern Tribe Communications,6
,cinematographer,Lux Vide,6
,cinematographer,Videoville Showtime,6
m,composer,Département de la Charente,6
m,producer,260 Degrees Entertainment,6
,director,Videorama,6
f,actress,Frederator Studios,6
m,composer,Monarch Home Video,6
m,writer,Tartan Video USA,6
m,producer,Golden Princess Film Production Limited,6
m,director,Salt City Home Video,6
m,director,Decca,6
m,writer,CanWest Western Independent Producers Fund,6
m,composer,Andes Films,6
,producer,Miramax Home Video,6
f,actress,Uni-President Dream Parks Comp.,6
m,composer,Wanda Distribución Cinematográfica de Films S.A.,6
m,composer,Cine-Clube de Avanca,6
,producer,Different by Design,6
m,editor,Filmförderungsanstalt (FFA),6
,writer,Death Note Film Partners,6
m,director,MHF Zweite Academy Film,6
m,producer,Vestron Video,6
,producer,Index Films,6
m,composer,Pehade Beheer BV (BBI),6
,writer,Cines Unidos de Venezuela,6
m,director,Depth of Field,6
m,cinematographer,Modern American Cinema,6
,editor,Anna Sanders Films,6
m,writer,Home Made Movies,6
,cinematographer,Walden Media,6
m,editor,Rad Video,6
,producer,Videomaniacs,6
m,producer,Paradigm Hyde Films,6
m,composer,Citadel Entertainment,6
,producer,Terminal Video,6
m,writer,Centre d'Estudis Cinematogràfics de Catalunya (CECC),6
m,composer,Saban Video,6
m,director,Centre d'Estudis Cinematogràfics de Catalunya (CECC),6
m,writer,Rad Video,6
m,editor,Fox-Walden,6
m,writer,Alliance Atlantis Video,6
,producer,DeltaVideo (DV),6
m,director,Golders Green Trinity URC,6
,producer,K-tel Video,6
,producer,Arccades Vidéo,6
,director,National Film School Of Denmark,6
,producer,Golden Ticket Films,6
,writer,DVD Deluxe Distributors,6
,producer,Tenderloin Pictures,6
m,producer,Stampede Entertainment,6
,writer,DeltaVideo (DV),6
,director,Kinderfilm,6
,director,Sony Pictures Video,6
m,director,Mitteldeutsche Medienförderung (MDM),6
,writer,K-tel Video,6
,producer,Agence Nationale pour la Cohésion Sociale et l'Egalité des Chances (ACSE),6
,producer,National Film School Of Denmark,6
m,writer,London Film Academy,6
,producer,Sideshow,6
m,editor,Astral Video,6
,writer,Bombino Video Pvt. Ltd.,6
,writer,Pierre M Trudeau enr.,6
m,writer,De Volkskrant,6
,producer,Celebrity Video Distribution,6
,producer,Les Films de l'Atalante,6
m,editor,Alliance Home Video,6
m,cinematographer,Trimark Home Video,6
m,director,New Concorde Home Entertainment,6
,cinematographer,Clap - Produção de Filmes,6
,editor,Nederlands Film Instituut,6
,writer,Arccades Vidéo,6
,cinematographer,CIC-Taft Home Video,6
m,writer,Blue Rider Pictures,6
,cinematographer,Bio-Tide Films (I),6
,director,Angel Blade Production Committee,6
,director,Roadside Attractions,6
,producer,Videovision Entertainment,6
,cinematographer,Zhejiang Film & Video Corp.,6
,producer,Röde Orm Filmproduktion AB,6
,producer,IMAX Sandde Animation,6
m,writer,Children's Independent Television (CiTV),6
m,producer,Pirámide,6
,producer,Röde Orm Film,6
m,cinematographer,América Vídeo,6
,producer,Scala Thunder,6
m,cinematographer,Film Threat Video,6
m,director,CNR Film & Video,6
,writer,Chrysalide Film,6
,producer,Desen International Media,6
m,director,WGBH Boston Video,6
m,producer,Postmodern Times,6
,producer,"Centro de Diseño, Cine y Televisión",6
,writer,Rank Outsider Productions,6
,composer,Universal Pictures Video,5
,writer,Tel Aviv University Film & Television Department,5
m,producer,Sudestada Cine,5
m,editor,Michael De Luca Productions,5
,producer,The Code Monkey's,5
,director,Asociacion Mexicana de Cineastas Independientes (AMCI),5
m,editor,Depth of Field,5
m,producer,Cinevista Video,5
m,composer,Hemdale Home Video,5
m,producer,XYZ Desarrollos S.A.,5
,producer,A Forbidden Love Film Partnership,5
,writer,Blue Rider Pictures,5
m,writer,Conseil Régional de Bretagne,5
,cinematographer,Independent Film Channel (IFC),5
,producer,World Wide Cinema,5
,producer,Aldebaran Films Ltd.,5
,producer,Sridevi Productions,5
,cinematographer,Chrysalide Film,5
m,writer,Eco Filmes/Prisvideo,5
,cinematographer,Productions Desmichelles,5
,director,Children's Independent Television (CiTV),5
,editor,Golden Network Asia,5
,producer,Phenomic Game Development,5
m,director,Sociedad General de Cine (SOGECINE) S.A.,5
m,producer,Salt City Home Video,5
,director,Soft on Demand,5
,cinematographer,Golden Films,5
m,writer,Odessa Films,5
,producer,Institut Català de les Empreses Culturals (ICEC),5
m,producer,Tide Rock Entertainment,5
m,producer,Multivideo,5
,producer,Gardenia Films,5
m,writer,La Communauté Urbaine de Strasbourg,5
m,composer,United Video,5
m,composer,Brigham Young University Animation Dept.,5
,producer,PBS Video,5
,cinematographer,Astral Video,5
,writer,Tartan Video USA,5
,producer,Carmen Video,5
m,composer,Globo Vídeo,5
,producer,Lindemann Entertainment Group,5
m,cinematographer,Worldwide Entertainment Group (WEG),5
,cinematographer,"Branden Blinn Media Group, The",5
,editor,Children's Independent Television (CiTV),5
m,director,Wide Sight Entertainment Limited,5
,writer,Lawrence Bender Productions,5
m,actress,Warner Home Video,5
m,cinematographer,Detour Filmproduction,5
m,producer,Nova Home Video,5
,cinematographer,Hochschule der Medien,5
m,composer,Alberta Film Development Program of the Alberta Government,5
,cinematographer,Kasander Film Company,5
m,director,Made in PM,5
m,director,Monster Animation and Design,5
,director,Under the Umbrella Entertainment Group,5
m,writer,Monster Animation and Design,5
,editor,Ministère de la Communauté Française de Belgique,5
m,director,Warner Home Video Española S.A.,5
m,producer,Conseil Général de la Dordogne,5
,editor,Fondo de Fomento a la Calidad Cinematográfica,5
,director,Start Desenhos Animados,5
,producer,Arcade,5
,producer,DeCantillon Films,5
m,composer,Société Française de Production (SFP),5
,composer,Wide Frame Pictures,5
m,writer,Bill Melendez Productions,5
m,producer,Becker Home Video,5
,cinematographer,Broadway Video,5
m,writer,Ministère de la Culture de la Republique Française,5
,cinematographer,Odessa Film Studios,5
,cinematographer,Primer Plano Film Group Video,5
m,writer,WGBH Boston Video,5
,writer,Baldevjiu Productions,5
m,composer,Concorde Film,5
,editor,Ripley's Home Video,5
m,composer,Celebrity Video Distribution,5
,composer,Filmförderung Hamburg,5
,cinematographer,Endemol Deutschland,5
m,composer,Independent Film Channel (IFC),5
,writer,Palisades Pictures,5
,editor,École de La Poudrière,5
f,director,Ron De Cana Productions,5
,producer,Added Entertainment,5
m,producer,Golden Ring International,5
,director,Surinder Films,5
,cinematographer,Les Films de l'Arlequin,5
m,director,Citadel Entertainment,5
,producer,The Canada Manitoba Cultural Industries Development Office (CIDO),5
,cinematographer,GoodTimes Home Video,5
m,writer,Cinematografica Distributori Indipendenti (CDI),5
m,cinematographer,Roadshow Home Video,5
,editor,Filmakademie Baden-Wuerttemberg,5
,cinematographer,Sony Wonder,5
m,producer,Sociedad Anónima del Vídeo (S.A.V.),5
m,editor,Hyde Park Entertainment,5
m,director,Beijing Forbidden City Film Co.,5
,producer,Sunnyside Down Productions,5
f,producer,3 Shade Productions,5
m,director,Chang-Hong Channel Film & Video Co.,5
m,producer,Force Video,5
m,writer,Studio Arkadena,5
,producer,Little Gaddesden Productions,5
m,producer,Des Films,5
m,producer,Wonderland Films,5
m,director,Video Planning,5
m,writer,Bingo Movie Development,5
,writer,Cambium Film & Video Productions,5
f,director,Extra Extremadura de Audiovisuales S.A.,5
m,composer,Turner Pictures Worldwide,5
,cinematographer,Palisades Pictures,5
f,actress,Studio Film Bilder,5
m,producer,Lindemann Entertainment Group,5
,cinematographer,EI (Exposure Index) Independent Cinema,5
m,director,HBO Video,5
f,editor,Le Tax Shelter du Gouvernement Fédéral de Belgique,5
f,actress,Brothers of the Order,5
,producer,MediaTrade,5
f,actress,Expanded Entertainment,5
f,actress,De Nederlandse Opera (Amsterdam),5
,producer,Frederick S. Pierce Company,5
m,producer,Serenade Films,5
,producer,Varus Video,5
m,producer,Conquistador Worldwide Media,5
,cinematographer,Delphi Filmverleih Produktion,5
f,producer,Delphi Filmverleih Produktion,5
m,director,Ministère de la Communauté Française de Belgique,5
f,actress,Worldwide Video,5
f,actress,The Federation,5
,producer,Barcode Films,5
,producer,De Efteling B.V.,5
,producer,"Omniversum, Den Haag",5
m,producer,C-sales Arthouse Video,5
,editor,Universidade Lusófona de Humanidades e Tecnologias,5
,producer,Ontario Media Development Corporation Film and Television Tax Credits,5
,producer,PBS Home Video,5
,producer,Villa del Cine,5
,producer,Deutsche Columbia TriStar Filmproduktion,5
f,director,Arbeitsgemeinschaft der öffentlich-rechtlichen Rundfunkanstalten der Bundesrepublik Deutschland (ARD),5
,editor,Golden Harvest Pictures (China),5
m,producer,Rodeo Drive,5
m,writer,Golden Port Productions Ltd.,5
m,composer,Roadshow Home Video,5
,producer,GMA Records Home Video,5
,composer,Golden Village,5
,director,Slide Screen Entertainment,5
m,writer,Golden Harvest Pictures (China),5
m,cinematographer,Metrodome Video Ltd.,5
f,writer,Concorde Video,5
f,producer,ITI Home Video,5
,composer,Primer Plano Film Group Video,5
f,director,Télévision Suisse-Romande (TSR),5
m,composer,Alambique Destilaria de Ideias Unipessoal,5
,editor,United Video,5
,producer,Defender Film Company (II),5
,editor,Filmförderung Hamburg,5
m,writer,Fox-Walden,5
m,writer,Le Club des Investisseurs,5
,director,Nomint MOTIONDESIGN,5
m,director,America Video,5
,producer,Président Films,5
m,composer,Nouvelles Éditions de Films (NEF),5
f,actress,New Olga Videos,5
,producer,Rainbow Home Video,5
,director,Ascot Video,5
f,actress,Deliberately Obtuse Entertainment,5
,producer,Universidad del Cine,5
m,producer,Insider Films,5
,composer,Mandeville Films,5
m,director,Rede Globo de Televisão,5
,producer,Merseyside Film Production Fund,5
m,composer,RaiTrade,5
f,actress,Boy Under Willow,5
m,writer,Wayfinder Films,5
,producer,Karmen Video,5
,editor,Les Films de l'Atalante,5
,writer,Centre National du Cinéma et de L'image Animée (CNC),5
f,composer,New Line Home Video,5
,producer,Compagnie des Films,5
f,actress,Index Films,5
,producer,Robert Golden Films,5
,director,École de La Poudrière,5
m,writer,Studio DEEN,5
m,writer,Fondo de Fomento a la Calidad Cinematográfica,5
f,actress,Terminal Video,5
m,composer,Independenta Film,5
m,director,Wanderlust Film,5
m,producer,Guild Home Video,5
m,producer,National Film Development Corporation of India (NFDC),5
m,producer,Provident Films,5
,cinematographer,Surinder Films,5
f,actress,Sonovídeo,5
m,producer,Accidental Frame,5
f,producer,Monarch Home Video,5
,composer,Centre d'Estudis Cinematogràfics de Catalunya (CECC),5
m,writer,Deutsche Filmförderfonds (DFFF),5
m,composer,Generalitat de Catalunya - Institut Català de les Indústries Culturals (ICIC),5
f,producer,The Department of Trade and Industry of South Africa,5
,composer,Bio-Tide Films (I),5
f,actress,Vivivideo,5
f,actress,High-Definition Motion Pictures,5
m,composer,New Deal Productions,5
m,writer,Lux Vide,5
,producer,Hollywood Independents,5
m,director,José Frade Producciones Cinematográficas S.A.,5
m,composer,MDP Worldwide,5
m,writer,Palisades Pictures,5
,producer,Ogden Entertainment,5
m,composer,Fox-Walden,5
m,director,Video Vision Entertainment,5
f,actress,Video Screen,5
,editor,"Branden Blinn Media Group, The",5
,composer,Filmakademie Baden-Wuerttemberg,5
f,actress,WonderFarm,5
,composer,Academy Entertainment,5
f,composer,Golden Village Entertainment,5
,director,"Branden Blinn Media Group, The",5
,writer,"Branden Blinn Media Group, The",5
m,writer,De Familie Janssen cbva,5
f,actress,All Worlds Video,5
f,composer,Golden Village Pictures,5
m,director,Kasander Film Company,5
m,producer,Stichting Produktiefonds voor Nederlandse Films,5
,writer,Cine du Monde,5
,cinematographer,Taideteollinen korkeakoulu,5
,producer,Trade Off Productions,5
f,writer,Contender Films,5
,producer,Code Productions,5
f,actress,Diva Video Entertainment,5
,producer,Dandelion Productions,5
,cinematographer,Nederlandse Film en Televisie Academie (NFTVA),5
,composer,Dead Gentlemen Productions,5
,producer,Département de la Charente-Maritime,5
,writer,Alamode Film,5
,producer,Soyuz Video,5
,producer,La Société des Films Sirius,5
f,actress,Videotek,5
m,writer,Redeemable Features,5
m,writer,De Warrenne Pictures,5
m,producer,New Yorker Video,5
,editor,Blue Rider Pictures,5
m,producer,Spiderwick Productions,5
,composer,Independent Film Channel (IFC),5
f,writer,Norddeutscher Rundfunk (NDR),5
f,director,Odeon Film,5
m,cinematographer,MCA Home Video,5
,producer,Intellectual Properties Worldwide (I),5
f,producer,Concorde Video,5
,director,Sociedad General de Derechos Audiovisuales (SOGEDASA),5
m,director,De Warrenne Pictures,5
m,editor,Instituto de Crédito Oficial (ICO),5
f,producer,Broadway Video,5
f,director,Filmakademie Baden-Württemberg,5
,writer,La Société des Films Sirius,5
,composer,Wide Sight Entertainment Limited,5
,producer,Legend Video,5
m,producer,Pandemic Production,5
f,actress,Underpaid Productions,5
m,director,Perro Verde Films,5
m,producer,New York Film Academy at Universal Studios,5
,producer,MTI Video,5
m,cinematographer,Delta Pictures,5
f,actress,Papyrus Design Group,5
f,writer,Televisión Federal (Telefe),5
m,cinematographer,Ministère de la Culture et de la Communication,5
f,actress,Katrina del Mar Photography,5
m,producer,Cineplex-Odeon Films,5
m,producer,Wolfgang Odelga Filmproduktion GmbH,5
m,producer,Ardent Films,5
,producer,Alpha Video Distributors,5
,writer,Shade Co. Ltd.,5
f,director,New Line Home Video,5
m,writer,Viz Video,5
,composer,Gurpreet Video International,5
m,producer,Les Films de l'Arlequin,5
,cinematographer,Deutscher Fernsehfunk (DFF),5
m,editor,Mandeville Films,5
,producer,Columbia Home Video,5
m,writer,Kasander Film Company,5
m,writer,Rizzoli Corriere della Sera Home Video (RCS),5
,composer,Ateliers de Baere,5
f,producer,Valentim de Carvalho Multimédia,5
,director,Jour de Fête Films,5
,producer,RCA/Columbia-Hoyts Home Video,5
m,cinematographer,José Frade Producciones Cinematográficas S.A.,5
f,director,Kino Video,5
m,writer,Becker Home Video,5
,editor,Alberta Film Development Program of the Alberta Government,5
,producer,Evidence Films,5
m,editor,Golden Princess Film Production Limited,5
m,composer,Slick Devil Entertainment,5
m,cinematographer,Palisades Pictures,5
m,writer,Living Dead Guy Productions,5
f,actress,Independent Film Sales,5
m,cinematographer,Globo Vídeo,5
f,actress,Universidad Cardenal Herrera - CEU,5
,composer,CIC-Taft Home Video,5
,writer,Hart Sharp Video,5
m,editor,Spark Worldwide,5
m,cinematographer,Golden Mean,5
f,producer,Independent Film Channel (IFC),5
f,producer,Filmförderungsanstalt (FFA),5
m,director,EI (Exposure Index) Independent Cinema,5
f,actress,National Film Development Corporation,5
f,cinematographer,Buena Vista Home Video,5
,composer,Chang-Hong Channel Film & Video Co.,5
,producer,BBC Video,5
,composer,Recorded Picture Company (RPC),5
m,producer,The Grade Company,5
,producer,Universidade Federal Fluminense (UFF),5
m,writer,Universidad de Guadalajara,5
,composer,Federalnoe Agentstvo po Kulture i Kinematografii,5
m,producer,"Grade Company, The",5
f,producer,Generalitat de Catalunya - Institut Català de les Indústries Culturals (ICIC),5
,cinematographer,Asociacion Mexicana de Cineastas Independientes (AMCI),5
f,actress,Robert Golden Films,5
,editor,Centro Universitario de Estudios Cinematográficos,5
,writer,Japan Home Video (JHV),5
f,writer,Instituto de la Cinematografía y de las Artes Audiovisuales (ICAA),5
f,editor,Cecchi Gori Home Video,5
,producer,Alexander/Enright & Associates,5
,director,Centro Universitario de Estudios Cinematográficos,5
,cinematographer,Highlight Video,5
,composer,Brilliant Idea Group (BIG),5
m,composer,Compañía General de la Imagen (CGI),5
,writer,Electric Wonder Pictures,5
f,writer,Nickelodeon,5
,composer,Warner Bros. Home Video,5
m,writer,Odyssey Group Video,5
m,composer,Video Palace House of Distribution,5
m,producer,"Alberta Film Development Program of the Alberta Foundation for the Arts, The",5
m,director,Odyssey Group Video,5
m,composer,Schröder Media,5
,cinematographer,Centro Universitario de Estudios Cinematográficos (CUEC),5
,cinematographer,Centro Universitario de Estudios Cinematográficos,5
,writer,Centro Universitario de Estudios Cinematográficos,5
m,writer,Intandem Films,5
f,editor,Intercontinental Video,5
,producer,Renegade Reporting,5
,director,Commission Superieure Technique de l'image et du son,5
f,actress,Centre National de la Cinématographie et de l'Image Animée,5
f,producer,Independent Partners,5
,composer,Live Video,5
,director,Bolder Media for Boys and Girls,5
,composer,Instituto de Crédito Oficial (ICO),5
f,director,Concorde Home Entertainment,5
f,director,CIC Vídeo,5
f,editor,Paris Vídeo,5
m,editor,Longride,5
m,cinematographer,Independent Film Channel (IFC),5
f,producer,InDigEnt (Independent Digital Entertainment),5
,producer,C-sales Arthouse Video,5
,composer,Centre du Cinéma et de l'Audiovisuel de la Communauté Française de Belgique,5
,cinematographer,Discovery Film & Video Distribution,5
,writer,Wild Side Vidéo,5
m,producer,Transvídeo,5
m,writer,Simitar Video,5
m,actress,Argentina Video Home,5
,writer,Instituto del Cine,5
,composer,Tempe Video,5
,cinematographer,China Film Media Asia Audio Video Distribution Co.,5
,producer,Asociación Cine de Móstoles,5
,cinematographer,Brilliant Idea Group (BIG),5
f,actress,Gran Teatre del Liceu,5
,producer,BSM: Barcelona de Serveis Municipals,5
,composer,Golden Book Video,5
,producer,Ajuntament de Barcelona,5
,producer,Département des Alpes-Maritimes,5
,composer,Concorde-Castle Rock/Turner,5
,writer,Golden Princess Amusement Company,5
,producer,Centre du Cinéma et de l'Audiovisuel de la Fédération Wallonie-Bruxelles,5
,cinematographer,Kinderkanal,5
f,writer,New Sensations Video,5
,director,Bournemouth & Poole College of Art and Design,5
m,cinematographer,Neue Deutsche Filmgesellschaft (NDF),5
m,director,Thunderbird Films,5
,producer,Golden Ring International,5
m,composer,Varus Video,5
,cinematographer,Ostdeutscher Rundfunk Brandenburg (ORB),5
,cinematographer,Dolmen Home Video,5
,writer,Duchy Parade Films,5
,composer,New Concorde Home Entertainment,5
,producer,Warner-Golden Village,5
,writer,Wide Sight Entertainment Limited,5
,composer,Le Fresnoy Studio National des Arts Contemporains,5
,composer,Detailfilm,5
m,producer,Twister Digital Video,5
,writer,Chang-Hong Channel Film & Video Co.,5
,composer,Odeon Film,5
f,actress,Riverside Productions,5
f,producer,Gaumont/Columbia TriStar Home Video (GCTHV),5
f,actress,Sopa de Sobre Dibujos Animados,5
,producer,Independent Film Development,5
,producer,Ritter Video Group,5
m,writer,Creative Light Worldwide,5
m,composer,Hyde Park Entertainment,5
m,producer,Jade M,5
m,composer,HandMade Films,5
,composer,Filmax Home Video,5
,writer,SuperExploder,5
m,editor,Lider Films,5
,producer,Living Dead Guy Productions,5
,writer,Instituto Cubano de Radio y Televisión (ICRT),5
f,actress,Wizard Video,5
m,producer,Greenwood/Cooper Video,5
,producer,Les Films de la Suane,5
m,producer,Imagination Worldwide,5
,writer,Metropolitan Film & Video,5
,producer,Dino de Laurentiis Cinematografica,5
m,writer,Bona Fide Productions,5
,producer,Warner On Demand,5
,producer,RendezVous Films,5
f,director,Home Box Office Home Video (HBO),5
f,actress,Emerson Independent Video,5
m,editor,Video Film Express,5
m,editor,Recorded Picture Company (RPC),5
m,composer,VideoFilmes,5
,producer,Tradewest,5
,writer,Orly Adelson Productions,5
,writer,Filmboard Berlin-Brandenburg (FBB),5
f,actress,Delfin Studio,5
m,producer,Concorde Anois,5
f,producer,Ministère de la Communauté Française de Belgique,5
m,director,Sociedade Independente de Comunicação (SIC),5
f,producer,Medienboard Berlin-Brandenburg,5
m,producer,Tracey Alexander Productions,5
,composer,Cecchi Gori Home Video,5
m,cinematographer,Michael De Luca Productions,5
f,actress,Dirección de Difusión Cultural de la UNAM,5
m,writer,National Film Development Corporation of India (NFDC),5
f,composer,Walt Disney Home Video,5
f,actress,La Ministre de la Culture et de la Communication,5
,cinematographer,Gaumont/Columbia TriStar Home Video (GCTHV),5
m,writer,La Ministre de la Culture et de la Communication,5
m,writer,Occidental Media Corp.,5
,composer,Fox Video,5
f,producer,Cappa Defina Productions,5
,producer,Lisa Demberg Productions,5
f,actress,Wonderland Ave. Films,5
,composer,Dolmen Home Video,5
f,actress,Asociacion Mexicana de Cineastas Independientes (AMCI),5
f,actress,Little Wonder Productions,5
m,producer,Bombino Video Pvt. Ltd.,5
,writer,Ripley's Home Video,5
f,producer,New Ogden Cinema,5
f,actress,Wide Wonder Productions,5
,producer,Brandella Films,5
m,producer,Vestron Video International,5
f,actress,Ciné-Tamaris/Paramount Home Video,5
f,writer,Les Films de l'Arlequin,5
,writer,Delphi Filmverleih Produktion,5
,director,Escuela de Cinematografía y Actuación de Monterrey The Films Workshops,5
,editor,Media Design School,5
f,actress,Deer Head Productions,5
,writer,Otto Desenhos Animados,5
,cinematographer,National Film Development Corporation of India (NFDC),5
,producer,The Content Providers Limited,5
,writer,Consorzio per la Tutela del Prosecco di Conegliano-Valdobbiadene,5
m,producer,Les Derniers de Classe,5
f,actress,De Vliegende Hollander,5
f,director,Escola Superior de Cinema i Audiovisuals de Catalunya (ESCAC),5
,writer,Escuela de Cinematografía y Actuación de Monterrey The Films Workshops,5
m,writer,Ivory Music & Video,5
,director,Supercollider Ltd.,5
f,actress,Nederlands Filmfestival,5
m,editor,Televisa S.A. de C.V.,5
,editor,Ecole Supérieure des Métiers Artistiques (ESMA),5
m,editor,Concorde-New Horizons,5
,writer,Regione del Veneto,5
f,producer,Sociedad General de Cine (SOGECINE) S.A.,5
f,producer,Malofilm Home Video,5
f,actress,InsideFilms,5
,writer,Conseil Général de la Charente,5
,composer,Asociacion Mexicana de Cineastas Independientes (AMCI),5
f,actress,Blue Screen Video and Film,5
,composer,National Film School Of Denmark,5
f,director,Programme MEDIA de la Communauté Européenne,5
,editor,"Ringling School of Art & Design, Sarasota, Florida",5
f,writer,20th Century Fox Film de Mexico,5
m,writer,Surinder Films,5
m,writer,Warner Home Video France,5
m,cinematographer,Star Home Video,5
,cinematographer,Instituto Cubano de Radio y Televisión (ICRT),5
f,actress,MCP Video,5
f,actress,La Cooperative Videoscopique de Montreal,5
m,writer,Soyuz Video,5
m,cinematographer,CNR Film & Video,5
,producer,Deutsche Columbia Pictures Film Produktion,5
,composer,Tandem Communications,5
,producer,New Golden Digital,5
m,producer,Scanner-Rhodes Productions,5
f,producer,Video Vision Entertainment,5
,producer,Accolade,5
,cinematographer,MPI Home Video,5
f,actress,Deos Animation Studios,5
f,actress,Douglas Anderson School of the Arts,5
m,director,Groupement National des Cinémas de Recherche (GNCR),5
,director,Instituto Cubano de Radio y Televisión (ICRT),5
f,actress,Eden Cinema,5
,writer,Ghosthouse Underground,5
m,writer,Sopa de Sobre Dibujos Animados,5
m,director,Bill Melendez Productions,5
,producer,Cine de Garage,5
f,cinematographer,Touchstone Home Video,5
m,director,Dead Gentlemen Productions,5
f,actress,Rigas Dome un Rigas Domes Kulturas Departaments,5
m,composer,Depth of Field,5
,editor,Studio Babelsberg Independents,5
,writer,Expanded Entertainment,5
m,producer,Added Films International,5
f,actress,Consorzio per la Tutela del Prosecco di Conegliano-Valdobbiadene,5
m,composer,Société Générale des Industries Culturelles du Québec (SOGIC),5
f,actress,Regione del Veneto,5
m,producer,Videography Productions,5
m,producer,Golden Port Productions Ltd.,5
f,director,RaiTrade,5
,producer,Deutsche Bundesstiftung Umwelt (DBU),5
m,director,Film Afrika Worldwide,5
,producer,Dee Gee Entertainment,5
f,actress,Las Producciones del Escorpión S.L.,5
,editor,Adelson Entertainment,5
f,actress,TCU Student Filmmakers Association,5
f,actress,Golden Lions Films,5
f,actress,Video Brinquedo,5
,writer,Barney Home Video,5
m,producer,La Compagnie Deschamps et Makeïeff,5
f,actress,Sunny Side Up,5
,producer,Dynamic Entertainment DEH,5
m,cinematographer,Sherazade Film Development,5
,producer,Entermode,5
m,producer,Nadeo,5
f,composer,Califórnia Home Vídeo,5
m,producer,Pôle Image de Liège,5
f,writer,Califórnia Home Vídeo,5
,producer,Barney Home Video,5
,composer,Studio Film Bilder,5
m,director,Dolmen Home Video,5
f,actress,Pedestrian Productions,5
m,director,Tartan Video USA,5
,director,Amusement Media Academy,5
m,producer,Paramount Pictures Home Video,5
f,producer,Sherazade Film Development,5
f,actress,Haus der Kunst,5
,producer,C.R.R.A.V. Nord Pas de Calais,5
f,actress,Ministère des Affaires Etrangères et Européennes,5
m,director,Conseil Général de la Charente,5
f,actress,FlipsideTV,5
f,actress,NDE Studios Inc.,5
,producer,Blue Gardenia Productions,5
m,producer,Maple Shade Films,5
f,editor,Columbia TriStar Warner Filmes de Portugal,5
m,producer,Legend Video,5
f,actress,Huit et Demi Productions,5
,composer,Golders Green Trinity URC,5
f,actress,Wanted Worldwide,5
,composer,Fondo de Fomento a la Calidad Cinematográfica,5
,producer,ThunderBall Films,5
m,cinematographer,Videocine S.A. de C.V.,5
,editor,Valentim de Carvalho Multimédia,5
f,producer,Bodega Films,5
f,producer,Blue Rider Pictures,5
m,producer,Les Productions de la Guéville,5
m,cinematographer,Video Vision Entertainment,5
,writer,Children's Independent Television (CiTV),5
f,actress,Videoimpulse,5
m,producer,Underground Railroad Company,5
f,actress,Beijing Wenzhixing Cultural Development,5
m,cinematographer,Rizzoli Corriere della Sera Home Video (RCS),5
,producer,RCS Video,5
m,writer,Destroyonur Animations,5
m,producer,De Palacio Films,5
f,actress,HVA Vídeos,5
,editor,Wandering Eye Pictures,5
f,actress,Moreno Vídeo,5
f,actress,Orange Sky Golden Harvest Entertainment,5
,producer,Hidden Moon Productions,5
,composer,Core Design,5
f,actress,Escapade Films Production,5
f,producer,Sony Video,5
,editor,Persson-Mothander Film,5
,editor,First Independent Pictures,5
m,producer,Wonderphil Productions,5
m,producer,UGC Video,5
,editor,Resnick Interactive Development,5
m,editor,El Deseo S.A.,5
,producer,La Ministre de la Culture et de la Communication,5
m,director,Hemdale Home Video,5
,editor,Medusa Video,5
,writer,Persson-Mothander Film,5
m,director,Bona Fide Productions,5
m,composer,Warner Bros. Home Video,5
,producer,United Video,5
,producer,Cinema Reloaded,5
f,actress,Mei Ah Entertainment Development,5
m,director,Tandem Films,5
,director,Dear Skyyler Productions,5
m,cinematographer,America Video,5
m,cinematographer,Dimension Home Video,5
f,actress,Gardenia Films,5
f,writer,Fox Lorber Home Video,5
,cinematographer,Bombino Video Pvt. Ltd.,5
f,actress,Xin-Sheng Dai Film & Video Co.,5
m,producer,Scheherazade,5
m,composer,Wild Side Vidéo,5
m,editor,Escola Superior de Cinema i Audiovisuals de Catalunya (ESCAC),5
m,producer,Number One Video,5
f,actress,Uderzo production,5
,producer,Under the Umbrella Entertainment Group,5
m,director,Videoville Showtime,5
,director,Medienboard Berlin-Brandenburg,5
m,cinematographer,WonderPhil Productions,5
m,producer,Mail Order Comedy,5
,producer,Double Wide Media,5
,composer,Palisades Pictures,5
m,writer,Japan Home Video (JHV),5
,composer,Ignacio Benedeti Cinema,5
,director,Dream Riders Studio,5
m,editor,Lizard Cinema Trade,5
m,producer,Schroeder Hoffman Productions,5
,writer,Dream Riders Studio,5
f,actress,Meridian Video,5
m,writer,Hochschule für Bildende Künste Hamburg,5
,producer,Burnside Distribution Company,5
,cinematographer,Crystal Sky Worldwide,5
,producer,Hochschule der Medien,5
m,cinematographer,Hochschule für Bildende Künste Hamburg,5
m,director,Hochschule für Bildende Künste Hamburg,5
m,cinematographer,Alberta Film Development Program of the Alberta Government,5
,producer,Michael Alden Productions,5
m,writer,Deep River Productions,5
f,writer,La Fabrique de Films,5
f,actress,Step-Aside Entertainment,5
m,cinematographer,Pyramide Productions,5
m,cinematographer,De Warrenne Pictures,5
m,editor,Toei Video Company,5
f,actress,Mascot Video,5
m,writer,Centre du Cinéma et de l'Audiovisuel de la Communauté Française de Belgique,5
,editor,Ideal Standard Film,5
m,producer,International Traders,5
m,producer,Golden Horn Films,5
,editor,Wanda Distribución Cinematográfica de Films S.A.,5
f,actress,Aran Endemol S.p.a.,5
m,editor,China Vídeo,5
,director,Loterie Suisse Romande,5
m,composer,José Frade Producciones Cinematográficas S.A.,5
,director,Televisão Independente (TVI),5
,composer,Filmförderungsanstalt (FFA),5
m,cinematographer,Trimark Video,5
f,actress,Kindle Imagine Develop (KID),5
m,cinematographer,Le Fresnoy Studio National des Arts Contemporains,5
f,actress,Nistal de Luna,5
m,director,Varus Video,5
f,actress,Las Producciones de DDM,5
m,writer,Des Films,5
,writer,Sony Video,5
,editor,Under the Umbrella Entertainment Group,5
m,director,Des Films,5
m,cinematographer,MHF Zweite Academy Film,5
f,actress,Les Films de la Concorde,5
,producer,Tartan Video USA,5
m,editor,Academy Entertainment,5
m,composer,Vestron Video,5
m,composer,MHF Zweite Academy Film,5
f,actress,Novyj Odeon,5
m,producer,Pyramide International,5
m,composer,"Ontario Film Development Corporation, The",5
m,producer,De Fina-Cappa,5
f,actress,"Furia de Titanes II, A.I.E.",5
m,cinematographer,Ministerio de Cultura,5
m,producer,Sridevi Productions,5
m,writer,Televisão Independente (TVI),5
,editor,ITI Home Video,5
m,editor,Deutsche Film- und Fernsehakademie Berlin (DFFB),5
,editor,Raro Video,5
,editor,Euripide Distribution,5
,director,CIC Vídeo,5
m,writer,Cine du Monde,5
m,producer,Condor Vídeo,5
f,director,Líder Films,5
,writer,Thunderbird Films,5
f,actress,Rendez-Vous Production,5
,producer,Deer Path Productions,5
,writer,Michael De Luca Productions,5
f,director,Paris Vídeo,5
,editor,Video Treasures,5
f,director,Buena Vista International (Sweden),5
,editor,Lyrick Studios Video,5
f,actress,Dark Thunder Productions,5
f,actress,Death By Awesome Productions,5
m,writer,Verenigde Arbeiders Radio Amateurs (VARA),5
,editor,Fonds Film in Vlaanderen,5
,writer,DeCantillon Films,5
,director,Creative Light Worldwide,5
m,producer,Resonance Film & Video,5
,editor,Alliance Atlantis Video,5
m,editor,Gaumont/Columbia TriStar Home Video (GCTHV),5
,editor,Centre d'Estudis Cinematogràfics de Catalunya (CECC),5
m,producer,American Desi Productions,5
m,producer,Departament de Cultura de la Generalitat de Catalunya,5
,cinematographer,New Volga Videos,5
,editor,Central Independent Television,5
f,actress,Right Minded Productions,5
,writer,CBS Worldwide Inc.,5
f,actress,Didecine,5
f,actress,Pulsepounders,5
,writer,Alliance Releasing Home Video,5
f,producer,Televicine S.A. de C.V.,5
m,producer,Studio Babelsberg Independents,5
m,cinematographer,Bona Fide Productions,5
m,director,Untrademarked Productions,5
,director,Brigham Young University Animation Dept.,5
f,producer,Republic Pictures Home Video,5
m,editor,José Frade Producciones Cinematográficas S.A.,5
,director,Televisa S.A. de C.V.,5
,director,Music Video Distributors (MVD),5
,composer,CIC Video,5
m,producer,S.V. Murder Mystery Movies Inc.,5
,director,Filmförderungsanstalt (FFA),5
,director,Dandelion,5
,cinematographer,Medienboard Berlin-Brandenburg,5
f,editor,Golders Green Trinity URC,5
m,director,Tandem Communications,5
,producer,Las producciones del patron,5
,producer,Pack-In-Video,5
m,director,Turner Home Video,5
m,writer,Els Films de la Rambla S.A.,5
f,actress,Vishaldeep International,5
m,producer,Ministère de la Culture et de la Francophonie,5
,director,C/FP Video,5
f,actress,Deiz Production,5
m,writer,Thunder Road Pictures,5
,editor,A&E Home Video,5
m,writer,Les Films des Tournelles,5
m,producer,Metronome Video,5
m,composer,Columbia Home Video,5
,director,New York Film Academy,5
,cinematographer,Filmakademie Wien,5
,producer,Office Border Co.,5
,editor,Lumière Home Vídeo,5
,editor,Metrodome Video Ltd.,5
,producer,New York Film Academy,5
f,writer,MTI Home Video,5
,composer,WonderPhil Productions,5
,producer,Modelink,5
,writer,Penta Vídeo,5
f,actress,Made in Hong Kong,5
m,director,Ministère de la Culture et de la Francophonie,5
m,producer,YonderQuest,5
,producer,Modern Digital,5
,cinematographer,Vídeo Arte,5
m,cinematographer,Verenigde Arbeiders Radio Amateurs (VARA),5
m,producer,Scala Thunder,5
f,actress,Videosino Ltd.,5
,producer,Decraien Films,5
m,writer,Celebrity Video Distribution,5
f,producer,Metrodome Video Ltd.,5
,writer,Twister Digital Video,5
,producer,Flanders Audiovisual Fund (VAF),5
,producer,Studio Vandersteen,5
f,actress,"Gobelins, l'Ecole de l'Image",5
f,producer,José Frade Producciones Cinematográficas S.A.,5
m,writer,Metropolitan Film & Video,5
m,director,First Independent Pictures,5
m,producer,TideRock Films,5
f,actress,C.R.R.A.V. Nord Pas de Calais,5
f,producer,Trimark Home Video,5
m,director,Celebrity Video Distribution,5
f,producer,TV5 Monde,5
,editor,America Video Film,5
,producer,"Dama de Shanghai, La",5
,cinematographer,Wanderlust Film,5
m,producer,Centro de Capacitación Cinematográfica (CCC),5
,editor,Escuela de Cinematografía y Actuación de Monterrey The Films Workshops,5
f,actress,Doomraider Mob Productions,5
m,writer,"Ontario Film Development Corporation, The",5
m,writer,BMG Independents,5
,editor,Alpha Video Distributors,5
f,actress,Dentsu Productions Ltd.,5
f,actress,Deehrelict,5
f,actress,"Madre del Cordero Films, La",5
m,composer,Cineplex-Odeon Home Video,5
m,director,Film Threat Video,5
f,editor,PlayArte Home Vídeo,5
,producer,Untrademarked Productions,5
f,writer,Gaumont/Columbia TriStar Home Video (GCTHV),5
m,producer,Asociacion Mexicana de Cineastas Independientes (AMCI),5
f,producer,Untrademarked Productions,5
m,editor,Vídeo Arte,5
m,composer,TV5 Monde,5
f,actress,Hochschule der Medien,5
,cinematographer,Citadel Entertainment,5
,producer,Deep Silver,5
f,producer,Tartan Video,5
m,writer,Delta Vidéo Diffusion,5
f,actress,Sideshow Pictures,5
m,director,Studio DEEN,5
,producer,Golden Film Ltd.,5
,producer,Video Service Corporation,5
,director,Pyramide Distribution,5
m,director,Nederlands Fonds voor de Film,5
,producer,Ontario Film Development Corporation,5
m,producer,Ciudad de la Luz,5
,producer,Bombino Video Pvt. Ltd.,5
m,producer,Destined Media,5
m,writer,MMC Independent,5
,composer,Blacksplash Video,5
m,writer,3 Shade Productions,5
,director,Studio Film Bilder,5
,director,Savannah College of Art & Design,5
m,composer,CBS/Fox Home Video,5
f,editor,"Films de l'Elysée, Les",5
f,actress,Société d'Edition et de Programmes de Télévision,5
,producer,Zomba Video,5
,writer,Lefwander Kapitalförvaltning AB,5
f,actress,Attitude Films,5
m,producer,Lyrick Studios Video,5
m,producer,Sherazade Film Development,5
f,actress,Memorias Del Sabio Producciones,5
m,producer,Renegade Reporting,5
m,director,Delta Pictures,5
,producer,Manitoba Film & Sound Development Corporation,5
m,composer,Expanded Entertainment,5
f,actress,Under Dog Distribution,5
m,writer,Samarkanda Cine-Vídeo S.L.,5
m,composer,Broadway Video,5
,writer,"Furia de Titanes II, A.I.E.",5
,director,Sony Pictures Worldwide Acquisitions (SPWA),5
m,director,Odeon Video,5
,editor,Providence Films,5
,editor,Alambique Destilaria de Ideias Unipessoal,5
f,actress,Golders Green Trinity URC,5
f,producer,Hemdale Home Video,5
f,editor,Touchstone Home Video,5
f,editor,CIC-Taft Home Video,5
m,producer,Nordiska TV-Samarbetsfonden,5
,writer,Frontier Developments,5
m,producer,La Géode,5
,producer,Independent Pictures (II),5
m,director,El Deseo S.A.,5
,writer,Vestron Video,5
f,actress,Angel Vídeo,5
m,director,MGM Home Video,5
,editor,Buena Vista International (Denmark),5
,director,Home Box Office Home Video (HBO),5
m,producer,Cine-Clube de Avanca,5
m,editor,BBC Worldwide,5
,director,DeA Planeta Home Entertainment,5
m,composer,Productions Desmichelles,5
m,writer,Independent,5
m,writer,New Volga Videos,5
,producer,Golden Network Asia,5
,editor,Interlochen Arts Academy,5
f,actress,Sendeja Films S.A.,5
f,producer,Canadian Film or Video Production Tax Credit Program,5
,producer,Repubblica e Cantone del Ticino,5
f,actress,Cinémadefacto,5
,editor,Taideteollinen korkeakoulu,5
m,producer,Odeon Entertainment,5
m,cinematographer,Deutsche Filmförderfonds (DFFF),5
,writer,Centro Universitario de Estudios Cinematográficos (CUEC),5
m,director,Undergroundfilm.com,5
f,director,ARD Degeto Film,5
m,editor,Televicine S.A. de C.V.,5
m,writer,China Vídeo,5
m,composer,SBS Independent,5
m,director,Michael De Luca Productions,5
f,director,West Video,5
m,director,Columbia Home Video,5
m,composer,Filmtrade,5
f,writer,Odean S.A.,5
,cinematographer,Longride,5
,cinematographer,Consejo Para la Cultura y las Artes de Nuevo Leon (Conarte),5
f,producer,Cineplex Development,5
m,producer,Ode Visuals,5
,cinematographer,Recorded Picture Company (RPC),5
,producer,Department of Cultural Affairs Taipei City Government,5
f,writer,Delux Productions,5
f,actress,Théâtre Impérial de Compiègne,5
,writer,Centre du Cinéma et de l'Audiovisuel de la Communauté Française de Belgique,5
,director,Lee Mendelson Film Productions,5
,editor,Ayngaran Video,5
m,writer,RaiTrade,5
f,actress,Jorden Electronics,5
f,producer,Independent Film '97,5
m,cinematographer,Lumière Home Vídeo,5
f,actress,Light Year Video,5
m,cinematographer,Academy Entertainment,5
,cinematographer,Jour de Fête Films,5
m,writer,Decca,5
m,producer,Tidepoint Pictures,5
,cinematographer,Palisades-Tartan Acquisitions,5
m,cinematographer,Delphi Filmverleih Produktion,5
,cinematographer,Lizard Cinema Trade,5
,director,Filmakademie Wien,5
,producer,Beijing Forbidden City Film Co.,5
m,producer,Independent Film Fund,5
m,writer,Collective Development,5
,editor,American Independent Productions,5
,composer,Tandem Films,5
,cinematographer,Sherazade Film Development,5
f,editor,Regal Home Video,5
f,actress,Different by Design,5
m,writer,Ecole Nationale Supérieure des Arts Décoratifs (ENSAD),5
,writer,Ministère des Affaires Étrangères,5
m,cinematographer,Pecho Grande,5
m,cinematographer,Depth of Field,5
,producer,Media for Development Trust,5
m,producer,Dear Skyyler Productions,5
f,actress,Exclusief Film en Video,5
,director,Fondo de Fomento a la Calidad Cinematográfica,5
m,director,Alliance Atlantis Video,5
,director,Tartan Video,5
,composer,National Film Development Corporation of India (NFDC),5
,director,Plus Video,5
,producer,Worldwide Film Entertainment,5
m,editor,Crystal Sky Worldwide,5
,director,Nickelodeon Studios,5
,producer,Escola de Imaxe e Son,5
,cinematographer,Ekaterinburg Art Home Video (EAHV),5
f,producer,Nickelodeon Animation Studios,5
,director,Krause & Schneider Multimedia (KSM),5
,editor,All Worlds Video,5
f,producer,Nederlands Fonds voor de Film,5
,producer,Instituto Cubano de Radio y Televisión (ICRT),4
m,director,Detour Filmproduction,4
f,actress,Academy Distribuzione,4
m,director,Coincidence Films,4
,producer,Universidade da Beira Interior,4
,writer,Universidade da Beira Interior,4
,director,Universidade da Beira Interior,4
,producer,Electric Video,4
,writer,"Universitatea Nationala de Arta Teatrala si Cinematografica ""I.L. Caragiale"" (UNATC)",4
m,producer,Fades 2 Black Media Group,4
m,editor,Lindele Media,4
,director,"Universitatea Nationala de Arta Teatrala si Cinematografica ""I.L. Caragiale"" (UNATC)",4
,director,Tel Aviv University Film & Television Department,4
m,composer,Verboden,4
m,composer,Lawrence Bender Productions,4
m,writer,Monolith Video,4
m,director,Studio Film Bilder,4
m,writer,Studio Film Bilder,4
m,editor,Nea Kinisi Video,4
m,writer,Universidad Nacional Autónoma de México (UNAM),4
,cinematographer,Celebrity Video Distribution,4
,writer,Video Omega,4
,producer,Glyndebourne,4
,cinematographer,Media Development Authority (MDA),4
m,writer,C-sales Arthouse Video,4
m,writer,Gladden Entertainment,4
m,composer,Palisades-Tartan Acquisitions,4
f,producer,CNR Film & Video,4
,producer,Lindele Media,4
m,editor,USA Home Video,4
,producer,Starlight Video Productions,4
m,director,Ecole Nationale Supérieure des Arts Décoratifs (ENSAD),4
,cinematographer,Golden Harvest Pictures (China),4
m,writer,Hellas Cosmos Video,4
f,actress,Sudden Black,4
m,producer,McFadden Family Films,4
m,composer,Ecole Nationale Supérieure des Arts Décoratifs (ENSAD),4
m,writer,Miramar Home Vídeo,4
,cinematographer,Videocine S.A. de C.V.,4
m,producer,Adelson-Baumgarten Productions,4
m,writer,Wonderphil Productions,4
m,writer,De Palacio Films,4
,writer,"Cinema Design, Belgrade",4
m,editor,ARD Degeto Film,4
,director,Universidade Lusófona,4
m,writer,Bardel Animation,4
,writer,Euripide Distribution,4
m,cinematographer,Valentim de Carvalho Multimédia,4
m,producer,Flipside Lab,4
,writer,Pack-In-Video,4
m,editor,Tapeworm Video Distributors,4
,editor,RCS Video,4
m,editor,Salt City Home Video,4
m,editor,Film Threat Video,4
m,producer,Identity Films (I),4
m,writer,BenderSpink,4
,producer,Ovídeo TV S.A.,4
m,producer,Junta de Comunidades de Castilla-La Mancha,4
m,producer,"Gobierno de Aragón, Departamento de Cultura y Turismo",4
m,producer,Caja de Ahorros de La Rioja (Cajarioja),4
m,producer,Gobierno de La Rioja,4
,producer,New Horizons Home Video,4
m,producer,Filmax Distr. de Pelic. S.A.,4
,producer,Real Blonde Productions Corp.,4
m,editor,Delphi Filmverleih Produktion,4
,director,Touchstone Home Video,4
m,director,Lawrence Bender Productions,4
m,writer,Zhejiang Film & Video Corp.,4
f,writer,Televicine S.A. de C.V.,4
,producer,Ocean Deep Films,4
m,producer,Felder Pomus Entertainment,4
,producer,Dejarme Disfrutar Films,4
m,producer,Centre Promotor de la Imatge (CPI) S.A.,4
,writer,Independent Cinema Association of the Philippines,4
m,director,Flashpoint Academy,4
m,director,Les Films des Tournelles,4
m,editor,Ministère des Affaires Étrangères,4
,producer,Nomint MOTIONDESIGN,4
m,composer,Ignacio Benedeti Cinema,4
f,actress,BFI Video,4
m,composer,2 Entertain Video,4
,director,Federalnoe Agentstvo po Kulture i Kinematografii,4
,director,Filmladen,4
,producer,Tandem Pictures,4
,composer,Dandelion Productions,4
m,editor,Finely Made Films & Entertainment,4
,director,Fidelio,4
,producer,Onion Underwater Productions,4
m,cinematographer,Undergroundfilm.com,4
f,producer,Cogeco Program Development Fund,4
f,producer,Device,4
f,producer,Worldwide Entertainment Group (WEG),4
m,director,Mti Home Video,4
f,actress,Team Video Plus,4
m,writer,Columbia Home Video,4
,director,Mega Star Video Distribution,4
m,writer,Vaishno Academy,4
m,editor,MGM Home Video,4
,producer,Dead Men Don't Play Poker,4
f,director,MCA/Universal Home Video,4
,editor,MHF Zweite Academy Film,4
m,editor,MCA Home Video,4
m,writer,Finely Made Films & Entertainment,4
m,composer,ICF Institut Català de Finances,4
,writer,Universidade Federal de Minas Gerais,4
,cinematographer,Prisvídeo - Edições Videográficas,4
m,editor,Pyramide Productions,4
m,producer,Finely Made Films & Entertainment,4
m,producer,New Volga Videos,4
f,editor,MCA/Universal Home Video,4
f,editor,Golden Village Pictures,4
m,cinematographer,Odessa Films,4
,writer,Atelier Cinéma de Normandie (ACCAAN),4
m,producer,Rede Telecine,4
,composer,Palisades-Tartan Acquisitions,4
m,producer,RCA/Columbia Pictures International Video,4
m,producer,Spyder Entertainment,4
,writer,Palisades Productions,4
m,editor,Indipendenti Regionali,4
,producer,Interlude Pictures,4
,writer,Turner Pictures Worldwide,4
m,composer,Videotrónica,4
m,writer,Deepjoy Picture,4
f,writer,Vídeo Arte,4
,cinematographer,Loterie Suisse Romande,4
,producer,BPS Video Services,4
m,director,Deepjoy Picture,4
m,editor,Ministère de la Culture et de la Communication,4
m,producer,Golden Hello Entertainment,4
m,composer,Odeon Video,4
f,writer,Cascade Film,4
f,actress,DAVE School Students Productions,4
m,director,New Macedonian Video,4
m,composer,Esselte Video,4
f,actress,Leader Asia Pacific Creativity Center,4
,director,Centro Universitario de Estudios Cinematográficos (CUEC),4
m,cinematographer,Orion Home Video,4
,producer,Akademija Dramskih Umjetnosti (ADU),4
f,producer,West Australian Screen Academy,4
f,actress,Decca Music Group,4
m,writer,New Macedonian Video,4
,director,LK-TEL Vídeo,4
m,cinematographer,De Line Pictures,4
f,actress,Independent Television Service (ITVS),4
,writer,Deutsche Film (DEFA),4
m,writer,Digital Video Dreams,4
m,writer,Odense Kommune,4
m,editor,Filmax Home Video,4
,editor,"Alberta Film Development Program of the Alberta Foundation for the Arts, The",4
m,producer,Ponderous Productions,4
m,composer,InDigEnt (Independent Digital Entertainment),4
,writer,Promenade Pictures,4
m,director,defLemonkid,4
,cinematographer,National Film School Of Denmark,4
m,producer,Universidad Politécnica de Valencia,4
,producer,Under the Influence,4
f,actress,Arden Film,4
f,actress,Added Entertainment,4
,producer,Wonderland Films,4
m,writer,Odeon Video,4
,producer,Niche.LA Video Art,4
m,writer,defLemonkid,4
,director,Japan Home Video (JHV),4
,director,Universidade Federal de Minas Gerais,4
,editor,Wild Side Films,4
,writer,Independent Stories,4
,producer,Debonair Films International,4
f,editor,Video Film Express,4
,writer,Media Development Authority (MDA),4
,writer,Niche.LA Video Art,4
f,editor,Transmundo Home Video (THV),4
,producer,Ecole Supérieure des Métiers Artistiques (ESMA),4
m,writer,Nordisk Film Video,4
,director,Independent Stories,4
m,writer,Egmont Fonden,4
,writer,Videovox Stúdió,4
m,producer,HBO Independent Productions,4
,writer,Frederick Films,4
m,writer,Undervisningsministeriets Mediekontor,4
,cinematographer,Providence Films,4
,producer,Attitude Films,4
m,writer,Undervisningsministeriets Tips- og Lottomidler,4
m,producer,Jour de Fête Films,4
,producer,DVD Liider,4
,writer,InDigEnt (Independent Digital Entertainment),4
,editor,Renegade Animation,4
f,writer,Unrendered Productions,4
,producer,Made To Love Productions,4
,producer,Rhino Home Video,4
,editor,MMC Independent,4
m,editor,Pandemonium,4
f,producer,Ministère de la Culture et de la Communication,4
m,writer,Døvefonden,4
m,composer,Ron De Cana Productions,4
,producer,Accidental Pictures,4
,cinematographer,MDP Worldwide,4
m,composer,Nickelodeon Studios,4
,editor,MGM Home Video,4
,writer,New Concorde Home Entertainment,4
,editor,Kids Edutainment Video,4
,director,CNR Film & Video,4
f,director,Playboy Video Enterprises,4
f,producer,Andes Films,4
m,composer,Bandeira Entertainment,4
m,composer,De Line Pictures,4
f,actress,Starmaker Video,4
f,actress,IMAX Ridefilm,4
,producer,Ghosthouse Underground,4
f,writer,Légende Entreprises,4
,director,CBS/Fox Home Video,4
,writer,Outrider Pictures,4
,producer,Attention to Detail (ATD),4
,director,All Worlds Video,4
m,cinematographer,Anderson Digital,4
m,editor,Fondo de Inversión y Estímulos al Cine (FIDECINE),4
f,actress,El Massah Video Film,4
,editor,"Ontario Film Development Corporation, The",4
m,editor,Warner Home Video Española S.A.,4
m,writer,Hi-Tops Video,4
,composer,Denon,4
m,producer,Caja de Luz producciones,4
m,director,The Department of Trade and Industry of South Africa,4
f,writer,Prem'er Video Fil'm,4
m,director,Nu Visión de Argentina,4
m,editor,Andes Films,4
,editor,Sirio Vide,4
m,cinematographer,Instituto de Crédito Oficial (ICO),4
m,writer,Rande/Myrdhen Entertainment,4
,composer,Nederlands Fonds voor de Film,4
,producer,Wandering Eye Pictures,4
,writer,Wandering Eye Pictures,4
m,cinematographer,TLA Video,4
f,actress,"Zurich University of Arts, Departement Film",4
f,actress,Horwitz Independent Productions,4
m,writer,A-1 Kino Video,4
f,actress,Delicious the Film,4
m,writer,Sirio Vide,4
,editor,Devilhead Films,4
,cinematographer,Cines Unidos de Venezuela,4
m,writer,Seymour Borde & Associates,4
,editor,Nijenhuis & de Levita Film & TV B.V.,4
,editor,Streamline Video,4
,cinematographer,Centro Nacional Autónomo de Cinematografía (CNAC) (I),4
m,producer,Le Club des Investisseurs,4
,editor,Modern Video,4
f,producer,2 Entertain Video,4
,producer,Cinefile Videos,4
m,editor,Palisades Productions,4
,editor,Delta-Film,4
f,actress,Downside Productions,4
f,producer,Redeemable Features,4
,editor,DesperaDo,4
m,producer,Dementia7 Studios LLC,4
,writer,Centro de Investigación Cinematográfica (CIC),4
,writer,Wonder World Pictures,4
,writer,Studio Film Bilder,4
,director,Centro de Investigación Cinematográfica (CIC),4
,editor,Undergroundfilm.com,4
,writer,Odessa Film Studios,4
,editor,Cinema Pardes,4
,director,Wonder World Pictures,4
,editor,Tordenfilm AS,4
,editor,Federalnoe Agentstvo po Kulture i Kinematografii,4
m,composer,Twister Digital Video,4
m,director,Video Omega,4
,editor,Golden Screen Cinemas,4
f,actress,10th Grade Reunion Films,4
m,producer,Dead on Impact Productions,4
m,writer,Outsider Films,4
f,actress,Gathering of Developers,4
,editor,Monster Animation and Design,4
f,actress,Haydenfilms,4
m,producer,Société Générale de Gestion Cinématographique (SGGC),4
m,producer,Little Wonder Productions,4
f,actress,"Academy of Motion Pictures, Arts & Siences Film Archive, The",4
,editor,Wonderworld Studios,4
,editor,MGM/UA Home Video,4
f,actress,Surrey Institute of Art & Design,4
,writer,Sony Music Video (SMV) Enterprises,4
,director,Universidad del Cine,4
m,editor,Versátil Home Vídeo,4
m,producer,Dino de Laurentiis Cinematografica,4
f,producer,Gladden Entertainment,4
m,director,YonderQuest,4
,editor,Universidad del Cine,4
,producer,Sky Cosmos Development,4
,producer,American Desi Productions,4
f,actress,Obshchestvennoe Rossiyskoe Televidenie (ORT),4
,editor,Instituto Cubano de Radio y Televisión (ICRT),4
,editor,Soyuz Video,4
m,cinematographer,Untrademarked Productions,4
m,director,Blue Yonder Films,4
f,director,Columbia TriStar Warner Filmes de Portugal,4
,producer,Studio Video a Televizni Tvorby,4
m,cinematographer,Desen International Media,4
,composer,Globo Vídeo,4
,producer,De Smet Films,4
,producer,HBO Video,4
m,producer,Wide Frame Pictures,4
,producer,Cinema de Bizarre,4
,writer,Golden Books Family Entertainment,4
m,producer,Newfull Development Company,4
,composer,RCA/Columbia Pictures Home Video,4
,producer,Willmar Andersson AB,4
,director,Palisades Productions,4
,editor,Casa de Luz,4
,producer,Frederator Studios,4
f,actress,Dejobaan Games,4
m,producer,Tartan Video USA,4
,editor,"Centro de Proyectos Cinematográficos del ITESM, Campus Monterrey",4
m,writer,Spiderwick Productions,4
m,producer,Miramar Home Vídeo,4
m,producer,Lanterna de Pedra Filmes,4
,editor,Televisão Independente (TVI),4
m,director,Zide-Perry Productions,4
m,director,Slick Devil Entertainment,4
m,cinematographer,Slick Devil Entertainment,4
m,writer,Slick Devil Entertainment,4
m,writer,Fox Home Video,4
m,writer,Fleur De Lis Film Studios,4
m,producer,Les Cinémas de la Zone,4
m,producer,Fox Home Video,4
,director,Lyrick Studios Video,4
,director,Casa de Luz,4
,writer,Deep Silver,4
,director,Decca,4
f,actress,Szupermodern,4
f,actress,RQL Design,4
,director,West Australian Screen Academy,4
m,cinematographer,Varus Video,4
,writer,A&E Home Video,4
m,writer,Entermode,4
,writer,Casa de Luz,4
,producer,Casa de Luz,4
,director,Promenade Pictures,4
m,editor,Plus Video,4
f,actress,Student Life Dunedin,4
,producer,Sudestada Cine,4
,editor,Universidade Lusófona,4
m,producer,Scott Sanders Productions,4
,producer,120 Degree Films,4
f,actress,NTV Video Corporation,4
,editor,Akademija Dramskih Umjetnosti (ADU),4
,writer,Deutsche Columbia Pictures Film Produktion,4
m,editor,Escola Superior de Teatro e Cinema (ESTC),4
f,actress,Les Productions de la Lanterne,4
,editor,Media Development (MDC),4
,producer,Provident Films,4
m,composer,Lee Mendelson Film Productions,4
m,writer,Inside Track Films,4
f,editor,Videosonic Arts,4
,director,Felderfilm,4
,editor,Made in PM,4
m,composer,Ateliers de Baere,4
m,writer,Courtside Seats Productions,4
m,director,Aditya Video,4
,director,Devilhead Films,4
,editor,Decca,4
,editor,Varus Video,4
f,actress,Lee Mendelson Productions,4
m,writer,Mail Order Comedy,4
,cinematographer,Independent Online Cinema,4
,producer,CIC Video I/S,4
,editor,Odessa Entertainment,4
,writer,Devilhead Films,4
f,actress,DeriveApprodi,4
f,actress,Noir Worldwide,4
m,producer,Film Development Fund of Hong Kong,4
,editor,Deutsche Film (DEFA),4
m,director,Force Video,4
,editor,Wide-Eyed Entertainment,4
,composer,"Dama de Shanghai, La",4
m,editor,Asociacion Mexicana de Cineastas Independientes (AMCI),4
f,editor,RaiTrade,4
,producer,Chang-Hong Channel Film & Video Co.,4
,editor,America Video,4
,writer,Delaware Pictures,4
,director,Kino Video,4
,cinematographer,Casa De Luz,4
,editor,Filmtrade,4
m,producer,Blue Screen Video and Film,4
m,cinematographer,Vestron Video,4
f,actress,Producciones Alfa Audiovisual S.A. de C.V.,4
,producer,Avid Home Video,4
,producer,Roy de Haan,4
,producer,Rawhide Pictures,4
,producer,Mullis Capital Independent,4
,producer,Devilhead Films,4
f,actress,Grupo Novo de Cinema e TV,4
,editor,BMG Independents,4
f,actress,Wonder World Pictures,4
m,producer,A Smith Side Entertainment,4
f,actress,Centro de Investigación Cinematográfica (CIC),4
m,cinematographer,Beijing Forbidden City Film Co.,4
m,director,Nouvelles Éditions de Films (NEF),4
m,writer,Amuse Video,4
m,cinematographer,Wanda Distribución Cinematográfica de Films S.A.,4
,editor,MDP Worldwide,4
m,editor,Hemdale Home Video,4
f,writer,Commission du Film de Bourgogne,4
,producer,DMVE Culture Development Co. Ltd.,4
m,cinematographer,C-sales Arthouse Video,4
,editor,Société Générale de Gestion Cinématographique (SGGC),4
,writer,Adelita Studios,4
m,director,Institut National de l'Audiovisuel (INA),4
,director,Independent Partners,4
,writer,De Efteling B.V.,4
,editor,Wide Frame Pictures,4
m,director,Les Films de l'Atalante,4
,writer,Independent Partners,4
,producer,Caradecão Filmes,4
,composer,Hemdale Home Video,4
,editor,Deal,4
f,producer,Vídeo Arte,4
m,composer,Turner Home Video,4
,writer,DUDE,4
,producer,JMC Independent Productions,4
,editor,Nickelodeon Animation Studios,4
m,composer,Video Omega,4
m,writer,Lynnvander Productions,4
m,editor,Sony Video,4
m,producer,Film Depot,4
,editor,Ministère de la Culture et de la Francophonie,4
f,actress,"DíaFragma, Fábrica de Películas",4
,editor,Asociacion Mexicana de Cineastas Independientes (AMCI),4
m,producer,Corte y Confección de películas,4
,director,Media Development (MDC),4
,producer,Universidade Católica Portuguesa - Escola das Artes,4
,composer,Japan Video Distribution (JVD) Co. Ltd.,4
,producer,Bill Melendez Productions,4
,composer,Bardel Entertainment,4
,composer,ITI Home Video,4
f,editor,Orion Home Video,4
,composer,Sony Music Video (SMV) Enterprises,4
,writer,De Volkskrant,4
m,director,BMG Models,4
,composer,American Dental Association,4
,producer,Demi-Monde Productions,4
m,producer,Delta Films,4
m,composer,Wonderworld Studios,4
,composer,Golden Art Entertainment,4
m,writer,Underground,4
m,director,The Czech Republic State Fund for Support and Development of Cinematography,4
m,writer,Knowwonder,4
f,actress,Gaumont Video,4
,producer,Rad Video,4
f,actress,Forbidden Science From Outer Space,4
f,composer,Video Audio Project (VAP),4
,producer,Dep Distribution,4
,writer,Independent,4
,director,Alliance Atlantis Home Video,4
,writer,New York Film Academy,4
f,actress,Phoenix Independent Film Makers Group,4
,editor,Centre du Cinéma et de l'Audiovisuel de la Communauté Française de Belgique,4
f,actress,Noontide Filmworks,4
m,director,Streamline Video,4
m,editor,Sociedad General de Cine (SOGECINE) S.A.,4
f,actress,Media Design School,4
m,composer,Crusader Entertainment,4
,editor,Indipendenti Regionali,4
,producer,Gladden Entertainment,4
,composer,Masquerade Films,4
f,producer,Inside Track Films,4
,composer,Pehade Beheer BV (BBI),4
,composer,"DíaFragma, Fábrica de Películas",4
m,producer,Border Productions,4
,composer,Volderin Entertainment,4
,composer,Onion Underwater Productions,4
f,actress,Irresistible Delta,4
f,actress,4-Bidden Asia Video,4
,producer,Herron Designs,4
,producer,Undertow Pictures,4
,composer,Epidem,4
,composer,Endemol Deutschland,4
f,actress,Dernière Frontières Films,4
m,producer,Conseil Régional des Pays de la Loire,4
f,director,Fox Video,4
f,actress,Golden Leaf Film Production Consultant,4
m,cinematographer,Troma Team Video,4
,composer,Skrik Horror Video,4
,composer,Cine du Monde,4
m,editor,Centro de Capacitación Cinematográfica (CCC),4
,composer,China Film Media Asia Audio Video Distribution Co.,4
,producer,Pander Productions,4
,writer,High Fliers Video Distribution,4
m,writer,RCA/Columbia-Hoyts Home Video,4
m,writer,Centre National du Cinéma et de L'image Animée (CNC),4
,director,New York Film Academy at Universal Studios,4
,composer,Fox Kids Video,4
f,producer,Filmtrade,4
,composer,Imagination Worldwide,4
f,producer,USA Home Video,4
m,producer,Desen International Media,4
f,editor,Centro de Capacitación Cinematográfica (CCC),4
,composer,Videoville Showtime,4
,writer,Warner Independent Pictures (WIP),4
m,producer,Pandemonium,4
,composer,Miramar Home Vídeo,4
f,actress,Golden Harvest Entertainment,4
m,producer,Lauren Films Video Hogar S.A.,4
m,producer,DMS DEBAH Films,4
,composer,Surrey Institute of Art & Design,4
f,actress,Chang-Wong Channel Film & Video Company,4
f,actress,Denhem Wealth Holdings,4
m,producer,Skrik Horror Video,4
,editor,Gladden Entertainment,4
,cinematographer,Filmax Home Video,4
m,producer,Wandering Star Pictures,4
f,actress,Nek Video Links,4
f,writer,Fondo para la Producción Cinematográfica de Calidad (FOPROCINE),4
,composer,Rank Outsider Productions,4
f,producer,Golden Screen Cinemas,4
,composer,Highness Video,4
f,producer,Palisades-Tartan Acquisitions,4
,cinematographer,Fidecine,4
,director,Kids Edutainment Video,4
,producer,Turku Polytechnic/Arts Academy,4
m,writer,Ministry of Culture of the Russian Federation,4
,cinematographer,Fondo de Fomento a la Calidad Cinematográfica,4
m,writer,Another Dimension of an Idea,4
m,composer,Pathfinder Pictures,4
f,director,Independent Television (ITV),4
,writer,Instituto de Crédito Oficial (ICO),4
,writer,"nwjones - Art, Design and Animation",4
f,actress,Frederick S. Pierce Company,4
,writer,Ministerio de Cultura,4
f,actress,Cine Falcon Producciones S.A. de C.V.,4
m,director,Covent Garden Films,4
m,composer,Covent Garden Films,4
f,actress,Trilogie Halexander,4
f,editor,BMG Video,4
,editor,Nederlands Fonds voor de Film,4
,editor,Big Idea,4
m,director,Fonds Eurimages du Conseil de l'Europe,4
f,actress,Lyons Den Productions,4
,director,Joyride Studios,4
,producer,Verisimilitude,4
,editor,Big Idea Productions,4
,producer,Casa de Cinema de Porto Alegre,4
m,writer,Covent Garden Films,4
,producer,Joyride Studios,4
,cinematographer,Fondo de Inversión y Estímulos al Cine (FIDECINE),4
m,producer,Covent Garden Films,4
f,actress,Modern Films Production,4
,editor,Cines Unidos de Venezuela,4
m,producer,Bardel Entertainment,4
f,actress,Slick Devil Entertainment,4
,cinematographer,Asia Video Publishing Co. Ltd.,4
m,cinematographer,Covent Garden Films,4
,writer,Bill Melendez Productions,4
f,writer,Manga Video,4
,producer,Metronome Video,4
f,actress,Independent Film Artists Network,4
,writer,Universidad de Guadalajara,4
,director,Escuela de Cine de Chile,4
m,editor,BenderSpink,4
f,editor,New Line Home Video,4
m,editor,Thunder Road Pictures,4
,producer,"nwjones - Art, Design and Animation",4
,producer,Wonderfly Films,4
m,editor,World Wide Multi Media,4
f,composer,Delux Productions,4
m,producer,Distant Thunder Films,4
,composer,Nederlandse Film en Televisie Academie (NFTVA),4
f,actress,World Wide Nate Productions,4
m,editor,Dolmen Home Video,4
,composer,Jour de Fête Films,4
f,writer,Canadian Film or Video Production Tax Credit (CPTC),4
,producer,Cambium Film & Video Productions,4
,director,Crystal Sky Worldwide,4
m,producer,Gurpreet Video International,4
,writer,Salt City Home Video,4
m,composer,Video Vision Entertainment,4
,editor,First Independent Films,4
,director,Spentzos Film Home Video,4
,writer,Hyde Park Entertainment,4
,writer,Film Threat Video,4
,composer,Ministère des Affaires Étrangères,4
,composer,Dream Riders Studio,4
m,producer,Outside Films,4
f,composer,America Video,4
,composer,Universidade Federal de Minas Gerais,4
m,composer,Quanta Centro de Produções Cinematográficas,4
,writer,CIC Video I/S,4
m,writer,Outside Films,4
,cinematographer,TLA Video,4
f,composer,America Video Film,4
,composer,Les Films Alain Sarde,4
m,composer,Turku Polytechnic/Arts Academy,4
,composer,José Frade Producciones Cinematográficas S.A.,4
,producer,Cineplex-Odeon Films,4
m,director,West Australian Screen Academy,4
,composer,Deutsche Film (DEFA),4
m,composer,MMC Independent,4
,writer,Media Design Imaging,4
m,producer,Fort Video,4
m,editor,Concorde-Castle Rock/Turner,4
,editor,Zeroinside Films,4
f,actress,Stichting Produktiefonds voor Nederlandse Films,4
m,writer,Dereko Entertainment,4
f,actress,Underground Pictures,4
,producer,UAP Video GmbH,4
m,producer,Cinema Pardes,4
m,writer,MGM Home Video,4
,producer,Made It Myself Pictures,4
m,producer,Living Dead Guy Productions,4
,writer,Gruppo Edebe',4
m,director,Centre National du Cinéma et de L'image Animée (CNC),4
,producer,Royal Scottish Academy of Music and Drama,4
,producer,"DíaFragma, Fábrica de Películas",4
,composer,Untrademarked Productions,4
f,writer,Pyramide Productions,4
m,director,Outside Films,4
,director,Delta-Film,4
,composer,A&E Home Video,4
f,actress,Maison de la Culture du Havre,4
m,composer,Les Films de l'Atalante,4
f,actress,Wonderfun,4
,producer,Independent Online Cinema,4
f,actress,Black Powder Media Inc.,4
f,actress,Blvd St Germain des Pres,4
m,producer,Derf Films,4
m,director,Filmboard Berlin-Brandenburg (FBB),4
,composer,Instituto Cubano de Radio y Televisión (ICRT),4
,writer,Soft on Demand,4
m,producer,Centre National du Cinéma et de L'image Animée (CNC),4
f,actress,Filmoteca de la UNAM,4
f,writer,Ideal Pictures Corp.,4
m,editor,Outside Films,4
,producer,Rank Home Video,4
f,writer,HBO Video,4
m,writer,Shocking Videos,4
,writer,Wiedemann & Berg Filmproduktion,4
m,writer,Raspberry & Lavender,4
f,actress,KC Grinder Productions,4
,composer,Palisades Productions,4
f,writer,Republic Pictures Home Video,4
m,producer,Randomly Designed Pictures,4
,producer,Nishimura Motion Picture Model Makers Group,4
f,producer,Golden Shadow Pictures,4
f,producer,Pierre M Trudeau enr.,4
m,producer,Xscapade Pictures Ltd.,4
f,cinematographer,Columbia TriStar Home Video,4
m,writer,Departamento de Cultura del Gobierno Vasco,4
,producer,Zide-Perry Productions,4
m,producer,120 Degree Films,4
f,producer,Filmakademie Baden-Württemberg,4
f,actress,Peach Video,4
,composer,MPI Home Video,4
m,writer,Pandemonium,4
m,writer,Deal,4
,cinematographer,Universidade Lusófona,4
m,editor,Pack-In-Video,4
m,producer,Productions Desmichelles,4
,writer,Loterie Suisse Romande,4
m,cinematographer,Universidade Gama Filho,4
m,editor,Randomly Designed Pictures,4
f,actress,L'Octopode,4
,writer,UFA Video,4
,director,Office Fédéral de la Culture,4
m,writer,no BIG deal productions,4
,writer,Wonderfun,4
m,composer,Pandemic Production,4
m,composer,BOB Film Sweden AB,4
m,editor,Republic Pictures Home Video,4
f,producer,MCA Home Video,4
,composer,Département de la Charente,4
,composer,Wild Side Vidéo,4
m,composer,Odessa Films,4
,producer,Kaplan/Feder Films,4
,composer,Odec Kid Cartoons,4
,producer,NewStar World Wide,4
,composer,Exclusief Film en Video,4
m,cinematographer,Lawrence Bender Productions,4
f,writer,Providence Films,4
f,actress,Promenade Films,4
,composer,Pierre M Trudeau enr.,4
m,editor,Hochschule für Bildende Künste Hamburg,4
m,director,Unrendered Productions,4
,producer,In Demand,4
m,writer,Volderin Entertainment,4
,composer,Low Definition Films,4
f,producer,Delia Films,4
,director,Nicole Shannon Design,4
f,producer,Delia & Mad Bull Films,4
,composer,Filmakademie Wien,4
f,producer,RiverWide Productions,4
,composer,Suspended Animation,4
f,actress,Desiderata Productions,4
f,writer,Detour Filmproduction,4
f,actress,Adelstein-Parouse Productions,4
f,producer,Sociedad General de Televisión (Sogetel),4
m,producer,Hochschule für Bildende Künste Hamburg,4
,producer,BigDeni Filmes,4
f,actress,Anderson/Hassan Entertainment,4
,cinematographer,Budderfly Productions,4
,writer,Universitat de Barcelona,4
m,writer,Studio Babelsberg Independents,4
f,producer,Deuce Three Productions,4
,composer,Fidelio,4
,writer,Pehade Beheer BV (BBI),4
m,writer,RCS Video,4
,composer,Aditya Video,4
m,writer,CNR Video,4
,producer,Forbidden City Studios,4
,composer,Vessel Films / Under The Sun Films,4
,composer,C/FP Video,4
f,actress,Ride The Warble Films,4
m,director,M & M Vihdepalvely,4
,composer,Leader Music,4
,producer,Secretaria para o Desenvolvimento do Audiovisual,4
f,writer,Cannes Home Vídeo,4
,producer,Commissão de Valores Mobiliarios,4
,composer,Sundance Independent Film Channel,4
m,composer,Sociedad General de Cine (SOGECINE) S.A.,4
f,actress,Le Dernier Cri,4
,producer,Videodis,4
f,actress,AZ Digital Video Dreams,4
f,actress,Media Development,4
f,producer,Women Under the Influence Films,4
,writer,Ignacio Benedeti Cinema,4
f,actress,Rank Outsider Productions,4
,producer,Videocolor,4
,producer,Gobierno del Estado de Veracruz,4
m,producer,Nina Saxon Film Design,4
,editor,Universidade da Beira Interior,4
f,actress,Dedicat Films,4
f,actress,Renegade Reporting,4
,producer,Neue Deutsche Film (NDF),4
m,producer,Commission du Film de Bourgogne,4
m,producer,Team Video Plus,4
m,director,HIS Video,4
m,writer,Deep Films,4
f,editor,Centre du Cinéma et de l'Audiovisuel de la Communauté Française de Belgique,4
f,actress,Prod2demain,4
,producer,California Department of Recycling,4
f,writer,WGBH Boston Video,4
m,producer,Pulsepounders,4
f,composer,Live Home Video,4
f,composer,Divisa Home Video,4
f,composer,Sony Wonder,4
f,actress,Fidelio Films,4
,composer,Hong Cheng Home Video,4
,cinematographer,Raedon Video,4
m,composer,Fonds Eurimages du Conseil de l'Europe,4
f,actress,Pecho Grande,4
,cinematographer,Savannah College of Art & Design,4
,producer,Odessa Film Studios,4
,composer,Broadway Video,4
m,composer,Ayngaran Video,4
m,cinematographer,Fonds Eurimages du Conseil de l'Europe,4
,editor,Dear Skyyler Productions,4
,composer,Compañía General de la Imagen (CGI),4
f,actress,José Auzmendi Lizarralde,4
,writer,iDeal Partners Film Fund,4
f,actress,Impuls Video,4
f,producer,RCA/Columbia Pictures Home Video,4
f,actress,Valley Video Services,4
m,producer,Maison de Cinema,4
,composer,Celebrity Video Distribution,4
m,producer,Brøderbund Software,4
,composer,Toho Video,4
f,producer,Ateliers de Baere,4
f,producer,Fonds National de Soutien à la Production Audiovisuelle du Luxembourg,4
,composer,Atlantide Entertainment,4
f,actress,Royal Scottish Academy of Music and Drama,4
,writer,Leader Motion Pictures,4
,composer,Videocine S.A. de C.V.,4
f,producer,Lourdes Enterprises,4
,composer,CNR Film & Video,4
,composer,New Horizons Home Video,4
,writer,MMC Independent,4
f,actress,Neuf de Coeur,4
,writer,Dear Skyyler Productions,4
,producer,Wardenclyffe Entertainment,4
m,producer,Conseil Général de la Charente,4
m,producer,Conseil Régional de Poitou Charentes,4
m,producer,Tax Shelter ING Invest de Tax Shelter Productions,4
f,actress,Delta MoviesLLC,4
f,actress,Films de la Saga,4
f,director,Concorde-Castle Rock/Turner,4
,composer,Concorde Pictures,4
m,director,Conseil Régional de Poitou Charentes,4
m,director,Tax Shelter ING Invest de Tax Shelter Productions,4
,producer,Universal Music & Video Distribution (UMVD),4
f,editor,Prooptiki Video,4
f,producer,Groupement National des Cinémas de Recherche (GNCR),4
,cinematographer,Creative Light Worldwide,4
m,cinematographer,New York Film Academy at Universal Studios,4
,director,Bona Fide Productions,4
,producer,Filmoteca de la UNAM,4
m,producer,Lynnvander Productions,4
,editor,Ghosthouse Underground,4
,producer,Delta Movies,4
,cinematographer,Delta Movies,4
,editor,Turner Home Video,4
,composer,Delta Movies,4
f,actress,Development & Peace,4
,director,Delta Movies,4
,producer,Collectivité Territoriale de la Corse,4
,composer,Hi-Tops Video,4
f,actress,Rudderpost Films,4
f,actress,DeusExMachina Studio,4
f,writer,Plus Video,4
m,director,De Line Pictures,4
,director,Buttenschøn og Budde Entertainment Rights ApS,4
,composer,Start Desenhos Animados,4
,composer,Prem'er Video Fil'm,4
f,producer,Lindele Media,4
m,editor,3 Shade Productions,4
,producer,Haut Monde,4
m,director,Delaney & Friends Cartoon Productions,4
m,cinematographer,Columbia Home Video,4
m,cinematographer,3 Shade Productions,4
f,editor,Ardent Productions,4
,composer,KC Grinder Productions,4
f,writer,Destination Films,4
,producer,Emerson Independent Video,4
,producer,Film Threat Video,4
f,director,Mandeville Films,4
,producer,Medien- und Filmgesellschaft Baden-Württemberg,4
f,producer,Dee Gee Entertainment,4
m,writer,Dejarme Disfrutar Films,4
f,actress,Shade Co. Ltd.,4
,writer,Golden Screen Cinemas,4
f,producer,20th Century Fox Film de Mexico,4
,composer,Eden's Watchtower Records,4
,producer,ThunderBall International Films,4
,editor,"BKM, kulturelle Filmförderung des Bundes",4
,composer,Idyllwild Arts Academy,4
,composer,Delphine Software Interactive,4
m,writer,Turun Taideakatemia,4
m,producer,Beverly Detroit,4
f,director,Destination Films,4
m,producer,Nickelodeon Studios,4
,composer,University of Craft and Design,4
,composer,Adelson Entertainment,4
,composer,Hollywood Independents,4
f,editor,Gaumont/Columbia TriStar Home Video (GCTHV),4
m,composer,Palisades Pictures,4
,editor,José Frade Producciones Cinematográficas S.A.,4
,director,Just For Kids Video,4
,editor,Bill Melendez Productions,4
m,producer,Destiny Entertainment Productions,4
f,producer,Eco Filmes/Prisvideo,4
f,producer,Video Audio Project (VAP),4
m,writer,AOL Online Video,4
f,actress,Confident Films,4
f,producer,HandMade Films,4
f,writer,Videocine S.A. de C.V.,4
m,director,Fox-Walden,4
,composer,Riders on the Storm Pictures,4
f,producer,El Deseo S.A.,4
m,director,Fondo de Fomento a la Calidad Cinematográfica,4
m,director,Zeroinside Films,4
,composer,Prisvídeo - Edições Videográficas,4
m,editor,Detailfilm,4
m,director,Detailfilm,4
,producer,Deep Blue Pictures,4
,composer,Delta-Film,4
m,director,Comme des Cinémas,4
,producer,Lakeside Concepts,4
f,editor,Tartan Video,4
,producer,Amusement Media Academy,4
f,actress,Filmes de Abril,4
,director,Tordenfilm AS,4
m,producer,WMA Independent,4
f,producer,Buena Vista International (Denmark),4
m,writer,Productora Andaluza de Programas S.A.,4
f,actress,RCA / Columbia Pictures Video,4
,producer,Abode,4
,producer,Maison de Cinema,4
,writer,Hellas Video,4
f,actress,Eureka Video,4
f,actress,Forbidden Films,4
m,composer,Zeroinside Films,4
,writer,Conseil Régional de Picardie,4
,director,Videovox Stúdió,4
,composer,Big Idea Productions,4
,producer,Hualu Electronic Audio & Video Publish Co.,4
,writer,Conseil Général de l'Oise,4
,writer,Dentsu Motion Pictures,4
,writer,Raro Video,4
m,cinematographer,American Independent Productions,4
,director,Global Wonders,4
m,cinematographer,Surrender Cinema,4
,producer,Emmerson Denney Films,4
,producer,Demtas Film,4
f,producer,Columbia Home Video,4
,composer,Copycat Video Productions,4
f,producer,American Pride Films Group,4
,director,Greenwood/Cooper Video,4
m,cinematographer,Den Danske Filmskole,4
f,writer,Ascot Video,4
m,director,Videal GmbH,4
m,composer,WonderPhil Productions,4
,producer,Deos Animation Studios,4
f,actress,Les Films De La Perrine,4
f,actress,Gouvernement de la Communauté Française de Belgique,4
f,actress,Executive Video,4
,editor,Tracey Alexander Productions,4
m,cinematographer,Mitteldeutsche Medienförderung (MDM),4
,cinematographer,Casa de Luz,4
,producer,Raffaella De Laurentiis Productions,4
m,cinematographer,Codeblack Entertainment,4
f,writer,Cineplex-Odeon Home Video,4
m,producer,Seymour Borde & Associates,4
,composer,Loterie Suisse Romande,4
,editor,Nederlandse Film en Televisie Academie (NFTVA),4
,producer,Oficinas Experimentais de Cinema,4
f,cinematographer,Transeuropa Video Entertainment (TVE),4
,composer,Star Home Video,4
f,actress,Pride East Entertainments,4
,editor,Institut National de l'Audiovisuel (INA),4
,composer,SBS Independent,4
,composer,Cogeco Program Development Fund,4
f,actress,Ecole d'Art de Uccle,4
,cinematographer,Filmtrade,4
,composer,CodEye,4
,director,CIC-Taft Home Video,4
f,producer,Maison Descartes,4
f,actress,The Developers of Incredible Power,4
f,actress,HilfertyHouse / Wundergeez,4
,composer,"Deep End Digital Film Group, The",4
m,composer,Forbidden Science From Outer Space,4
m,editor,Video Audio Project (VAP),4
m,producer,Warner Home Video Inc.,4
,composer,Nickelodeon Animation Studios,4
m,cinematographer,Devinshire Jamestown Pictures,4
,composer,Flashpoint Academy,4
m,producer,Deerbear Films,4
,composer,Rhode Island School of Design FAV Department (RISD),4
,producer,Dedica Group,4
f,actress,Grendel Productions Inc.,4
,producer,Meandering and Philandering,4
,writer,Société Générale de Gestion Cinématographique (SGGC),4
m,director,Miramax Home Video,4
,producer,Zhejiang Film & Video Corp.,4
m,writer,Les Films de l'Astre,4
m,writer,Student Life Dunedin,4
m,cinematographer,Devilhead Films,4
,cinematographer,New Horizons Home Video,4
,writer,Turner Home Video,4
,writer,Rastar/Leider-Shapiro,4
m,producer,Ministère de la Culture de la Republique Française,4
m,producer,Thunderbolt Productions,4
m,writer,CIC Victor Video,4
,editor,Dereko Entertainment,4
f,producer,CanWest Western Independent Producers Fund,4
,producer,Aldea Films,4
m,producer,Undercover Productions (II),4
f,actress,Filmakademie Baden-Wuerttemberg,4
,producer,Sociedade Independente de Comunicação (SIC),4
m,writer,Lawrence Bender Productions,4
,director,Regal Home Video,4
,editor,Raspberry & Lavender,4
m,producer,La Communauté Urbaine de Strasbourg,4
,producer,Videoflims,4
m,editor,Wild Side Vidéo,4
,producer,Filmoimagen S.A. de C.V.,4
,writer,Arcade Pictures,4
m,writer,Underworld Produktions GmbH,4
,producer,Deepa Art Creations,4
f,writer,Filmboard Berlin-Brandenburg (FBB),4
f,actress,Sin City Video,4
f,producer,Twin Video,4
m,composer,Alpha Video Distributors,4
f,actress,New Concorde,4
,producer,Delta-Film,4
,writer,Uni-President Dream Parks Comp.,4
,writer,Golden Harvest Pictures (China),4
m,writer,Golden Art Entertainment,4
f,director,Ministère de la Communauté Française de Belgique,4
,director,Deutscher Fernsehfunk (DFF),4
m,writer,Paradigm Hyde Films,4
,composer,Noontide Filmworks,4
,director,Fachhochschule Wiesbaden,4
m,director,Soyuz Video,4
f,director,CIC-Taft Home Video,4
m,writer,Big Sky Video,4
,writer,Wide Management,4
m,composer,Independant,4
f,director,Prooptiki Video,4
m,editor,Bezalel Academy of Arts and Design,4
,producer,AllHandsOnDeck,4
f,actress,Deva Films,4
f,actress,TimeCode NOLA,4
f,actress,Wonderlens,4
m,producer,CIC Video I/S,4
f,actress,Ministerie van de Vlaamse Gemeenschap,4
,writer,California Department of Recycling,4
f,actress,Berliner Filmförderung,4
f,writer,Fonds Eurimages du Conseil de l'Europe,4
m,writer,RCA/Columbia Pictures Video,4
f,actress,Campede of Stattle,4
m,composer,Videocine S.A. de C.V.,4
m,director,Videonerv,4
,writer,Golden Film Ltd.,4
f,actress,Custom Made Films,4
,writer,Cineteca de Nuevo Leon,4
f,actress,Flinders University Screen Studies Department,4
,composer,Wide Management,4
f,producer,Alliance Atlantis Video,4
,writer,The Institute for the Intellectual Development of Children & Young Adults,4
f,actress,Guangdong Avlight Culture Industry Development,4
,composer,Centro Nacional Autónomo de Cinematografía (CNAC) (I),4
m,editor,Lee Mendelson Film Productions,4
,producer,Films de Force Majeure,4
m,director,Otto Desenhos Animados,4
m,writer,Videonerv,4
m,director,Légende Entreprises,4
m,producer,Prisvídeo,4
m,cinematographer,Cineplex-Odeon Home Video,4
m,editor,Videonerv,4
,editor,"Universitatea Nationala de Arta Teatrala si Cinematografica ""I.L. Caragiale"" (UNATC)",4
,director,Rank Outsider Productions,4
,director,Groupe de Recherches et d'Essais Cinematographiques (GREC),4
m,producer,Desastre de Cine,4
f,actress,Deathtrip Films,4
f,editor,MGM Home Video,4
,writer,Nederlands Fonds voor de Film,4
,writer,Riders on the Storm Pictures,4
,writer,Groupe de Recherches et d'Essais Cinematographiques (GREC),4
,editor,Fox Lorber Home Video,4
m,producer,Occidental Media Corp.,4
m,producer,Las Producciones del Escorpión S.L.,4
f,actress,Edelvais,4
f,actress,Fanatik Video,4
f,actress,Sri Lakshmi Devi Productions,4
,cinematographer,Les Films de Cinéma,4
m,writer,UAP Video GmbH,4
,composer,Deutscher Fernsehfunk (DFF),4
m,composer,Wide Sight Entertainment Limited,4
f,actress,Atelier de Production de la Cambre ASBL,4
m,producer,Low Definition Films,4
f,actress,Cal-Vista Home Video,4
,writer,Théâtre Impérial de Compiègne,4
m,writer,Ponderous Productions,4
m,producer,Cine Grande Corporation,4
m,writer,Delaney & Friends Cartoon Productions,4
,writer,Wide Frame Pictures,4
m,producer,Fantasy Home Video,4
m,writer,Rainstorm Video & Film,4
m,writer,Akademija Dramskih Umjetnosti (ADU),4
,composer,BMG Independents,4
f,actress,Eagle Video,4
m,producer,Rainstorm Video & Film,4
,writer,Ravinder Grewal Productoins,4
m,producer,York Home Video,4
f,editor,Buena Vista International (Sweden),4
,writer,Intellectual Properties Worldwide (I),4
f,actress,Genius Parade,4
,composer,"Asociación Taller de Cine ""El Mate""",4
m,producer,RedEye Animation,4
m,producer,Dejarme Disfrutar Films,4
,writer,Ravinder Grewal Productions,4
m,cinematographer,Pehade Beheer BV (BBI),4
f,actress,Thunderbean Animation,4
f,actress,Independent Student Media,4
m,editor,Untrademarked Productions,4
f,actress,Chartoff Hendee Productions,4
,writer,Yamato Video,4
,producer,CBS Worldwide Inc.,4
,producer,Independent Moving Pictures,4
m,composer,MPI Home Video,4
m,director,Parallel Wonders,4
,writer,Alliance Video,4
f,actress,Video Stoodeyä,4
m,producer,Streamline Video,4
f,composer,Dentsu,4
,cinematographer,Gurpreet Video International,4
,producer,La Géode,4
f,composer,Odyssey Group Video,4
m,producer,Cape Fear Independent Film Network,4
m,editor,TV5 Monde,4
,composer,Wonderlens,4
f,actress,Russian Federation of Cinematography,4
,writer,e·Sence® - digital department,4
f,actress,ABC Home Video,4
m,producer,Outsider Films,4
,composer,SF Video,4
m,writer,InterCanadian Video Sales Inc.,4
,producer,New York International Film and Video Festival,4
m,producer,Knowwonder,4
f,actress,Piktor Duende,4
,editor,Wonderlens,4
m,writer,Sri Balaji Video,4
m,director,Cine du Monde,4
,producer,I Sell My Tricks for Wooden Nickels,4
f,producer,Fox Lorber Home Video,4
m,writer,Modern Tribe Communications,4
f,actress,Producciones Torreón S.A. de C.V.,4
m,producer,La Société des Films Sirius,4
,cinematographer,Concorde Pictures,4
m,producer,Interama Video,4
,editor,"Zurich University of Arts, Departement Film",4
m,director,"Deep End Digital Film Group, The",4
m,composer,Film Afrika Worldwide,4
m,director,Creative Light Worldwide,4
m,writer,"Deep End Digital Film Group, The",4
f,actress,Bardel Entertainment,4
f,actress,40 Creditors and a Deferral,4
,composer,MGM Home Video,4
,composer,Les Films de L'Autre,4
f,writer,Hemdale Home Video,4
m,director,New Deal Productions,4
f,actress,Thames Video Collection,4
,composer,Longride,4
f,actress,Parallel Wonders,4
m,writer,Inspidea,4
,writer,José Auzmendi Lizarralde,4
,writer,Impuls Video,4
m,producer,Pathé Video,4
m,producer,ClandestCINE,4
,composer,Delicious Films,4
,producer,Kuratorium Junger Deutscher Film,4
f,writer,Verenigde Arbeiders Radio Amateurs (VARA),4
m,writer,New Deal Productions,4
m,composer,Rundfunk Berlin-Brandenburg (RBB),4
f,actress,Federico Film,4
f,actress,Department of Cultural Affairs Taipei City Government,4
f,director,Flashstar Home Vídeo,4
,writer,Bona Fide Productions,4
,cinematographer,Universidad de Guadalajara,4
f,writer,Orion Home Video,4
m,producer,MMC Independent,4
m,producer,World Wide Cinema,4
f,editor,Detour Filmproduction,4
m,producer,Deuce Three Productions,4
,writer,Shalimar Videos,4
m,composer,Lumière Home Vídeo,4
m,cinematographer,Hemdale Home Video,4
m,producer,Belvedere Entertainment,4
m,producer,Volderin Entertainment,4
,cinematographer,Tel Aviv University Film & Television Department,4
,cinematographer,Media Design School,4
,composer,WunderWerk,4
,producer,Surrender Cinema,4
,writer,Music Video Distributors (MVD),4
f,editor,La Fabrique de Films,4
m,producer,Tenderloin Pictures,4
f,actress,Code,4
m,producer,Media Design School,4
,director,Duchy Parade Films,4
f,actress,École Cantonale d'Art de Lausanne/Département Audiovisuel (ECAL/DAVI),4
,producer,Ode Visuals,4
,producer,X-Rated Kultvideo,4
m,editor,Leader Music,4
f,writer,Concorde Film,4
m,composer,Parallel Wonders,4
,writer,Perro Verde Films,4
m,director,Videoservice,4
f,actress,Ecole Nationale Supérieure des Arts Décoratifs (ENSAD),4
m,producer,MGM/UA Home Video,4
m,composer,Nickelodeon Productions,4
f,editor,Concorde-Castle Rock/Turner,4
,cinematographer,Children's Independent Television (CiTV),4
,producer,Del Sur Productions,4
,cinematographer,Detailfilm,4
,cinematographer,Media Development (MDC),4
m,producer,Ontario Film Development Corporation,4
,writer,X-Rated Kultvideo,4
m,writer,Erotic Angel Video,4
,composer,Deutschfilm,4
m,editor,Video Vision Entertainment,4
f,actress,Transgression Video Productions,4
m,editor,Twin Video,4
m,editor,Taideteollinen korkeakoulu,4
m,writer,First Independent Films,4
,producer,Televisión Pública de Canarias,4
f,producer,Otto Desenhos Animados,4
f,actress,Belgrade & Cleveland Media Group,4
,writer,Wild Side Films,4
f,actress,Accolade,4
,producer,New Deal Studios,4
,cinematographer,Nederlands Film Instituut,4
m,producer,Rebellion Developments Ltd.,4
,cinematographer,De Beeldbrigade,4
,editor,Ministry of Culture of the Russian Federation,4
m,writer,Tenderlee Motion Pictures Company,4
,producer,Sociedad General de Cine (SOGECINE) S.A.,4
m,director,Erotic Angel Video,4
,writer,Red is Dead Entertainment,4
,writer,Les Films de l'Etang,4
m,editor,Liberty or Death Productions,4
,writer,Orion Home Video,4
,composer,Budderfly Productions,4
f,writer,Palisades Pictures,4
,writer,Les Films de Cinéma,4
,director,Pierre M Trudeau enr.,4
m,producer,Deutschfilm,4
,director,Filmförderung Hamburg,4
,cinematographer,Greenwood/Cooper Video,4
f,writer,Der KurzFilmVerleih,4
f,writer,Pehade Beheer BV (BBI),4
f,actress,Global Wonders,4
m,writer,Golden Mean,4
,writer,Ideacinema,4
m,writer,Arcade Video,4
,writer,Branded Entertainment/Batfilm Productions,4
,editor,Industrial Development Corporation of South Africa,4
m,cinematographer,Golden Princess Film Production Limited,4
m,producer,Golden Screen Cinemas,4
,writer,Columbia TriStar Home Video Hong Kong,4
m,director,S/S Fladen Film,4
,writer,Red Raider Films,4
f,actress,Adelante Tv Films,4
m,cinematographer,Ministère de la Communauté Française de Belgique,4
m,writer,DeFamilieJanssen (DFJ),4
,director,Endemol Deutschland,4
,writer,Videocine S.A. de C.V.,4
,producer,Les Productions de la Géode,4
m,writer,S/S Fladen Film,4
f,writer,Cinematografica Distributori Indipendenti (CDI),4
m,producer,Totally Tasteless Video,4
f,actress,Team De DoDoDo,4
f,actress,Border Films,4
,composer,Mode Records,4
f,actress,Andes Film Production,4
m,director,United Video,4
,director,Red Raider Films,4
m,cinematographer,Palisades Productions,4
m,composer,Den Danske Filmskole,4
f,editor,Walden Media,4
f,cinematographer,Odeon,4
,producer,Alvaro Velarde Producciones,4
,composer,Viva Video,4
f,director,Wide Pictures,4
,producer,Nistal de Luna,4
f,writer,Felderfilm,4
f,actress,Borders Edge Productions,4
,cinematographer,Ascot Video,4
m,director,Faculty of Dramatic Arts Belgrade,4
m,producer,Cinema de Bizarre,4
,writer,Filmakademie Ludwigsburg,4
m,producer,Bandersnatch Productions,4
f,actress,Depressing Prospects Films,4
,cinematographer,Prisvídeo,4
,writer,Budderfly Productions,4
m,producer,European Video Distributors (EVD),4
,director,Budderfly Productions,4
m,composer,UFA Video,4
m,producer,Wonder Entertainment,4
f,producer,Media Development (MDC),4
f,writer,Lyrick Studios Video,4
,director,Mti Home Video,4
,cinematographer,Sociedad General de Televisión (Sogetel),4
m,producer,Ayngaran Video,4
,writer,National Film Development Corporation of India (NFDC),4
f,producer,Kids Edutainment Video,4
m,editor,RCA/Columbia Pictures Home Video,4
,editor,Presidenzia del Consiglio del Ministri-Dipartimento dello Spettacolo,4
,editor,Budderfly Productions,4
f,director,Recorded Picture Company (RPC),4
f,writer,Recorded Picture Company (RPC),4
,producer,Odeon Pictures,4
m,composer,Viz Video,4
,director,OZI Escola de Audiovisual de Brasília,4
m,producer,Home Made Movies,4
m,composer,Des Films,4
f,writer,Zeroinside Films,4
,writer,"Museo Nacional de Arqueologia, Historia y Etnografia",4
m,writer,Eden's Watchtower Records,4
,cinematographer,Cogeco Program Development Fund,4
,cinematographer,Vaudeville Productions,4
f,composer,Abril Vídeo,4
,editor,Natural Wonders Productions,4
,writer,Gobierno del Estado de Puebla,4
,cinematographer,Independent Stories,4
f,composer,Columbia TriStar Films de España,4
f,actress,Ponderous Productions,4
,cinematographer,June Video,4
,producer,Buttenschøn og Budde Entertainment Rights ApS,4
,producer,Videography Productions,4
,producer,Deepa Mehta Films,4
f,actress,Dedali Opera,4
m,editor,Eden's Watchtower Records,4
f,actress,Dreidel Films,4
m,editor,Concorde Video,4
m,director,Eden's Watchtower Records,4
m,cinematographer,Eden's Watchtower Records,4
f,editor,Région Nord-Pas-de-Calais,4
,producer,Identity Films (I),4
m,director,Wiedemann & Berg Filmproduktion,4
m,composer,Odyssey Video,4
,writer,Dandelion Productions,4
,cinematographer,Ministère des Affaires Étrangères,4
,editor,Envie de Tempête Productions,4
m,writer,Wiedemann & Berg Filmproduktion,4
m,editor,Digital Entertainment (DEI),4
,director,Envie de Tempête Productions,4
,producer,Société des Producteurs de L'Angoa,4
f,producer,Escola Superior de Cinema i Audiovisuals de Catalunya (ESCAC),4
m,editor,Golden Princess Amusement Company,4
f,director,Adelson Entertainment,4
m,producer,Centre National du Cinéma et de l'Audiovisuel de la Communauté française de Belgique,4
f,director,Tracey Alexander Productions,4
f,producer,Casa de Luz,4
f,writer,Turku Polytechnic/Arts Academy,4
f,producer,Worldvision Home Video,4
m,producer,Made in Productions,4
m,composer,Delta Pictures,4
,writer,Envie de Tempête Productions,4
m,producer,Made in PM,4
f,actress,Independant,4
f,actress,MCA Planning and Development,4
m,director,Frontier Developments,4
f,actress,National Film School Of Denmark,4
m,cinematographer,Deftone Pictures Studios,4
m,producer,LNK Video,4
,director,Primer Plano Film Group Video,4
,writer,Medien- und Filmgesellschaft Baden-Württemberg,4
f,composer,Instituto Nacional de Cine y Artes Audiovisuales (INCAA),4
m,cinematographer,Zeroinside Films,4
f,composer,Televisión Federal (Telefe),4
,composer,Televicine S.A. de C.V.,4
,cinematographer,Wonderphil Productions,4
,producer,8th Wonder Entertainment,4
,cinematographer,Wild Side Vidéo,4
f,producer,Les Films de l'Etang,4
f,actress,Casa de Luz,4
m,writer,Leader Motion Pictures,4
f,writer,MPI Home Video,4
,cinematographer,Film Afrika Worldwide,4
f,actress,Red is Dead Entertainment,4
f,writer,New Video Group,4
,editor,"DíaFragma, Fábrica de Películas",4
m,producer,Escuela de Cinema y Audiovisual Comunidad de Madrid (ECAM),4
m,cinematographer,Alambique Destilaria de Ideias Unipessoal,4
m,producer,Blue Rider Pictures,4
,writer,Crusader Entertainment,4
m,director,China Vídeo,4
,cinematographer,Buttenschøn og Budde Entertainment Rights ApS,4
m,director,Worldvision Home Video,4
f,actress,Monster Animation and Design,4
m,writer,Wonder Works Films,4
,editor,260 Degrees Entertainment,4
m,producer,Independent Film Development,4
,writer,Hemdale Home Video,4
,cinematographer,Les Films des Tournelles,4
m,writer,Lee Mendelson Productions,4
m,writer,Wonderworld Studios,4
m,producer,NxtLvL Fight & Flight Design,4
,producer,Gobierno del Estado de Chiapas,4
m,producer,Latitude Films,4
m,writer,BMG Video International,4
,director,Valdemar,4
,composer,Media Development (MDC),4
m,writer,Golden Screen,4
m,producer,Dead Men Don't Play Poker,4
m,composer,Neue Deutsche Filmgesellschaft (NDF),4
m,producer,Hidden Journal Films,4
m,producer,Ideal Pictures Corp.,4
,cinematographer,Desert Magnolia Productions,4
m,editor,Fondo para la Producción Cinematográfica de Calidad (FOPROCINE),4
,writer,Valdemar,4
,producer,Autodesk,4
m,producer,Groupement National des Cinémas de Recherche (GNCR),4
,producer,Deluxe Australia,4
m,director,BenderSpink,4
m,cinematographer,Filmboard Berlin-Brandenburg (FBB),4
,producer,DeepStudios,4
m,director,National Film Development Corporation of India (NFDC),4
,producer,Shalimar Videos,4
m,director,Plus Video,4
,producer,Mode Records,4
,producer,Deer Head Productions,4
m,director,Loterie Nationale de Belgique,4
m,writer,ClandestCINE,4
m,writer,Burning Grounds Independent Media,4
,director,Warner Bros. Home Video,4
,cinematographer,"Air de France, Nice",4
,cinematographer,Universidade Lusófona de Humanidades e Tecnologias,4
,cinematographer,"Ringling School of Art & Design, Sarasota, Florida",4
m,director,China Film Media Asia Audio Video Distribution Co.,4
,writer,Demian Communications,4
m,writer,Dexterity Entertainment,4
m,writer,Devil's Rock,4
,cinematographer,HBO Video,4
,producer,Production de Films SD,4
m,director,Media Design Imaging,4
m,director,Deutsche Filmförderfonds (DFFF),4
,producer,Espace Mendes France,4
,producer,Film Depot,4
m,cinematographer,Penthouse Video,4
m,director,Promenade Pictures,4
,writer,Espace Mendes France,4
,director,ITI Home Video,4
m,director,Hidden TV Productions,4
,cinematographer,Delius Film,4
,cinematographer,Ministère de la Culture de la Republique Française,4
,producer,Sirio Vide,4
,cinematographer,Parallel Wonders,4
,producer,Cine Grande Corporation,4
,producer,Music Video Distributors (MVD),4
,director,J:COM On Demand,4
,editor,Espace Mendes France,4
m,writer,Département des Alpes-Maritimes,4
m,editor,Rank Outsider Productions,4
,cinematographer,Rank Outsider Productions,4
m,cinematographer,Digital Entertainment (DEI),4
,producer,Destined Media,4
,cinematographer,Chang-Hong Channel Film & Video Co.,4
m,editor,Arcade Video,4
,cinematographer,Leader Motion Pictures,4
m,writer,Verdecchi Film,4
m,writer,Videoflims,4
,editor,Paramount Pictures Home Video,4
,writer,Fox Kids Video,4
,director,Fox Kids Video,4
m,producer,Different by Design,4
,writer,Modern Audio (International) Ltd.,4
,cinematographer,RCA/Columbia Pictures Home Video,4
,cinematographer,"Kinovideoobedinenie ""Krupniy Plan""",4
m,producer,The Federation,4
m,writer,Edelvais,4
m,cinematographer,Ekaterinburg Art Home Video (EAHV),4
m,producer,Children's Independent Television (CiTV),4
m,director,Ardent Productions,4
,cinematographer,Contender Entertainment Group,4
,cinematographer,Wide Sight Entertainment Limited,4
m,director,Videoflims,4
,writer,Akademija Dramskih Umjetnosti (ADU),4
,writer,Cort/Madden Productions,4
m,director,"Ontario Film Development Corporation, The",4
m,director,Aceite de Castor Producciones,4
,producer,Eidetic Inc.,4
m,writer,Aceite de Castor Producciones,4
m,producer,Aceite de Castor Producciones,4
m,producer,All Worlds Video,4
,editor,MCA Music Video,4
,producer,La Compagnie des Petites Merveilles,4
m,editor,Fonds Eurimages du Conseil de l'Europe,4
m,cinematographer,Plus Video,4
,producer,Burning Grounds Independent Media,4
,producer,Thunderhead Films,4
,director,M.A. Marcondes,4
m,writer,Pirámide,4
,director,Bio-Tide Films (I),4
m,cinematographer,Pirámide,4
m,composer,Escuela Internacional de Cine y Televisión (EICTV),4
,producer,defa-spektrum Filmverleih,4
m,director,Pirámide,4
,producer,Eurowide Film Production,4
m,director,York Home Video,4
,cinematographer,BMG Independents,4
,producer,Gouvernement de la Communauté Française de Belgique,4
m,editor,Pirámide,4
m,producer,Nippon Film Development and Finance,4
,writer,Cinema Products Video,4
,director,Cineplex Odeon Films,4
m,writer,Decade Distribution,4
,producer,Lefwander Kapitalförvaltning AB,4
,producer,Les Films De La Perrine,4
m,writer,Epidemic Pictures,4
m,director,Decade Distribution,4
,cinematographer,Nickelodeon Movies,4
,director,Cineplex-Odeon Home Video,4
,writer,Shocking Videos,4
,producer,Krauss-DeGrazier,4
,editor,Universidade Federal de Minas Gerais,4
,cinematographer,Instituto del Cine,4
,producer,Adelaide Film Festival,4
m,producer,Institut National de l'Audiovisuel (INA),4
,producer,Compagnie Internationale de Communication,4
m,writer,Le Théâtre Français de la Musique,4
m,producer,Demented Features,4
m,editor,Monarch Home Video,4
m,writer,Académico de Torres Vedras (ATV),4
m,cinematographer,Sociedade Independente de Comunicação (SIC),4
,producer,Bardel Distribution,4
m,writer,Polivideo,4
m,composer,Les Productions de la Guéville,4
m,writer,De Fina-Cappa,4
m,writer,Adecco,4
m,writer,Ministero del Turismo e dello Spettacolo,4
m,cinematographer,Greenwood/Cooper Video,4
m,writer,Societé d'Exploitation et de Distribution de Films (SEDIF),4
m,writer,Tordenfilm AS,4
m,composer,Bona Fide Productions,4
m,cinematographer,Crystal Sky Worldwide,4
m,producer,Desembarco Produccións,4
m,producer,Universidad Nacional Autónoma de México (UNAM),4
,producer,Suzanne DeLaurentiis Productions,4
,producer,Spirit Rider Productions,4
,producer,Beijing Film Academy,4
,producer,Magnolia Hideout,4
m,composer,Golden Princess Film Production Limited,4
,cinematographer,HandMade Films,4
,editor,Autista del signor Mel Gibson Animazioni,4
m,composer,Televisión de Galicia (TVG) S.A.,4
m,director,Code Entertainment,4
m,director,Independenta Film,4
m,writer,Media Design Imaging,4
,producer,Deckert Distribution,4
m,director,Les Films de l'Arlequin,4
,writer,Filmayer Vídeo,4
m,composer,Departament de Cultura de la Generalitat de Catalunya,4
m,editor,Modern Video,4
,producer,Maple Shade Films,4
,producer,Deuce Three Productions,4
m,director,"Buenavista Columbia Tri Star Films de Mexico, S. de R.L. de C.V.'",4
m,director,Alliance Video,4
,editor,Vestron Video,4
m,composer,Alliance Video,4
m,producer,Soyuz Video,4
,producer,Saban Home Video,4
m,producer,Verboden,4
,editor,Deutsche Grammophon,4
m,cinematographer,Unrendered Productions,4
m,director,Tour de Force,4
,editor,Bondesen-Graup,4
m,producer,Federal Hill Pictures Inc.,4
m,producer,VideoServis,4
m,writer,Worldvision Home Video,4
,producer,Toho Video,4
,cinematographer,Devinshire Jamestown Pictures,4
,producer,Arrow Video,4
,producer,Soft on Demand,4
m,writer,Nederlands Film Instituut,4
,director,Filmtrade,4
m,producer,Coincidence Films,4
,producer,Felderfilm,4
m,composer,E.I. Independent Cinema,4
f,actress,Golden A Entertainment,4
,producer,Arrow Film & Video,4
,writer,Dejobaan Games,4
m,writer,Underpaid Productions,4
,producer,Delhi Dot Com,4
,producer,Mirabai Films Delhi,4
,writer,Ardent Productions,4
m,editor,Odeon Films,4
,director,Destination Films,4
,director,Fondo de Inversión y Estímulos al Cine (FIDECINE),4
,writer,HIS Video,4
m,composer,Deutsche Film- und Fernsehakademie Berlin (DFFB),4
m,director,Office Fédéral de la Culture,4
,editor,HBO Video,4
,cinematographer,Ministère de la Culture et de la Francophonie,4
m,composer,Michael De Luca Productions,4
m,director,De Volkskrant,4
,editor,Nouvelles Éditions de Films (NEF),4
m,producer,Ardent Productions,4
,cinematographer,Conseil Régional de Picardie,4
m,producer,Delicious Nougat,4
m,director,Made To Love Productions,4
,editor,e·Sence® - digital department,4
m,writer,Vaudeville Productions,4
,producer,Groupement National des Cinémas de Recherche (GNCR),4
m,writer,Twister Digital Video,4
m,director,Made in Productions,4
m,producer,Vendetta Filmes,4
,producer,B.D. Fox Independent,4
,producer,Guangdong Avlight Culture Industry Development,4
,writer,Curb Denizen,4
,producer,Rosen/Bender Productions,4
m,writer,Made in PM,4
m,writer,Made in Productions,4
m,writer,Centre National du Cinéma et de l'Audiovisuel de la Communauté française de Belgique,4
m,producer,Vaudeville Productions,4
m,writer,Anna Sanders Films,4
m,producer,Zentropa International Sweden,4
,writer,Celebrity Video Distribution,4
m,director,Centre National du Cinéma et de l'Audiovisuel de la Communauté française de Belgique,4
m,cinematographer,Forbidden Science From Outer Space,4
,producer,National Film Development Corporation of India (NFDC),4
m,director,Anna Sanders Films,4
,producer,Universidad Cardenal Herrera - CEU,4
m,producer,Samarkanda Cine-Vídeo S.L.,4
,producer,Laguna Video Games,4
,producer,Salto de Eje Producciones Cinematográficas S.L.,4
,producer,Academy Video,4
,editor,Fonds Eurimages du Conseil de l'Europe,4
,director,Columbia TriStar Warner Filmes de Portugal,4
m,writer,Productions Desmichelles,4
m,composer,New Volga Videos,4
,director,La Fabrique de Films,4
,editor,Fox Kids Video,4
,composer,Debonaire Films,4
m,director,Academy of Media Arts Cologne,4
m,director,Chrysalide Film,4
,producer,Flan de Coco Films,4
,composer,Shades of Gray Entertainment,4
,director,Bardel Entertainment,4
,producer,Productions Desmichelles,4
,writer,Golden Mean,4
,producer,Independant Development,4
,editor,Finnkino Video,4
,producer,Cinémadefacto,4
,producer,ETD Home Video,4
m,writer,Département de la Charente,4
,producer,Département de la Drôme,4
,cinematographer,Nomint MOTIONDESIGN,4
,producer,Cinema Vendetta,4
,producer,Cooperativa de Trabajo Kaos,4
,producer,Cinexus Bordertown Cafe,4
,editor,Turun Taideakatemia,4
,cinematographer,La Communauté Urbaine de Strasbourg,4
,producer,Cadence Pictures,4
,producer,Ministère de la Culture de la Republique Française,4
,director,Maurício de Souza Produções Cinematográficas,4
m,writer,Sueños Despiertos Prodducciones Cinematográficas S.L.,4
m,writer,China Star Worldwide Distribution,4
m,cinematographer,Hart Sharp Video,4
m,producer,Warner-Golden Village,4
,producer,Hessische Filmförderung,4
,cinematographer,Golden Princess Film Production Limited,4
,writer,XYZ Desarrollos S.A.,4
m,producer,UAP Video GmbH,4
,writer,M.A. Marcondes,4
,writer,DesperaDo,4
,producer,Dedali Opera,4
,writer,Dedali Opera,4
,writer,Idyllwild Arts Academy,4
,producer,Columbia TriStar Comercio Internacional (Madeira) Ltda.,4
,director,Wonderworld Studios,4
,writer,"DíaFragma, Fábrica de Películas",4
m,editor,Nederlandse Programma Stichting (NPS),4
m,director,Département de la Charente,4
,director,Dedali Opera,4
,writer,Autista del signor Mel Gibson Animazioni,4
,cinematographer,Shochiku Home Video,4
,producer,VideoSif,4
,cinematographer,"DíaFragma, Fábrica de Películas",4
m,editor,Des Films,4
m,producer,Wild Side Films,4
,director,TV4 Sweden,4
,cinematographer,Republic Pictures Home Video,4
m,editor,Alamode Film,4
m,producer,Bingo Movie Development,4
m,producer,Iron Oxide Productions,4
,writer,Hellbender Media,4
m,composer,Troma Team Video,4
m,composer,Lauren Films Video Hogar S.A.,4
m,editor,Vessel Films / Under The Sun Films,4
,producer,Warner Home Video France,4
,director,"DíaFragma, Fábrica de Películas",4
,cinematographer,Studio Video a Televizni Tvorby,4
m,producer,Questar Home Video,4
m,editor,Turun Taideakatemia,4
m,producer,Bundesministerium des Inneren (BMI),4
,editor,Dedali Opera,4
,producer,Endemol Italia,4
m,director,Turun Taideakatemia,4
,composer,Jade Films and Entertainment,4
m,director,Vessel Films / Under The Sun Films,4
m,writer,Vessel Films / Under The Sun Films,4
m,producer,Vessel Films / Under The Sun Films,4
,cinematographer,Akademija Dramskih Umjetnosti (ADU),4
m,cinematographer,Warner Home Video Española S.A.,4
,writer,Medusa Video,4
m,cinematographer,Lee Mendelson Film Productions,4
,composer,Usva Videocollectief,4
,cinematographer,Dendy Films,4
,producer,CNR Video,4
,producer,Occidental Media Corp.,4
m,director,Centro Cultural del Cine,4
m,producer,"Dama de Shanghai, La",4
m,producer,Golden Screen,4
,writer,Just For Kids Video,4
m,writer,Centro Cultural del Cine,4
m,editor,Videocine S.A. de C.V.,4
,producer,Secretaría de Cultura de Neuquén,3
,producer,"Ringling School of Art & Design, Sarasota, Florida",3
,composer,C.R.R.A.V. Nord Pas de Calais,3
m,writer,Code Entertainment,3
m,composer,Fonds Film in Vlaanderen,3
,producer,Wonder View Films,3
,writer,Museo Nacional de Culturas Populares,3
,producer,Slide,3
m,cinematographer,Bill Melendez Productions,3
,writer,Soyuz Video,3
,writer,Tecnologico de Monterrey Campus,3
m,director,Collective Development,3
,cinematographer,Centre du Cinéma et de l'Audiovisuel de la Communauté Française de Belgique,3
m,editor,Wonder Works Films,3
m,producer,Golden Girl,3
m,cinematographer,Golden Screen Cinemas,3
,writer,Devils Avalanche Films,3
m,director,Iron Oxide Productions,3
m,director,Red Light District Video,3
,writer,Xunta de Galicia,3
,producer,Secret Hideout Films,3
,producer,DMA Design,3
,writer,ICF Institut Català de Finances,3
m,writer,Iron Oxide Productions,3
,writer,Fladenfilm,3
m,editor,Pathfinder Pictures,3
m,director,Questar Home Video,3
m,cinematographer,Wunderbar Films,3
m,director,Brentwood Home Video,3
m,producer,Michael Alden Productions,3
,writer,A-1 Kino Video,3
m,producer,20th Century Fox de Chile,3
m,director,Viz Video,3
m,director,Televisa S.A. de C.V.,3
m,producer,Deal Productions,3
m,producer,Golden Way Films Ltd.,3
,cinematographer,Academy Entertainment,3
m,director,Fonds Film in Vlaanderen,3
m,composer,Fox Lorber Home Video,3
m,director,Trident Releasing,3
,editor,Cort/Madden Productions,3
m,writer,Odec Kid Cartoons,3
,producer,Grupo Novo de Cinema e TV,3
,writer,Deutsch-Polnische Gesellschaft Chemnitz,3
,writer,Wellmade Entertainment,3
m,director,Wonder Works Films,3
,writer,Rhode Island School of Design,3
,writer,Fox Lorber Home Video,3
m,writer,Added Films International,3
,producer,Olhos de Cão Produções Cinematográficas,3
,cinematographer,Trident Releasing,3
,director,Odec Kid Cartoons,3
m,producer,Chang-Hong Channel Film & Video Co.,3
m,cinematographer,Medusa Video,3
m,cinematographer,Creative Light Worldwide,3
,composer,Taideteollinen korkeakoulu,3
,writer,Les Films De La Perrine,3
m,producer,Black Binder Films,3
,writer,Gouvernement de la Communauté Française de Belgique,3
,producer,Tecnologico de Monterrey Campus,3
,director,Rhode Island School of Design,3
,writer,J:COM On Demand,3
,producer,8th Wonder Media Group,3
m,writer,G.E.R. (Grupo de Estudos e Realizações),3
,writer,Ministry of Culture of the Russian Federation,3
m,producer,WonderWorld Studios,3
,cinematographer,Willmar Andersson AB,3
,editor,Des Films,3
m,producer,Ministère de la Culture Italien,3
m,writer,Paramount Pictures Home Video,3
m,composer,Strand Home Video,3
,cinematographer,Sundance Independent Film Channel,3
,director,Wide-Eyed Entertainment,3
,writer,A Forbidden Love Film Partnership,3
m,writer,"De Mann Entertainment Company, The",3
m,cinematographer,First Independent Pictures,3
,editor,Cine du Monde,3
,cinematographer,Colectivo de Danza Contemporánea Rosita Nillinsky,3
m,director,Fox Lorber Home Video,3
,producer,Tandem Multimédia,3
,writer,Forbidden City Films,3
,writer,Worldtrade Entertainment,3
m,cinematographer,Opéra National de Paris,3
,editor,Outrider Pictures,3
,editor,Valentine Video/Showtime Video Distribution,3
,director,Les Films des Tournelles,3
,producer,Taylor-Made Productions,3
,producer,Les Productions de la Lanterne,3
,writer,RCS Video,3
,writer,Generalitat de Catalunya - Institut Català de les Indústries Culturals (ICIC),3
,editor,Curb Denizen,3
,producer,DiTommaso Pictures in Association with Undertow Productions,3
,composer,Pyramide International,3
m,director,Redeemable Features,3
m,director,Thunderbean Animation,3
,cinematographer,Confounded Films,3
m,producer,Deutsche Columbia TriStar Filmproduktion,3
m,producer,Les Films de l'Isle,3
m,producer,Desiderata Productions,3
m,producer,Medien- und Filmgesellschaft Baden-Württemberg,3
m,producer,Deutsche Columbia Pictures Film Produktion,3
m,producer,Les Films de l'Astre,3
,director,Curb Denizen,3
,producer,Rendez-vous Pictures,3
,writer,Rosen/Bender Productions,3
m,producer,MMDP Munich Movie Development & Production GmbH & Co. Project KG,3
m,composer,Gestmusic Endemol,3
m,composer,Brøderbund Software,3
m,composer,Sabella Dern Entertainment,3
m,director,BBC Video,3
,director,Baldevjiu Productions,3
,producer,Beverly Detroit,3
,director,Ghosthouse Underground,3
m,actress,Buena Vista Home Video,3
,editor,Hochschule der Medien,3
,writer,Guangdong Avlight Culture Industry Development,3
,director,Ideal Standard Film,3
,composer,SuperExploder,3
,producer,Bonneville Worldwide Entertainment,3
m,director,Gestmusic Endemol,3
,writer,Bandeira Entertainment,3
m,producer,HC Video Productions,3
,producer,Winson Video,3
,cinematographer,Globo Vídeo,3
,writer,Brentwood Home Video,3
,editor,Cadence Pictures,3
,producer,Moving Image Development Agency,3
,director,Concorde-Castle Rock/Turner,3
,director,Aditya Video,3
,director,Brentwood Home Video,3
,producer,Paradox Development,3
m,editor,Force Video,3
,writer,"Academy for Creative Media, University of Hawaii at Manoa",3
,writer,Wunderbar Films,3
m,composer,Sega Interactive Development Division,3
,cinematographer,Dirección de Difusión Cultural de la UNAM,3
m,producer,Code 99,3
m,editor,De Volkskrant,3
,writer,Videoclub Misterio,3
,director,Wunderbar Films,3
m,cinematographer,Independent,3
,producer,Motherlode,3
,editor,Trident Releasing,3
,writer,Heavy Melody Music and Sound Design,3
m,actress,Golden Scene,3
m,producer,Filmayer Vídeo,3
m,producer,Cadence Pictures,3
m,editor,Skrik Horror Video,3
,editor,J:COM On Demand,3
,producer,Ministère Libanais de la Culture,3
m,producer,SODEC,3
m,cinematographer,Skrik Horror Video,3
m,producer,Latitude Productions,3
,producer,Les Films de Beyrouth,3
m,writer,Avid Home Video,3
,producer,Fort Video,3
m,actress,Odeon,3
,cinematographer,SNG Film / Studio Nieuwe Gronden,3
,director,"Academy for Creative Media, University of Hawaii at Manoa",3
m,writer,New Puppet Order,3
m,writer,Daiei Home Video,3
m,editor,Lawrence Bender Productions,3
m,director,Star Home Video,3
m,composer,Inside Track Films,3
m,director,InDigEnt (Independent Digital Entertainment),3
,cinematographer,Del Sur Productions,3
m,actress,Columbia TriStar Films de España,3
m,writer,Les Films de l'Espoir,3
,producer,Sydney Underground Films,3
,producer,Condor Vídeo,3
,cinematographer,Plus Video,3
,director,Del Sur Productions,3
m,producer,Mitteldeutsches Filmkontor (MDF),3
,cinematographer,YonderQuest,3
,cinematographer,Al Dente Films,3
,editor,Warner Home Video Española S.A.,3
m,cinematographer,Les Films de l'Etang,3
,cinematographer,Golden Network Asia,3
,producer,Bruno Andrade & Evilasia Poluceno,3
,cinematographer,Vox Video,3
m,cinematographer,New Deal Productions,3
,producer,Royal Opera House Covent Garden,3
,producer,WonderFarm,3
,writer,"Centro de Diseño, Cine y Televisión",3
m,composer,Dear Skyyler Productions,3
,editor,Del Sur Productions,3
m,director,Odean S.A.,3
,cinematographer,DesperaDo,3
,writer,École de La Poudrière,3
,director,"Centro de Diseño, Cine y Televisión",3
m,cinematographer,Odyssey Video,3
m,producer,Videx International,3
m,composer,Eco Filmes/Prisvideo,3
,producer,Italgest Video,3
m,producer,Applause Home Video,3
m,producer,Raedon Video,3
m,director,Tordenfilm AS,3
m,cinematographer,RaiTrade,3
m,cinematographer,Escuela Internacional de Cine y Televisión (EICTV),3
,composer,Universidad de Guadalajara,3
m,composer,Ministère de la Culture de la Republique Française,3
,editor,La Société des Films Sirius,3
,cinematographer,Escola de Imaxe e Son,3
m,producer,Big Idea Pictures,3
,editor,Roadshow Home Video,3
,producer,Hidden Mission Entertainment,3
m,producer,Jordan Crowder Films,3
,cinematographer,Raro Video,3
m,editor,Ivan Tsang Made This,3
m,editor,VideoFilmes,3
m,producer,Strand Home Video,3
m,composer,Xunta de Galicia,3
m,director,Ivan Tsang Made This,3
m,director,Presidenzia del Consiglio del Ministri-Dipartimento dello Spettacolo,3
,cinematographer,CanWest Western Independent Producers Fund,3
m,producer,Independent Film Group,3
,cinematographer,Nea Kinisi Video,3
m,cinematographer,Ivan Tsang Made This,3
,producer,Decima Rosa,3
m,editor,Viz Video,3
m,writer,Ivan Tsang Made This,3
m,composer,Brilliant Idea Group (BIG),3
,cinematographer,Sridevi Productions,3
,writer,Compañía General de la Imagen (CGI),3
m,director,Sudestada Cine,3
,writer,Code Productions,3
m,director,Televisión de Galicia (TVG) S.A.,3
,producer,Wandering Star Pictures,3
m,writer,Sudestada Cine,3
,writer,Al Dente Films,3
,cinematographer,Digital Video Dreams,3
m,writer,Video Omega,3
m,director,Universidad de Guadalajara,3
,cinematographer,Presidenzia del Consiglio del Ministri-Dipartimento dello Spettacolo,3
,director,Al Dente Films,3
m,director,China Star Worldwide Distribution,3
,writer,Coram Deo Studios,3
,cinematographer,First Independent Pictures,3
,producer,Tradewinds Entertainment,3
m,actress,Golden Harvest Company,3
m,director,Xunta de Galicia,3
,writer,Vishaldeep International,3
,cinematographer,Simitar Video,3
m,composer,Edivídeo,3
m,composer,American Dental Association,3
m,writer,Inside Track 2,3
m,director,Demented Features,3
m,composer,Centre du Cinéma et de l'Audiovisuel de la Communauté Française de Belgique,3
m,cinematographer,Miramax Home Video,3
,cinematographer,Creativos Asociados de Radio y Televisión (CARTEL),3
,cinematographer,"Centro de Diseño, Cine y Televisión",3
,cinematographer,Des Films,3
,editor,Nu Visión de Argentina,3
,producer,Newfoundland and Labrador Film Development,3
,producer,Videomaura,3
m,composer,Casa Kafka Pictures Movie Tax Shelter Empowered by Dexia,3
m,cinematographer,Société Française de Production (SFP),3
,writer,Nijenhuis & de Levita Film & TV B.V.,3
,producer,Newfoundland Labrador Film and Video Industry Tax Credit Program,3
,producer,Deadly Films,3
,director,Ace Deuce Entertainment,3
m,writer,Adelita Studios,3
m,composer,Render Insensible,3
,director,Nederlands Film Instituut,3
m,director,Adelita Studios,3
m,composer,Bardel Entertainment,3
,producer,Zondervan,3
,producer,Escuela de Cine de Chile,3
,writer,Accuracy of Death Film Partners,3
,cinematographer,Curb Denizen,3
,cinematographer,Modern Audio (International) Ltd.,3
,producer,Border Productions,3
,producer,Sciapode,3
,producer,Pyramid Home Video,3
m,producer,Videa,3
m,producer,Burnside Distribution Company,3
m,composer,Les Films des Tournelles,3
,editor,Bio-Tide Films (I),3
,cinematographer,Deal,3
,cinematographer,Euripide Productions,3
,producer,Dreidel Films,3
,producer,President Films,3
m,writer,Conquistador Worldwide Media,3
,cinematographer,Blue Rider Pictures,3
,cinematographer,Société Française de Production (SFP),3
,writer,Escuela Internacional de Cine y Televisión (EICTV),3
,writer,American Dental Association,3
,producer,Andrew Adelson Company,3
,producer,DED Films,3
m,director,Les Productions de la Guéville,3
m,producer,J:COM On Demand,3
m,writer,Memorias Del Sabio Producciones,3
,writer,Nintendo Entertainment Analysis and Development (EAD) (I),3
m,director,Productions Desmichelles,3
m,producer,Trade Off Productions,3
m,producer,Videomatica,3
,producer,Delta Video,3
,writer,VCL Video,3
,producer,Delta Airlines,3
,producer,Legal Video,3
m,director,Ministère de la Culture de la Republique Française,3
,cinematographer,Conseil Régional des Pays de la Loire,3
,editor,Nederlands Filmfestival,3
,writer,Unknown Identity,3
,editor,TLA Video,3
m,director,CanWest Western Independent Producers Fund,3
m,producer,Cort/Madden Productions,3
,producer,Capital Cities/ABC Video Enterprises Inc.,3
,producer,Three Headed Monster,3
,producer,Sunset Hill Video,3
m,director,Videofield International,3
,producer,Les Films de l'Isle,3
m,director,DEFA-Studio für Trickfilme,3
m,writer,Casa Kafka Pictures Movie Tax Shelter Empowered by Dexia,3
,director,3 Sides Entertainment,3
,director,Canadian Film or Video Production Tax Credit Program,3
,writer,Westdeutsches Werbefernsehen (WWF),3
,writer,Campede of Stattle,3
,cinematographer,Perro Verde Films,3
m,writer,DEFA-Studio für Trickfilme,3
,director,Nederlands Filmfestival,3
m,producer,Sidereal Productions,3
,cinematographer,Conseil Général de l'Aisne,3
m,writer,Video Vision Entertainment,3
,writer,Deutsche Bundesstiftung Umwelt (DBU),3
,producer,Deya Films,3
,director,Advanced Computing Center for the Arts and Design (ACCAD) / The Ohio State University,3
,producer,Productora Andaluza de Programas S.A.,3
,writer,Nederlands Filmfestival,3
,writer,Filmoteca de la UNAM,3
m,producer,Sin Perdon de Dios,3
m,composer,Golden Princess Amusement Company,3
,writer,Odessa Entertainment,3
,producer,Hérodiade,3
,director,Filmoteca de la UNAM,3
m,composer,Spiderwood Studios,3
m,composer,Spiderwood Animation Productions,3
,director,Video Data Bank,3
m,writer,Trident Releasing,3
m,editor,Ministerio de Cultura,3
,cinematographer,Groupement National des Cinémas de Recherche (GNCR),3
m,writer,Bandeira Entertainment,3
,writer,Nova Home Video,3
,cinematographer,Wiedemann & Berg Television,3
,producer,Demian Communications,3
m,producer,China Star Worldwide Distribution,3
,producer,Alliance Releasing Home Video,3
m,director,Eco Filmes/Prisvideo,3
,writer,Wiedemann & Berg Television,3
,writer,Film Depot,3
,producer,Rocket Pictures Home Video,3
m,composer,Spiderwood Productions,3
,cinematographer,Amuse Video,3
,producer,Adelstein-Parouse Productions,3
,writer,Dex Entertainment,3
,producer,TaylorMade Productions,3
,producer,Dead Serious Films,3
m,director,CIC Video I/S,3
,cinematographer,Code Entertainment,3
,writer,Glyndebourne,3
,director,Hemdale Home Video,3
,composer,Tradewest,3
,producer,Desert Wind,3
m,producer,Faculty of Dramatic Arts Belgrade,3
m,cinematographer,Lynnvander Productions,3
m,composer,Deftone Pictures Studios,3
m,writer,SODEC,3
,writer,Zondervan,3
,writer,Keyweckshide Pictures,3
,writer,Universidad Autonoma de Barcelona (UAB),3
,editor,Willem de Kooning Academie,3
,cinematographer,Odeon Film,3
,cinematographer,Universidad Autonoma de Barcelona (UAB),3
m,writer,La Géode,3
m,cinematographer,Renegade Animation,3
,writer,Studio Hamburg WorldWide Pictures,3
,director,Universidad Autonoma de Barcelona (UAB),3
m,producer,Lee Mendelson Productions,3
m,cinematographer,Contender Films,3
,cinematographer,Odessa Films,3
,editor,Universidad Autonoma de Barcelona (UAB),3
m,cinematographer,China Vídeo,3
,director,Willem de Kooning Academie,3
,cinematographer,Fox-Walden,3
,cinematographer,SF Video,3
m,director,Théâtre Musical de Paris Châtelet,3
,cinematographer,Comme des Cinémas,3
m,writer,La Maison de Ecrivains,3
f,composer,Desperate Visions Productions,3
m,director,USA Home Video,3
,writer,Willem de Kooning Academie,3
,producer,Willem de Kooning Academie,3
,cinematographer,Deutsche Film (DEFA),3
,cinematographer,Twin Video,3
,director,Fonds Eurimages du Conseil de l'Europe,3
,producer,High Definition Pictures,3
,writer,8th Wonder Entertainment,3
m,composer,OZI Escola de Audiovisual de Brasília,3
,producer,Credence Productions,3
f,cinematographer,Niky-Bilder,3
m,composer,Contender Films,3
f,director,Niky-Bilder,3
,cinematographer,Dead Gentlemen Productions,3
,cinematographer,Escuela Internacional de Cine y Televisión (EICTV),3
m,cinematographer,Odeon Video,3
f,producer,Casa de Cinema de Porto Alegre,3
,director,Indipendenti Regionali,3
,cinematographer,Warner Home Video France,3
m,producer,Deftone Pictures Studios,3
m,cinematographer,Instituto Cubano del Arte e Industrias Cinematográficos (ICAIC),3
,producer,Credence Talent,3
m,writer,Deftone Pictures Studios,3
f,actress,China Zhongqiao Development Corporation,3
f,actress,Devil's Rock,3
f,actress,Dexterity Entertainment,3
m,cinematographer,Casa de Cinema de Porto Alegre,3
,cinematographer,Persson-Mothander Film,3
f,editor,Astral Video,3
m,writer,Nippon Film Development and Finance,3
,cinematographer,TV5Monde,3
f,writer,Rizzoli Corriere della Sera Home Video (RCS),3
f,writer,Sabella Dern Entertainment,3
,writer,Adelaide Festival of Arts,3
,producer,Transvídeo,3
f,editor,Deutsche Filmförderfonds (DFFF),3
f,producer,Viz Video,3
f,cinematographer,Destination Films,3
m,director,Deftone Pictures Studios,3
f,director,Bodega Films,3
,writer,ABC Video,3
f,producer,J.J. Sedelmaier Productions,3
,cinematographer,Alfadedis Entertainment,3
m,cinematographer,Nederlandse Omroepstichting (NOS),3
,cinematographer,Video Treasures,3
m,cinematographer,Videotrónica,3
m,editor,Deftone Pictures Studios,3
f,producer,Nouvelles Éditions de Films (NEF),3
f,actress,Greek Dessert Films,3
,producer,Applause Home Video,3
m,editor,Asian Video Wholesalers,3
f,producer,Conquistador Worldwide Media,3
m,writer,KGP Kranzelbinder Gabriele Production,3
m,producer,Cinemex Films S.A. de C.V.,3
m,writer,Alexander/Enright & Associates,3
,cinematographer,Japan Home Video (JHV),3
,director,Trident Releasing,3
,producer,Desselb Productions,3
,director,"Dun Laoghaire Institute of Art, Design and Technology (DLIADT)",3
m,producer,Cappa Defina Productions,3
,cinematographer,DeCantillon Films,3
,cinematographer,Alliance Atlantis Video,3
f,writer,Zürcher Hochschule der Künste,3
m,writer,ETD Home Video,3
m,producer,Deep Blue Pictures,3
,cinematographer,Made in PM,3
f,director,Zürcher Hochschule der Künste,3
f,editor,Filmtrade,3
,writer,Slide,3
,cinematographer,Tartan Video USA,3
,producer,Milestone Film & Video,3
f,producer,High Fliers Video Distribution,3
f,actress,Sunnyside Down Productions,3
,director,Hart Sharp Video,3
,producer,Fladenfilm,3
,producer,Deerbear Films,3
,writer,Casa de Cinema de Porto Alegre,3
m,writer,designWELL,3
,cinematographer,Les Aventuriers de l'Image,3
,cinematographer,Film Development Fund of Hong Kong,3
,editor,Providential Pictures Inc.,3
f,composer,Région Ile-de-France,3
f,producer,Renegade Animation,3
,producer,Like Minded Media,3
f,writer,Columbia Home Video,3
,producer,Fades 2 Black Media Group,3
f,actress,Nederlandse Christelijke Radio Vereniging (NCRV),3
f,producer,Confounded Films,3
m,producer,FilmFour Video,3
f,editor,Der KurzFilmVerleih,3
,producer,Video Omega,3
,editor,Escuela Internacional de Cine y Televisión (EICTV),3
,cinematographer,Burnside Entertainment,3
m,editor,EI (Exposure Index) Independent Cinema,3
f,actress,New Puppet Order,3
m,writer,AIP Home Video,3
,writer,"Dun Laoghaire Institute of Art, Design and Technology (DLIADT)",3
f,writer,Barney Home Video,3
m,composer,Cines Unidos de Venezuela,3
m,writer,The Wooden Lens,3
m,director,Random House Home Video,3
,producer,"Dun Laoghaire Institute of Art, Design and Technology (DLIADT)",3
f,producer,Varus Video,3
f,producer,Verenigde Arbeiders Radio Amateurs (VARA),3
f,writer,Video Treasures,3
f,writer,Asia Video Publishing Co. Ltd.,3
,editor,Wonderful Works,3
m,writer,HilfertyHouse / Wundergeez,3
m,cinematographer,York Home Video,3
,writer,Lloyds Home Vídeo,3
f,actress,Tradewinds Entertainment,3
f,producer,Lumière Home Vídeo,3
,cinematographer,Atlantide Entertainment,3
f,writer,Savannah College of Art & Design,3
f,producer,Warner Home Video Española S.A.,3
m,writer,Faculty of Dramatic Arts Belgrade,3
f,director,CIC Video,3
,editor,Dead Gentlemen Productions,3
f,producer,Ontario Media Development Corporation (OMDC),3
,director,Golden Lions Films,3
m,editor,Orion Home Video,3
m,director,Nickelodeon/MTV Networks,3
m,director,Milestone Film & Video,3
f,actress,Hyderabad Innovatives,3
m,editor,Bandeira Entertainment,3
,director,Casa de Cinema de Porto Alegre,3
,composer,SNG Film / Studio Nieuwe Gronden,3
m,editor,Rizzoli Corriere della Sera Home Video (RCS),3
m,writer,Willmar Andersson AB,3
,writer,Bright Idea Entertainment,3
m,director,Savannah College of Art & Design,3
,writer,Ministère de la Culture et de la Francophonie,3
m,director,De Smet Films,3
,writer,GMA Records Home Video,3
m,producer,"BKM, kulturelle Filmförderung des Bundes",3
,producer,Thunder Bay Pictures,3
f,editor,Télévision Suisse-Romande (TSR),3
,editor,Film Dept.,3
f,composer,Der KurzFilmVerleih,3
m,director,Vestron Video,3
f,composer,LK-TEL Vídeo,3
,writer,Golden Lions Films,3
,director,Televisió de Catalunya (TV3),3
,producer,Independence Film Group,3
m,director,Willmar Andersson AB,3
f,actress,Condor Video,3
,producer,Golden Lions Films,3
,writer,Shooting Star Video Distribution BV,3
m,director,Studio Arkadena,3
,editor,The National Film and Video Foundation of SA,3
,editor,Outsider Films,3
f,director,Les Films de l'Arlequin,3
f,producer,Shemaroo Video Pvt. Ltd.,3
f,actress,Palau de les Arts Reina Sofía,3
m,writer,Centro Universitario de Estudios Cinematográficos (CUEC),3
f,actress,Made In Madras,3
m,director,Centro Universitario de Estudios Cinematográficos (CUEC),3
f,cinematographer,Regal Home Video,3
f,actress,Instituto Nacional Autónomo de Cinematografía,3
f,writer,Odessa Films,3
,writer,Bournemouth & Poole College of Art and Design,3
f,producer,New Video,3
,director,VideoFilmes,3
m,producer,Instituto de Tecnología de Información de Jalisco (IJALTI ),3
,director,Dendy Films,3
,producer,Priapic Video,3
,composer,Kuratorium Junger Deutscher Film,3
m,producer,Academia de Cine de Guadalajara (ACINEG),3
,cinematographer,Escuela de Cine de Chile,3
,editor,Hollywood Independents,3
,director,Mitteldeutsche Medienförderung (MDM),3
,cinematographer,Lahden Muotoiluinstituutti,3
m,director,Alberta Film Development Program of the Alberta Government,3
m,writer,Golden Books Family Entertainment,3
m,composer,Fondo de Fomento a la Calidad Cinematográfica,3
f,actress,Le Théâtre Français de la Musique,3
f,producer,WonderWorks,3
f,producer,Ghosthouse Underground,3
f,actress,New Vision de Mexico S.A.,3
,writer,Casa Kafka Pictures Movie Tax Shelter Empowered by Dexia,3
m,producer,Tandem Pictures,3
f,actress,Delta Film,3
,cinematographer,Conseil Général des Côtes d'Armor,3
f,actress,Media for Development Trust,3
f,producer,Sony Wonder,3
,editor,Mitteldeutsche Medienförderung (MDM),3
f,actress,"Decca Record Company, The",3
m,writer,Ontario Media Development Corporation (OMDC),3
f,writer,Office Fédéral de la Culture,3
f,director,Office Fédéral de la Culture,3
,producer,Blonde Melon,3
m,director,Ontario Media Development Corporation (OMDC),3
m,producer,Delphine Software Interactive,3
m,writer,Star Home Video,3
,cinematographer,Euripide Distribution,3
f,writer,InDigEnt (Independent Digital Entertainment),3
,writer,Identidade Produções,3
m,cinematographer,Dear Skyyler Productions,3
,director,Identidade Produções,3
,producer,Independent Pictures (III),3
m,writer,Fidecine,3
f,actress,Hidden Films Studios,3
m,producer,Lloyds Home Vídeo,3
m,composer,Presidenzia del Consiglio del Ministri-Dipartimento dello Spettacolo,3
f,producer,Roadshow Home Video,3
f,actress,La Compagnie des Petites Merveilles,3
,cinematographer,Canadian Film or Video Production Tax Credit Program,3
f,actress,Deutsche Bundesstiftung Umwelt (DBU),3
,writer,Département de la Drôme,3
f,actress,Escuela de Cine de Chile,3
f,producer,Vendetta Pictures,3
f,actress,Paramount Video (PV),3
m,writer,Euripide Distribution,3
m,writer,Midnight Video,3
m,writer,Hollywood Video,3
f,composer,Highlight Video,3
f,editor,Det Danske Filminstitut,3
f,writer,Le Fresnoy Studio National des Arts Contemporains,3
m,producer,Studio DEEN,3
m,writer,Conseil Régional des Pays de la Loire,3
f,actress,Nahdet Masr Films,3
f,director,Le Fresnoy Studio National des Arts Contemporains,3
f,actress,Lakeside Concepts,3
m,writer,Dentsu Tec,3
,cinematographer,Universidade Federal Fluminense (UFF),3
,cinematographer,Ayngaran Video,3
m,composer,ST2 Vídeo,3
m,director,Wayfinder Films,3
f,actress,Pasadena Films,3
,writer,Force Video,3
f,producer,Bezalel Academy of Arts and Design,3
f,writer,Bezalel Academy of Arts and Design,3
f,director,Bezalel Academy of Arts and Design,3
,writer,Borde Releasing,3
f,editor,Bezalel Academy of Arts and Design,3
m,producer,Presidenzia del Consiglio del Ministri-Dipartimento dello Spettacolo,3
f,producer,Les Films du Lendemain,3
,writer,Surinder Films,3
m,director,Conseil Régional des Pays de la Loire,3
,producer,Hyderabad Innovatives,3
f,director,Concorde Film,3
,writer,Another Dimension of an Idea,3
f,editor,Bona Fide Productions,3
,cinematographer,Faculty of Dramatic Arts Belgrade,3
,cinematographer,Videoflick,3
f,producer,Eden Wurmfeld Films,3
f,writer,Eden Wurmfeld Films,3
m,writer,Brideshead Films,3
,producer,Golden Way Films Ltd.,3
f,actress,Del Sur Productions,3
f,editor,Neue Deutsche Filmgesellschaft (NDF),3
,writer,Newlink Development,3
,producer,Videoimpulse,3
,cinematographer,Strand Home Video,3
m,editor,Ivory Music & Video,3
,cinematographer,Theatre de Poche,3
m,composer,Central Independent Television,3
m,editor,Metrodome Video Ltd.,3
m,writer,Deuce Three Productions,3
f,producer,Delta Music & Entertainment,3
f,editor,Dendy Films,3
m,editor,Les Films de l'Arlequin,3
f,writer,Alamode Film,3
m,writer,Den Danske Filmskole,3
,director,Sabella Dern Entertainment,3
,editor,Corte y Confección de películas,3
,writer,Tandem Multimédia,3
,producer,Look Vídeo,3
,producer,Deal,3
,writer,On Deck Interactive,3
m,writer,Les Films de l'Etang,3
m,director,Les Films de l'Etang,3
f,actress,Outsider Diffusion,3
,producer,Brilliant Idea Group (BIG),3
f,producer,Santo Domingo Film & Music Video,3
,cinematographer,Star Home Video,3
m,producer,Sky Eagle Worldwide Holdings,3
f,producer,Delanic Films,3
f,producer,Paramount Pictures Home Video,3
m,producer,Thunderhead Productions,3
f,writer,Nickelodeon Studios,3
,writer,LA Independent Film & Entertainment L.I.F.E.,3
m,producer,CH Media Berlin Brandenburg GmbH & Co. KG,3
m,cinematographer,Euripide Distribution,3
f,actress,Skillset Screen Academy Wales,3
,composer,Stedelijk Hoger Instituut voor Visuele Kommunikatie en Vormgeving Genk,3
f,actress,Video Junkie,3
f,producer,SODEC,3
m,producer,Winson Video,3
,editor,Golden Princess Film Production Limited,3
m,composer,ABC Video,3
f,actress,Korean Academy of Film Arts,3
,cinematographer,Indipendenti Regionali,3
f,actress,Crea Video Oy,3
m,director,Amuse Video,3
f,actress,Polyband & Toppic Video / WVG,3
m,editor,Bona Fide Productions,3
m,editor,Escuela de Cinematografía y Actuación de Monterrey The Films Workshops,3
,director,Delta Pictures,3
f,cinematographer,Prorom Media-Trade,3
f,writer,Sony Pictures Video,3
m,producer,NBC Home Video,3
,writer,AKB Delovaya Rossiya,3
,writer,Nistal de Luna,3
m,composer,Sony Music Video (SMV) Enterprises,3
m,producer,Video Screen,3
,writer,Mark Borde Films,3
f,writer,Concorde-New Horizons,3
,producer,Ardent Films,3
,composer,Tel Aviv University Film & Television Department,3
m,writer,Mitteldeutsches Filmkontor (MDF),3
m,writer,Indipendenti Regionali,3
f,writer,Videovox Stúdió,3
m,producer,Tandem Productions (II),3
,composer,Video Vision Entertainment,3
m,director,Indipendenti Regionali,3
f,director,Plus Video,3
m,producer,Vivivideo,3
f,writer,20th Century Fox de Venezuela,3
f,actress,YonderQuest,3
f,producer,YonderQuest,3
f,producer,Spark Worldwide,3
,producer,Belvedere Entertainment,3
,writer,Made in PM,3
,composer,Newlink Development,3
,writer,Miramax Home Video,3
m,editor,Celebrity Video Distribution,3
f,composer,Viz Video,3
m,producer,Warner Home Video France,3
,writer,Sociedad General de Cine (SOGECINE) S.A.,3
m,producer,In Spades Productions,3
m,composer,Transvídeo,3
,producer,Armazém de Imagens,3
f,actress,New Eagle Video,3
,producer,Derf Films,3
f,actress,Ravinder Grewal Productions,3
f,actress,Adela Media,3
f,actress,Ravinder Grewal Productoins,3
,producer,Nina Saxon Film Design,3
f,actress,Fox/Lorber Video,3
,writer,De Nederlandse Opera (Amsterdam),3
m,writer,Myndflame/Dementia,3
,editor,Theatre de Poche,3
f,producer,Tapeworm Video Distributors,3
,director,Buena Vista International (Sweden),3
,composer,Curb Denizen,3
m,writer,Deutsche Film (DEFA),3
m,composer,Abode,3
f,actress,Famous Video,3
,director,Wide Frame Pictures,3
m,cinematographer,Fidelio,3
m,composer,Trident Releasing,3
,writer,Opéra de Lyon,3
,editor,Plus Video,3
m,producer,Ide Productions,3
m,editor,CanWest Western Independent Producers Fund,3
f,actress,Empire Videos,3
f,writer,Universal Pictures Video,3
,composer,Centro Cultural del Cine,3
,producer,Vestron Video International,3
f,actress,I Sell My Tricks for Wooden Nickels,3
f,producer,Amazon Instant Video,3
f,writer,Amazon Instant Video,3
f,actress,Association of Independent Video and Filmmakers (AIVF),3
,producer,Delta Vidéo Diffusion,3
f,writer,Asian Video Wholesalers,3
,writer,Le Théâtre Français de la Musique,3
m,director,DVD Deluxe Distributors,3
,director,Concorde-New Horizons,3
m,director,Escuela de Cinema y Audiovisual Comunidad de Madrid (ECAM),3
,writer,Institut National de l'Audiovisuel (INA),3
m,composer,Penta Vídeo,3
m,editor,DVD Deluxe Distributors,3
,producer,Les Ateliers de l'Arche,3
m,composer,Aditya Video,3
f,actress,Alpha Denshi Co. Ltd.,3
,composer,Odeon Entertainment,3
,composer,Codeblack Entertainment,3
m,writer,Eden,3
m,composer,Delaney & Friends Cartoon Productions,3
m,writer,Independent Online Cinema,3
,writer,Bride Productions,3
,director,Academy Films,3
m,producer,Alfadedis Entertainment,3
f,producer,Deal,3
,writer,Gestmusic Endemol,3
,writer,Dexia,3
f,producer,Wild Side Vidéo,3
,composer,Double Wide Media,3
m,editor,Bill Melendez Productions,3
f,actress,Evergreen Video,3
m,director,Thought Collide Productions,3
,director,De La Salle - College of Saint Benilde,3
f,actress,Character Builders,3
m,cinematographer,Escuela de Cinema y Audiovisual Comunidad de Madrid (ECAM),3
f,producer,Golden Mean,3
m,director,Covent Garden Pioneer FSP,3
,writer,De La Salle - College of Saint Benilde,3
m,director,Nederlandse Omroepstichting (NOS),3
f,producer,XYZ Desarrollos S.A.,3
m,producer,Oldenburg International Filmfestival,3
m,producer,Tandem Filmproduktion,3
m,director,Transvídeo,3
m,producer,Independent Online Cinema,3
,writer,Academy of Art University San Francisco,3
,producer,De La Salle - College of Saint Benilde,3
f,producer,Alliance Video,3
,cinematographer,Codeblack Entertainment,3
,writer,Sridevi Productions,3
,writer,Supercollider Ltd.,3
m,composer,Escola Superior de Cinema i Audiovisuals de Catalunya (ESCAC),3
f,actress,Video! Video!,3
m,director,WonderWorks,3
,producer,Taurus Film Video GmbH,3
m,writer,Les Derniers de Classe,3
f,actress,Time-Life Video & Television,3
f,producer,Iron Oxide Productions,3
,director,Wide Management,3
,composer,Scanner-Rhodes Productions,3
m,composer,First Independent Pictures,3
m,director,Les Films du Lendemain,3
m,cinematographer,Turner Pictures Worldwide,3
f,actress,LCA Gaiden Productions,3
m,writer,Productions Paul Lederman,3
m,editor,Les Derniers de Classe,3
,producer,General Video,3
,cinematographer,MTV Networks de Mexico,3
m,producer,"Cinema Design, Belgrade",3
f,actress,Gweilo Video,3
f,actress,P.C. Saint Denis S.L.,3
,producer,Velarde Films S.L.,3
f,actress,"Sword of Alexander Production Companies, The",3
f,composer,Líder Films,3
m,director,"Cinema Design, Belgrade",3
f,director,MTI Home Video,3
m,composer,Allied Artists Home Video,3
f,director,Contender Films,3
m,director,Nova Home Video,3
m,editor,Videoville Showtime,3
f,actress,Y's Ideas,3
f,producer,Ostdeutscher Rundfunk Brandenburg (ORB),3
,producer,Jonas al dente,3
f,writer,SF Video,3
m,producer,Compagnie des Phares et Balises,3
,cinematographer,Cinema Products Video,3
f,writer,Ministère de la Culture et de la Communication,3
f,writer,Ministère de la Communauté Française de Belgique,3
m,producer,Added Entertainment,3
,producer,Movies Independent,3
,writer,CNR Video,3
,writer,Ivory Music & Video,3
m,producer,Sabella Dern Entertainment,3
,composer,Ontario Media Development Corporation (OMDC),3
m,producer,Delphis Films,3
,director,IMAX Sandde Animation,3
,writer,Accolade,3
f,actress,Pandemic Studios,3
m,editor,SpiderCircle Films,3
m,cinematographer,Demented Features,3
,writer,Dedica Group,3
m,producer,Underground,3
,editor,Trimark Video,3
,producer,Bride For Christmas Productions,3
,writer,Odessa Films,3
m,writer,Wide Frame Pictures,3
m,producer,Deepa Mehta Films,3
f,actress,Dellarocco Studios,3
f,writer,Discovery Film & Video Distribution,3
,writer,Macari / Edelstein,3
f,actress,Pilton Video,3
f,actress,La Géode,3
,composer,Independent Television Service (ITVS),3
m,editor,A&E Home Video,3
,composer,Universidad Autonoma de Barcelona (UAB),3
m,director,Ayngaran Video,3
m,editor,CBS/Fox Home Video,3
f,producer,Conseil Général de l'Indre,3
f,producer,Les Films de la Boissière,3
,composer,Studio Babelsberg Independents,3
f,producer,SM Development Corporation (SMDC),3
m,director,Ghosthouse Underground,3
f,actress,Snowden Fine Animation,3
m,composer,Instituto Latinoamericano de la Comunicacion (ILCE),3
,director,Fondo para la Producción Cinematográfica de Calidad (FOPROCINE),3
,composer,Deal,3
,composer,Hart Sharp Video,3
f,producer,Creative Light Worldwide,3
,composer,Sopa de Sobre Dibujos Animados,3
,director,Academy of Art University San Francisco,3
f,writer,Deutsche Film- und Fernsehakademie Berlin (DFFB),3
,producer,Theatre de Poche,3
,composer,Renegade Animation,3
m,writer,Fonds Film in Vlaanderen,3
m,editor,Raro Video,3
m,producer,Borden and Rosenbush Entertainment,3
f,director,Fox Lorber Home Video,3
f,composer,Zweites Deutsches Fernsehen (ZDF),3
,director,Wiedemann & Berg Television,3
,composer,Demian,3
,writer,P.C. Saint Denis S.L.,3
,producer,Netherlands Institute for Media Art / Montevideo TBA,3
,composer,Eden Wurmfeld Films,3
,writer,Wonderworld Studios,3
,cinematographer,3 Sides Entertainment,3
,editor,Confounded Films,3
m,composer,Secretaría de Educación Pública,3
m,director,Big Sky Video,3
,producer,Renegade Pictures (II),3
,writer,Sunnyside Down Productions,3
,composer,Warner Independent Pictures (WIP),3
,composer,Odessa Film Studios,3
f,editor,Société de Développement des Entreprises Culturelles (SODEC),3
,writer,Warner Home Video Española S.A.,3
m,producer,Vox Video,3
m,composer,Sociedade Independente de Comunicação (SIC),3
m,composer,Centre National du Cinéma et de L'image Animée (CNC),3
,composer,Demarest Films,3
,cinematographer,Centauro Films de Colombia,3
m,director,Golden Book Video,3
f,actress,Coded Transmission Studios,3
m,cinematographer,Rundfunk Berlin-Brandenburg (RBB),3
,producer,Something Weird Video (SWV),3
,writer,Greenwood/Cooper Video,3
,producer,Nederlands Film Instituut,3
m,cinematographer,GoodTimes Home Video,3
f,actress,Hallmark Video,3
,director,Surrey Institute of Art & Design,3
f,producer,Xunta de Galicia,3
,editor,Wayfinder Films,3
,editor,Nuova Accademia delle Belle Arti (NABA),3
f,producer,Cineplex-Odeon Home Video,3
f,producer,Cineplex-Odeon Films,3
f,actress,Spicer Producciones S.A. de C.V.,3
,editor,Fleur De Lis Film Studios,3
,director,Région Nord-Pas-de-Calais,3
m,producer,Videovision Entertainment,3
f,producer,Ministerio de Cultura,3
,producer,Stimuleringsfonds Nederlandse Culturele Omroepproducties,3
,composer,Bournemouth & Poole College of Art and Design,3
,producer,Video Collection International,3
m,composer,Deep River Productions,3
,writer,Région Nord-Pas-de-Calais,3
,producer,Academy of Amusement Media,3
m,producer,Rudderpost Films,3
,producer,Concorde Media,3
f,actress,"CEV, Escuela Superior de Comunicación, Imagen y Sonido",3
m,producer,DAVE School Students Productions,3
,composer,Casa Kafka Pictures Movie Tax Shelter Empowered by Dexia,3
,writer,USA Home Video,3
f,actress,Association Coopérative des Productions Audio-Visuelles (ACPAV),3
f,actress,Accuracy of Death Film Partners,3
,composer,Cinema Reloaded,3
,writer,PolyGram Home Video,3
,director,Republic Pictures Home Video,3
m,director,Kinderkanal,3
f,writer,Wild Side Vidéo,3
f,editor,Primer Plano Film Group Video,3
,composer,Les Films des Tournelles,3
f,actress,Delta Filmverleih,3
,producer,Faculty of Dramatic Arts Belgrade,3
,editor,Colectivo de Danza Contemporánea Rosita Nillinsky,3
m,writer,Video Collection International,3
m,writer,Academy Pictures,3
m,producer,Media Development Authority (MDA),3
,editor,Craig Anderson Productions,3
f,actress,defa-spektrum Filmverleih,3
,composer,Delfin Studio,3
m,composer,Nu Visión de Argentina,3
m,producer,Fábrica Brasileira de Imagens,3
m,producer,Krauss-DeGrazier,3
,director,Recorded Picture Company (RPC),3
f,editor,Cascade Film,3
f,actress,Shades of Utopia Productions,3
f,producer,Oldenburg International Filmfestival,3
,writer,RendezVous Films,3
,composer,Les Films de l'Etang,3
f,actress,Film Dept.,3
f,writer,Alambique Destilaria de Ideias Unipessoal,3
m,producer,Arrow Film & Video,3
,composer,Nickelodeon Studios,3
m,cinematographer,YonderQuest,3
m,writer,VTI Home Vídeo,3
,producer,Nouvelles Editions de Films (NEF),3
,composer,Randum Video,3
,composer,Turun Taideakatemia,3
,producer,Zoë Mode,3
,producer,Liquid Amber Design,3
m,composer,Shochiku Home Video,3
f,editor,Golden Village,3
f,editor,Academy Entertainment,3
m,cinematographer,BOB Film Sweden AB,3
m,producer,Confounded Films,3
f,actress,Ivan Tsang Made This,3
m,writer,Under the Influence,3
,producer,Independent Artists Unite,3
,producer,Wandering Hat,3
f,producer,Wonder Works Films,3
,writer,Most Video,3
m,producer,PBS Video,3
f,producer,Concorde Pictures,3
,composer,Radiant Design,3
,producer,Cappa Defina Productions,3
f,producer,New Concorde Home Entertainment,3
f,producer,New Horizons Home Video,3
,composer,DVD Deluxe Distributors,3
,composer,Video Vigilantes,3
f,actress,Caballero Home Video,3
,composer,Hyde Park Entertainment,3
f,writer,Fox-Walden,3
f,editor,Discovery Film & Video Distribution,3
m,cinematographer,Dino De Laurentiis Company,3
,editor,Videotrónica,3
f,producer,Independent Television Service (ITVS),3
m,editor,Equipment & Film Design,3
m,producer,CBS / Fox Video,3
m,writer,Asociacion Mexicana de Cineastas Independientes (AMCI),3
,cinematographer,ICF Institut Català de Finances,3
,editor,Wonderboy Entertainment,3
,writer,Amsterdamse Hogeschool voor de Kunsten,3
,director,Codeblack Entertainment,3
f,actress,Universidad Politécnica de Valencia,3
m,director,Arrow Video,3
,editor,Delta MoviesLLC,3
m,editor,Mitteldeutscher Rundfunk (MDR),3
m,editor,Tandem Communications,3
,cinematographer,Loterie Nationale de Belgique,3
m,producer,Condor Video,3
m,editor,Ostdeutscher Rundfunk Brandenburg (ORB),3
f,producer,Krauss-DeGrazier,3
m,director,Asociacion Mexicana de Cineastas Independientes (AMCI),3
m,producer,Verdecchi Film,3
,composer,Dandelion,3
,producer,Transcendental Audio,3
m,editor,Wonderphil Productions,3
m,director,Wonderphil Productions,3
,composer,Casa de Cinema de Porto Alegre,3
m,producer,Thunderhead Films,3
,composer,Deutsche Columbia TriStar Filmproduktion,3
f,actress,Amsterdamse Hogeschool voor de Kunsten,3
,composer,Région Nord-Pas-de-Calais,3
m,producer,Hellas Cosmos Video,3
,composer,Sky Eagle Worldwide Holdings,3
m,editor,Degeto Film,3
m,producer,Edelvais,3
f,actress,Instituto de Cultura de Yucatan,3
f,actress,Dep Distribution,3
,composer,Film Dept.,3
,composer,Hochschule der Medien,3
m,editor,Palisades Pictures,3
m,editor,Ateliers de Baere,3
,director,Persson-Mothander Film,3
,cinematographer,Zeitgeist Video,3
m,producer,InterCanadian Video Sales Inc.,3
,writer,Hollywood Video,3
,composer,Dentsu Motion Pictures,3
,composer,Turner Home Video,3
m,director,Modern Times,3
,composer,Salt City Home Video,3
,director,Hollywood Video,3
,composer,Des Films,3
,composer,Evergreen Video,3
m,cinematographer,Bandeira Entertainment,3
f,producer,Underground Railroad Company,3
f,actress,Theatre de Poche,3
m,director,Greenwood/Cooper Video,3
f,producer,"Dama de Shanghai, La",3
f,actress,Filmtrade - Spentzos Film,3
,composer,Golden Shadow Pictures,3
,composer,Filmakademie Ludwigsburg,3
f,actress,Alamode Filmverleih,3
m,composer,DesperaDo,3
,composer,Alliance Home Video,3
m,producer,Société Générale des Industries Culturelles du Québec (SOGIC),3
,editor,Ignacio Benedeti Cinema,3
,composer,Metropolitan Film & Video,3
,cinematographer,Les Films de l'Atalante,3
f,producer,Filmboard Berlin-Brandenburg (FBB),3
,composer,Yodel Industries,3
,producer,Hollywood Video,3
,producer,Finnkino Video,3
,producer,Deep Space Cartoons,3
f,actress,Studio Vandersteen,3
f,actress,Flanders Audiovisual Fund (VAF),3
m,director,Thunder Road Pictures,3
,composer,"Branden Blinn Media Group, The",3
m,cinematographer,Citadel Entertainment,3
f,producer,Odeon Film,3
f,producer,PBS Home Video,3
f,actress,Bayerische Landeszentrale für neue Medien (BLM),3
m,producer,Desperate Visions Productions,3
m,writer,Desperate Visions Productions,3
m,director,Desperate Visions Productions,3
,cinematographer,Ministerio de Cultura,3
f,actress,Commission Télévision de la Procirep,3
m,editor,Turner Pictures Worldwide,3
f,actress,Süddeutscher Rundfunk (SDR),3
m,cinematographer,CNR Video,3
f,writer,Wanda Distribución Cinematográfica de Films S.A.,3
f,actress,Universidad Carlos III de Madrid,3
m,editor,Desperate Visions Productions,3
,director,ST2 Vídeo,3
,director,Odeon Films,3
,producer,Felder Pomus Entertainment,3
m,composer,Freunde der Deutschen Kinemathek,3
m,cinematographer,United Video,3
,editor,Hochschule für Bildende Künste Hamburg,3
,composer,Canadian Film or Video Production Tax Credit Program,3
,composer,Odessa Films,3
m,producer,Opéra National de Paris,3
,composer,Bill Melendez Productions,3
f,editor,Entertainment in Video,3
m,editor,"Film Department, The",3
m,producer,Département Fédéral de l'Intérieur,3
,composer,Centre National du Cinéma et de L'image Animée (CNC),3
f,actress,Les films de la Gaïole,3
m,producer,Under The Tower Productions,3
,editor,Lahden Muotoiluinstituutti,3
m,writer,Library Video Company,3
f,actress,Golden Llave Films,3
f,actress,DeCantillon Films,3
,composer,Frontier Developments,3
m,director,Twister Digital Video,3
m,writer,Transvídeo,3
f,writer,PolyGram Video,3
f,editor,Loterie Nationale de Belgique,3
,producer,Koba Films Video,3
,composer,ICF Institut Català de Finances,3
,writer,Ganzanderes Animation,3
m,composer,Wonder Works Films,3
f,producer,Videoville Showtime,3
,producer,Ministère des Affaires Etrangères et Européennes,3
f,editor,Bandeira Entertainment,3
,composer,HandMade Films,3
,writer,Beijing Film Academy,3
m,writer,Denison Entertainment,3
,director,Videoservice,3
m,producer,Real Blonde Productions Corp.,3
f,producer,Little Wonder Productions,3
f,actress,Région des Pays-de-la-Loire,3
m,producer,Taylor-Made Productions,3
,composer,Wild Side Films,3
m,cinematographer,Légende Entreprises,3
f,actress,Hi-Tech Video,3
,composer,Tracey Alexander Productions,3
m,producer,Library Video Company,3
,composer,Confident Films,3
,producer,Dementia7 Studios LLC,3
f,editor,Instituto Mexicano de Cinematografía (IMCINE),3
,director,Concorde Film,3
,composer,USA Home Video,3
,producer,Haus der Kunst,3
,director,ABC Video,3
m,writer,Border Productions,3
,producer,Elsevier-Vendex Film Beheer,3
m,writer,Compagnie des Films,3
m,composer,Alliance Atlantis Video,3
,editor,C.R.R.A.V. Nord Pas de Calais,3
,composer,De Efteling B.V.,3
,director,Nickelodeon Productions,3
,composer,José Auzmendi Lizarralde,3
f,actress,Galaxia Digital Video,3
,director,Demian,3
m,writer,Vestron Video International,3
,producer,Canadian Independent Film and Video Fund,3
,editor,Région Nord-Pas-de-Calais,3
,writer,Demian,3
,producer,Universitat de Barcelona,3
,composer,Impuls Video,3
,composer,DEFA-Studio Babelsberg GmbH,3
m,director,Providence Films,3
,composer,Cannes Home Vídeo,3
m,producer,Deutsche Grammophon,3
,editor,Orion Home Video,3
,composer,Wiedemann & Berg Television,3
,producer,Modern Times,3
,editor,American Dental Association,3
f,writer,RiverWide Productions,3
m,producer,Tri Destined Independent,3
f,writer,Ripley's Home Video,3
,writer,Edivídeo,3
m,director,Deal,3
m,writer,Concorde Filmed Entertainment,3
f,director,Palisades Tartan,3
f,producer,VideoFilmes,3
f,producer,Baggy Underpants,3
,composer,Video Palace,3
f,writer,Baggy Underpants,3
f,actress,Gatorade,3
m,cinematographer,BenderSpink,3
,writer,Theatre de Poche,3
m,director,Departament de Cultura de la Generalitat de Catalunya,3
,composer,Crystal Sky Worldwide,3
f,director,DEJ Productions,3
,cinematographer,Tri Destined Studios,3
f,writer,Medienboard Berlin-Brandenburg,3
m,composer,Bill Melendez Productions,3
,director,Trimark Home Video,3
m,editor,Golden Village,3
m,producer,Cinétudes Films,3
m,writer,MMDP Munich Movie Development & Production GmbH & Co. Project KG,3
,editor,Flipside Lab,3
,composer,Amuse Video,3
m,producer,Buena Vista Home Video (BVHV),3
m,composer,Golden Mean,3
,writer,Underground Film & TV Productions,3
m,writer,Buena Vista Home Video (BVHV),3
f,producer,Bevis Film and Video,3
,composer,La Communauté Urbaine de Strasbourg,3
f,actress,de Prume Productions,3
m,producer,Fidelity Films,3
,producer,Wolfgang Odelga Filmproduktion GmbH,3
f,producer,Deer Path Productions,3
f,actress,High Definition Pictures,3
,director,Theatre de Poche,3
m,producer,Conseil Général des Côtes d'Armor,3
m,editor,New Concorde Home Entertainment,3
,composer,Big Sky Video,3
m,writer,Render Insensible,3
,producer,Douglas Anderson School of the Arts,3
,producer,Ideal Standard Film,3
f,producer,De Fina-Cappa,3
,writer,Viderent,3
m,producer,Idea,3
,producer,"Vigor Mortis - Video, stage & words",3
,composer,Le Dernier Cri,3
f,producer,Dino De Laurentiis Company,3
m,producer,Conseil Régional de Bretagne,3
,director,Videal GmbH,3
m,writer,Pro Video Film & Distribution Kft.,3
,director,Flipside Lab,3
m,cinematographer,DVD Deluxe Distributors,3
,composer,Ministère de la Culture et de la Francophonie,3
m,composer,Low Definition Films,3
,composer,Wonderphil Productions,3
,producer,Worldwide Media,3
m,producer,Otto Desenhos Animados,3
m,cinematographer,Fondo para la Producción Cinematográfica de Calidad (FOPROCINE),3
m,producer,Rainbow Home Video,3
,composer,Soyuz Video,3
m,cinematographer,The Czech Republic State Fund for Support and Development of Cinematography,3
,composer,Towa Video,3
f,actress,Aslander Productions,3
,writer,Deutsche Columbia TriStar Filmproduktion,3
,producer,AVU-Video-Vertriebs-GmbH,3
,editor,Eden Wurmfeld Films,3
,composer,Filmboard Berlin-Brandenburg (FBB),3
,composer,York Home Video,3
,producer,American Independent Productions,3
,producer,EI (Exposure Index) Independent Cinema,3
m,producer,WonderWorks,3
,composer,"Gobelins, l'Ecole de l'Image",3
,director,Ekaterinburg Art Home Video (EAHV),3
f,actress,Ideal Grace Production Company,3
m,writer,SuperExploder,3
f,director,Viz Video,3
f,director,Malofilm Home Video,3
f,actress,Sridevi Art Movies,3
f,actress,Golden Mark Film Distribution,3
,composer,Brentwood Home Video,3
f,producer,Academy Entertainment,3
,editor,Les Productions de la Guéville,3
f,actress,Fidelis Films,3
m,producer,Conseil Régional de Picardie,3
,director,Wiedemann & Berg Filmproduktion,3
f,cinematographer,Groupement National des Cinémas de Recherche (GNCR),3
,editor,Pyramide International,3
,composer,Escuela de Cinematografía y Actuación de Monterrey The Films Workshops,3
,composer,Generalitat de Catalunya - Institut Català de les Indústries Culturals (ICIC),3
,composer,Fleur De Lis Film Studios,3
m,writer,Escuela de Cinematografía y Actuación de Monterrey The Films Workshops,3
m,producer,Internationale Filmproduktion Stella-del-Sud Third,3
m,composer,Tour de Force,3
m,director,Escuela de Cinematografía y Actuación de Monterrey The Films Workshops,3
m,producer,Sopa de Sobre Dibujos Animados,3
m,director,Hellas Cosmos Video,3
m,composer,C-sales Arthouse Video,3
m,composer,Société Générale de Gestion Cinématographique (SGGC),3
f,producer,"Ontario Film Development Corporation, The",3
,producer,Grandelusions Films,3
m,director,Sopa de Sobre Dibujos Animados,3
,cinematographer,CNR Film & Video,3
,composer,Universidade Lusófona de Humanidades e Tecnologias,3
m,writer,Televisa S.A. de C.V.,3
,composer,Allied Artists Home Video,3
,writer,Conseil Régional des Pays de la Loire,3
,composer,Ghosthouse Underground,3
m,writer,Finnkino Video,3
,producer,Randum Video,3
,composer,Baldevjiu Productions,3
m,writer,China Film Media Asia Audio Video Distribution Co.,3
m,composer,Ostdeutscher Rundfunk Brandenburg (ORB),3
m,director,Blue Rider Pictures,3
f,producer,Demarest Films,3
,editor,Imagination Worldwide,3
m,cinematographer,Deep River Productions,3
f,producer,Globo Vídeo,3
f,actress,Academy of Drama & Film Budapest,3
m,producer,Production de Films SD,3
,producer,Video Vigilantes,3
m,composer,Gurpreet Video International,3
f,producer,Deep C-Star Productions,3
f,producer,Aberdeen Soldier Productions,3
m,cinematographer,Groupement National des Cinémas de Recherche (GNCR),3
f,producer,LNK Video,3
m,writer,The Canada Manitoba Cultural Industries Development Office (CIDO),3
,producer,Baldevjiu Productions,3
m,writer,USA Home Video,3
m,producer,New Video Group,3
f,actress,G.E.R. (Grupo de Estudos e Realizações),3
m,producer,Edel Distribution,3
,producer,Conseil Régional des Pays de la Loire,3
,writer,Roadshow Home Video,3
,producer,Hellas Video,3
f,producer,New Video Group,3
,composer,"Museum of Modern Art, The (MoMA)",3
,composer,École Cantonale d'Art de Lausanne/Département Audiovisuel (ECAL/DAVI),3
f,actress,Morell Design Corporation,3
,composer,Tradewind Pictures,3
f,actress,Frogwares Game Development Studio,3
,composer,Code 7 Entertainment,3
,producer,Unité de Programmes Cinéma,3
,producer,Consultores de Comunicación Integral S.L.,3
f,producer,SBS Independent,3
m,writer,ABC Video,3
,composer,Death By Awesome Productions,3
m,producer,Devgan Films,3
m,composer,Detour Filmproduction,3
m,writer,Jour de Fête Films,3
,producer,Movie Tax Shelter Empowered by Dexia,3
,writer,Modern Times,3
,producer,Fear and Desire Productions,3
m,editor,Surinder Films,3
,producer,Sideshow Digital,3
f,writer,Penta Vídeo,3
,producer,Alexander Genievsky,3
f,actress,Navidi-Wilde Productions Ltd.,3
,composer,Centro Universitario de Estudios Cinematográficos,3
,director,Concorde Pictures,3
m,director,First Independent Films,3
f,composer,Concorde Filmverleih,3
m,cinematographer,Wild Side Vidéo,3
,writer,Concorde Pictures,3
m,writer,Devgan Films,3
,composer,Golden Harvest Pictures (China),3
f,editor,Citadel Entertainment,3
m,editor,La Fabrique de Films,3
m,producer,Carolina Torn Asunder Inc.,3
f,editor,Roadside Attractions,3
f,actress,Département de la Charente-Maritime,3
f,writer,Ministerio de Cultura,3
m,director,Gurpreet Video International,3
m,editor,Tartan Video USA,3
f,writer,Odeon Films,3
,producer,Underground Pictures,3
f,director,Odeon Films,3
m,composer,"Film Department, The",3
m,writer,BBC Video,3
f,producer,Bandeira Entertainment,3
,writer,Pandering to Karma Productions,3
,composer,Nederlands Film Instituut,3
f,actress,Lynnvander Productions,3
f,producer,Scheherazade,3
,producer,Kasander & Wigman Productions,3
,cinematographer,Adelson Entertainment,3
f,producer,iDeal Partners Film Fund,3
m,writer,Golden Screen Cinemas,3
,editor,"Academy for Creative Media, University of Hawaii at Manoa",3
m,director,Alexander/Enright & Associates,3
,editor,Academy Entertainment,3
m,producer,Vendetta Pictures,3
,director,Universidad de Guadalajara,3
f,writer,Astral Video,3
,editor,Celebrity Video Distribution,3
,writer,Escuela de Cine de Chile,3
m,writer,Commissão de Valores Mobiliarios,3
,producer,In Spades Productions,3
m,editor,Joy Sales Film and Video Distributors,3
,director,Arcade Movie Company,3
m,writer,Secretaria para o Desenvolvimento do Audiovisual,3
m,producer,Commissão de Valores Mobiliarios,3
m,producer,Secretaria para o Desenvolvimento do Audiovisual,3
m,cinematographer,Nouvelles Éditions de Films (NEF),3
f,actress,Escola de Comunicação e Artes da USP,3
,editor,Brandella Films,3
,cinematographer,Brandella Films,3
,producer,SVS/Triumph Home Video,3
f,actress,Red Desert Films,3
m,editor,Sociedade Independente de Comunicação (SIC),3
m,director,Deutsche Film (DEFA),3
m,cinematographer,"Alberta Film Development Program of the Alberta Foundation for the Arts, The",3
,producer,Odeon Rybarczyk Productions,3
m,cinematographer,Blue Rider Pictures,3
,director,Odessa Films,3
f,director,Wanted Worldwide,3
m,producer,De Vliegende Hollander,3
,editor,New Horizons Home Video,3
,writer,Psychedelic Offspring Productions,3
,composer,New Sensations Video,3
,editor,Concorde Anois,3
f,actress,Compañia Internacional de las AR,3
,producer,Psychedelic Offspring Productions,3
m,producer,Filmakademie Wien,3
,composer,Films de l'Iris,3
f,actress,Shudder Films,3
m,director,Les Films à Fleur de Peau,3
,composer,Dimension Home Video,3
m,director,Monolith Video,3
m,director,La Société des Films Sirius,3
m,director,Lynnvander Productions,3
,editor,Televisa S.A. de C.V.,3
,composer,Noorderwind,3
m,composer,Thunder Road Pictures,3
m,writer,Kulturelle Filmförderung Sachsen,3
m,writer,CIC Home Video,3
m,director,C.R.R.A.V. Nord Pas de Calais,3
m,producer,Delius Film,3
,director,Videx International,3
m,director,Strand Home Video,3
,writer,Ardent Films,3
f,producer,Consejo Para la Cultura y las Artes de Nuevo Leon (Conarte),3
m,writer,CBS/Fox Video,3
,writer,Trademark Films,3
f,producer,Joy Sales Film and Video Distributors,3
,director,Forum des Images,3
,director,Radiant Design,3
m,writer,Institut Català de les Empreses Culturals (ICEC),3
f,producer,Voladero Films,3
,cinematographer,Bundesministerium des Inneren (BMI),3
f,actress,Ideal Standard Film,3
,producer,Drops Filmes e Vídeo,3
,cinematographer,Kuratorium Junger Deutscher Film,3
m,director,Ideal Pictures Corp.,3
m,cinematographer,3 Sides Entertainment,3
m,cinematographer,Spark Worldwide,3
f,producer,Decade Distribution,3
,composer,Guangdong Wei Jia Video Production Ltd.,3
m,writer,C.R.R.A.V. Nord Pas de Calais,3
m,cinematographer,Golden Shadow Pictures,3
m,director,Wonderworld Studios,3
,cinematographer,Alambique Destilaria de Ideias Unipessoal,3
m,writer,'Wide'Screen Productions,3
,editor,One Louder Productions,3
,composer,Thunderbean Animation,3
m,cinematographer,Penta Vídeo,3
f,actress,Edko Video,3
m,editor,Creative Light Worldwide,3
m,composer,Deutschfilm,3
m,producer,By the River's Side Films,3
m,cinematographer,Nederlands Fonds voor de Film,3
m,cinematographer,Broadway Video,3
m,editor,Deuce Three Productions,3
m,cinematographer,Nordisk Film Video,3
m,producer,Anderson/Hassan Entertainment,3
f,writer,Centro de Capacitación Cinematográfica (CCC),3
m,composer,Undergroundfilm.com,3
,composer,EI (Exposure Index) Independent Cinema,3
f,producer,Alamode Film,3
,director,Epidem,3
,composer,Theatre de Poche,3
,producer,Filmakademie Ludwigsburg,3
,producer,BD Garden,3
,producer,Pip's Garden Company,3
,composer,Blue Rider Pictures,3
f,writer,Universe Laser & Video Co. Ltd.,3
m,cinematographer,Escuela de Cine de Chile,3
m,producer,Video Collection International,3
,composer,First Independent Pictures,3
m,director,Shochiku Home Video,3
m,editor,Generalitat de Catalunya - Institut Català de les Indústries Culturals (ICIC),3
f,producer,Mega Star Video Distribution,3
,producer,Golden Llave Films,3
,writer,Golden Llave Films,3
,composer,Videx International,3
f,actress,Aurum Design,3
m,writer,Junta de Comunidades de Castilla-La Mancha,3
m,cinematographer,European Video Distributors (EVD),3
,director,Golden Llave Films,3
f,actress,Nsavides Productions,3
m,producer,TV5Monde,3
,composer,Fox Lorber Home Video,3
,director,WonderPhil Productions,3
,producer,Newfull Development Company,3
f,producer,Hi-Tops Video,3
m,composer,Pyramide Productions,3
f,producer,Les Derniers de Classe,3
m,producer,Independence Film Investments,3
m,producer,Independence Film Investments (IFI),3
m,cinematographer,USA Home Video,3
,producer,Centro Universitario de Estudios Cinematográficos,3
,producer,Jaded Creative Productions,3
m,editor,Alambique Destilaria de Ideias Unipessoal,3
m,director,Concorde Pictures,3
,composer,Trident Releasing,3
f,actress,Nishimura Motion Picture Model Makers Group,3
,editor,Videovision Entertainment,3
,editor,Golden Llave Films,3
m,composer,Wunderbar Films,3
,composer,Outrider Pictures,3
m,director,Render Insensible,3
m,writer,Maison Descartes,3
f,actress,Conseil Général de l'Aisne,3
m,composer,Academy Entertainment,3
f,producer,Bride Productions,3
,writer,Instituto Português de Cinema (IPC),3
m,composer,Le Club des Investisseurs,3
f,director,Deltamac Entertainment,3
m,composer,Providence Films,3
f,director,La Fabrique de Films,3
,composer,Pander Productions,3
,director,Instituto Português de Cinema (IPC),3
f,cinematographer,Pyramide Distribution,3
f,cinematographer,"Films de l'Elysée, Les",3
m,composer,Code Entertainment,3
,writer,Kasander Film Company,3
,writer,Code Entertainment,3
f,actress,Bande Dessinee Films,3
,writer,Tradewind Pictures,3
f,composer,Alliance Atlantis Home Video,3
m,composer,Rebellion Developments Ltd.,3
f,producer,Phoenix Independent Film Makers Group,3
,cinematographer,A&E Home Video,3
f,actress,Fox Video España S.A.,3
m,director,Towa Video,3
,writer,Dep Distribution,3
,writer,SpiderCircle Films,3
,composer,Knowwonder,3
,director,Consejo Nacional de Fomento Educativo,3
f,editor,Filmakademie Wien,3
f,actress,The London Film & Video Development Agency (LFVDA),3
m,writer,TV5Monde,3
,producer,Independent,3
m,producer,Lady Marmalade Music,3
m,cinematographer,ITI Home Video,3
,editor,Michael De Luca Productions,3
,producer,Dead Cat Films,3
m,producer,VCL Video,3
,editor,Consejo Nacional de Fomento Educativo,3
,composer,Japan Home Video (JHV),3
,composer,Centro Universitario de Estudios Cinematográficos (CUEC),3
,composer,Bona Fide Productions,3
,director,Citadel Entertainment,3
f,writer,Sherazade Film Development,3
m,writer,Zürcher Hochschule der Künste,3
m,writer,SNG Film / Studio Nieuwe Gronden,3
,writer,Dreidel Films,3
,cinematographer,InDigEnt (Independent Digital Entertainment),3
m,writer,YonderQuest,3
m,producer,Dandelion,3
,director,Universal Pictures Video,3
m,director,Metropolitan Film & Video,3
f,actress,Demian,3
f,actress,Bill & Ben Video (BBV),3
m,writer,Corte y Confección de películas,3
m,producer,Kasander & Wigman Productions,3
,editor,Conseil Régional de Picardie,3
m,cinematographer,Film Afrika Worldwide,3
,editor,Canadian Film or Video Production Tax Credit Program,3
,editor,Cogeco Program Development Fund,3
m,writer,Sony Deutschland,3
f,producer,Casa Kafka Pictures Movie Tax Shelter Empowered by Dexia,3
f,actress,Centauro Films de Colombia,3
,producer,MTV Networks de Mexico,3
m,director,BMG Independents,3
f,producer,DENTSU Music And Entertainment,3
m,composer,De Familie Janssen cbva,3
,editor,Televisión de Galicia (TVG) S.A.,3
,editor,YonderQuest,3
m,producer,Deadly Films,3
,editor,Société Générale des Industries Culturelles du Québec (SOGIC),3
f,director,Institut National de l'Audiovisuel (INA),3
,cinematographer,Ignacio Benedeti Cinema,3
m,director,Medusa Video,3
m,producer,Despot Pictures,3
m,director,Zürcher Hochschule der Künste,3
m,composer,Opéra National de Paris,3
f,actress,Vision Video Gateway Films,3
m,cinematographer,Televisa S.A. de C.V.,3
m,composer,Taideteollinen korkeakoulu,3
,producer,VGIK - Debut,3
,director,Concorde Filmverleih,3
f,actress,Nouvelles Editions de Films (NEF),3
f,actress,Crown Video,3
,editor,Conseil Général de la Charente,3
m,editor,Nova Home Video,3
,producer,Konsortiet H.C. Andersens Lange Skygge,3
,editor,Cinema Products Video,3
,writer,Miramar Home Vídeo,3
,editor,Odec Kid Cartoons,3
,writer,Alianza Cinematografica Mexicana S.A. de C.V.,3
,writer,Hellas Cosmos Video,3
m,composer,New Concorde Home Entertainment,3
,writer,Cinematografica del Prado S.A.,3
f,actress,Producciones Barba Loza S.A. de C.V.,3
m,composer,Concorde Pictures,3
,editor,2 Entertain Video,3
,writer,Videoflick,3
m,cinematographer,DENTSU Music And Entertainment,3
m,producer,Video Service Corporation,3
,producer,Connoisseur Video,3
f,producer,Video Service Corporation,3
f,actress,De Productie,3
,producer,Meridian Video,3
,cinematographer,Studio Babelsberg Independents,3
f,actress,Rotterdams Fonds voor de Film en Audiovisuele Media,3
m,producer,Renegade Pictures (II),3
,writer,ABC Family Worldwide,3
m,composer,Longride,3
,producer,Le Club des Investisseurs,3
m,director,Freedemon,3
f,actress,Fifty Three Degrees North,3
,writer,Video Vision Entertainment,3
,editor,20th Century Fox Film de Mexico,3
,producer,Delfin Studio,3
,editor,Tel Aviv University Film & Television Department,3
f,actress,Jade Films,3
,editor,Towa Video,3
f,actress,Las Perlas de la Virgen,3
,editor,Wiedemann & Berg Television,3
f,director,Prisvídeo - Edições Videográficas,3
,editor,Hyde Park Entertainment,3
,producer,Daiei Home Video,3
,producer,Provideo Production House,3
,editor,Video Vision Entertainment,3
,producer,Vladislav Delonge Production,3
,cinematographer,New York Film Academy at Universal Studios,3
,writer,Armazém de Imagens,3
,producer,De Espona Infografica,3
m,cinematographer,Towa Video,3
,writer,York Home Video,3
,cinematographer,Cascade,3
f,producer,Fades 2 Black Media Group,3
,writer,De Palacio Films,3
,editor,Universidad de Guadalajara,3
m,writer,Liquid Desert,3
f,actress,Institut des Arts de Diffusion IAD (Louvain-la-Neuve),3
,editor,Delante Films,3
m,cinematographer,Alliance Video,3
m,producer,CIC Victor Video,3
,producer,Rudderpost Films,3
,editor,Bardel Entertainment,3
m,producer,Wiedemann & Berg Television,3
,cinematographer,Wayfinder Films,3
m,writer,Videovox Stúdió,3
m,producer,New York Film Academy,3
m,writer,New York Film Academy,3
m,director,New York Film Academy,3
m,editor,New York Film Academy,3
,producer,Escola Municipal de Formació Professional en Mitjans Audio-Visuals (EMAV),3
m,cinematographer,The Department of Trade and Industry of South Africa,3
m,director,Wanda Distribución Cinematográfica de Films S.A.,3
,director,Frontier Developments,3
,editor,Independenta Film,3
,editor,DVD Deluxe Distributors,3
m,producer,Shochiku Home Video,3
,cinematographer,Frederick S. Pierce Company,3
,editor,Tempe Video,3
f,actress,DeVine Works,3
m,writer,Wanda Distribución Cinematográfica de Films S.A.,3
m,writer,Rodeo Drive,3
m,producer,Cinema del Capriccio,3
m,writer,Cinema del Capriccio,3
m,cinematographer,Cinema del Capriccio,3
,producer,Atitude Produções,3
m,director,Cinema del Capriccio,3
,writer,Morell Design Corporation,3
m,writer,Ideal Pictures Corp.,3
,cinematographer,Sociedad General de Derechos Audiovisuales (SOGEDASA),3
m,editor,Varus Video,3
,director,"Museo Nacional de Arqueologia, Historia y Etnografia",3
,editor,Morell Design Corporation,3
f,director,MPI Home Video,3
m,writer,DVD Deluxe Distributors,3
m,editor,Cinema del Capriccio,3
m,composer,Euripide Productions,3
,producer,Deal Productions,3
,composer,DED Films,3
,director,Delaney & Friends Cartoon Productions,3
m,composer,Atelier Cinéma de Normandie (ACCAAN),3
,director,Cineteca de Nuevo Leon,3
,director,Niky-Bilder,3
f,writer,La Communauté Urbaine de Strasbourg,3
f,actress,Mixer de Medios,3
f,writer,3 Sides Entertainment,3
m,composer,Outsider Pictures,3
,cinematographer,Niky-Bilder,3
,editor,Destined Media,3
f,producer,3 Sides Entertainment,3
,writer,Niky-Bilder,3
,producer,World Wide Motion Pictures Corporation,3
m,producer,Strident Films,3
f,writer,Versátil Home Vídeo,3
m,writer,Bootmen Productions (Hilary Linstead-Dein Perry),3
m,producer,Leader Media,3
m,writer,Jade Productions,3
,producer,Relatively Redeemable Productions,3
,producer,Bundesministerium des Inneren (BMI),3
f,actress,Producciones Rodas S.A. de C.V.,3
,director,Shudder Films,3
,director,Museo Nacional de Culturas Populares,3
f,editor,Norddeutscher Rundfunk (NDR),3
m,producer,Central de Producciones Audiovisuales S.L.,3
,director,Swiss Federal Institute of Technology (ETH),3
m,director,Odessa Entertainment,3
m,producer,Hessische Filmförderung,3
,producer,Deutsche Film (DEFA),3
f,writer,Highlight Video,3
,director,Rede Globo de Televisão,3
m,director,Liberty or Death Productions,3
m,producer,Untrademarked Productions,3
,writer,Independent Online Cinema,3
m,writer,Liberty or Death Productions,3
m,producer,Liberty or Death Productions,3
m,editor,Dementia7 Studios LLC,3
,producer,The Federation,3
m,writer,International Video Entertainment (IVE),3
m,composer,De Warrenne Pictures,3
,cinematographer,Tour de Force,3
f,director,Bandeira Entertainment,3
m,director,Miramar Home Vídeo,3
m,producer,Fox Video España S.A.,3
,director,Gathering of Developers,3
,producer,XYZ Desarrollos S.A.,3
,director,Sony Music Video (SMV) Enterprises,3
m,writer,Wild Side Films,3
m,director,Dino De Laurentiis Company,3
,director,DesperaDo,3
f,writer,Chrysalide Film,3
m,cinematographer,Erotic Angel Video,3
,producer,Someplace Wonderful Productions,3
,producer,Blacksplash Video,3
m,composer,CNR Video,3
m,composer,BenderSpink,3
m,producer,De Angeles Films,3
,cinematographer,PBS Home Video,3
m,producer,Fonds Images de la Diversité,3
,director,Brandella Films,3
m,producer,China Film Media Asia Audio Video Distribution Co.,3
,director,Renegade Animation,3
,editor,Surrey Institute of Art & Design,3
m,cinematographer,Contender Entertainment Group,3
,producer,Antartic Video,3
,editor,Unknown Video,3
,writer,Brandella Films,3
m,writer,Wonderful Works,3
m,writer,Industrial Development Corporation of South Africa,3
m,writer,Videx International,3
m,writer,Ministère des Affaires Étrangères,3
m,producer,Concorde Filmed Entertainment,3
f,actress,Moving Image Development Agency,3
,editor,Wunderbar Films,3
f,actress,Derby City Productions,3
f,producer,Tri Destined Independent,3
m,editor,Der KurzFilmVerleih,3
m,composer,RCA/Columbia Pictures International Video,3
f,writer,Roadshow Entertainment Video,3
m,writer,Independent Film Fund,3
,editor,Studio Arkadena,3
m,composer,Tel Aviv University Film & Television Department,3
m,writer,The National Film and Video Foundation of SA,3
,writer,Jorden Electronics,3
,director,Odessa Film Studios,3
,editor,Rede Globo de Televisão,3
,editor,Dedica Group,3
,editor,Blacksplash Video,3
,producer,Accidental Frame,3
,cinematographer,Decade Distribution,3
m,writer,Dementia7 Studios LLC,3
,editor,WonderWorks,3
,editor,TV5Monde,3
m,director,Dementia7 Studios LLC,3
,editor,Conquistador Worldwide Media,3
m,producer,Den Danske Filmskole,3
,editor,Productions Desmichelles,3
,cinematographer,Filmförderung Hamburg,3
,editor,Big Sky Video,3
,producer,Keyweckshide Pictures,3
,editor,Japan Video Distribution (JVD) Co. Ltd.,3
,producer,Collectif des riders et Réalisateurs,3
,editor,Hollywood Video,3
m,producer,Studio Arkadena,3
m,writer,Sundance Independent Film Channel,3
,writer,Intandem Films,3
m,writer,Obshchestvennoe Rossiyskoe Televidenie (ORT),3
,director,Centro Nacional Autónomo de Cinematografía (CNAC) (I),3
,editor,Cinema Delicatessen,3
,writer,Atlantide Entertainment,3
m,producer,Delfilm,3
,editor,Working Designs,3
,writer,American Video,3
,writer,BWE Video,3
m,writer,Nu Visión de Argentina,3
f,writer,TV5 Monde,3
f,writer,Pyramide International,3
,editor,Odean S.A.,3
,composer,Tartan Video USA,3
m,composer,TLA Video,3
f,producer,Dimension Home Video,3
f,director,Pyramide International,3
m,composer,Joy Sales Film and Video Distributors,3
m,editor,Casa de Cinema de Porto Alegre,3
m,cinematographer,High Fliers Video Distribution,3
m,writer,Universidad Cardenal Herrera - CEU,3
m,editor,CNR Film & Video,3
f,actress,Consejo Para la Cultura y las Artes de Nuevo Leon (Conarte),3
,editor,Al Dente Films,3
m,producer,Sundance Independent Film Channel,3
f,producer,Brandella Films,3
f,actress,TaylorMade Productions,3
m,producer,Shade Pictures,3
,director,Thought Collide Productions,3
,composer,CBS/Fox Home Video,3
,producer,Centauro Films de Colombia,3
,producer,ABC Film & Video,3
m,cinematographer,Alliance Atlantis Video,3
m,director,Essex Vídeo España S.L.,3
m,editor,Dino De Laurentiis Company,3
m,director,Hollywood Video,3
m,producer,Delanic Films,3
,editor,De Smet Films,3
f,cinematographer,Région Ile-de-France,3
,editor,Rodeo Drive,3
m,producer,Met / Hodder,3
,editor,Endemol Deutschland,3
,editor,Willmar Andersson AB,3
f,writer,Underground,3
f,producer,Institut Català de les Empreses Culturals (ICEC),3
,director,Lee Mendelson Productions,3
,editor,National Film Development Corporation of India (NFDC),3
f,actress,Producciones Tijuana S.A. de C.V.,3
,editor,Deutscher Fernsehfunk (DFF),3
f,editor,Département des Alpes-Maritimes,3
f,editor,Home Box Office Home Video (HBO),3
m,writer,Thunderhead Productions,3
,producer,ABC Video,3
,editor,Shochiku Home Video,3
m,composer,Redeemable Features,3
m,composer,Zide-Perry Productions,3
,editor,Palisades-Tartan Acquisitions,3
f,editor,ARD Degeto Film,3
m,composer,America Video Film,3
m,writer,Prisvídeo,3
m,director,Taideteollinen korkeakoulu,3
,director,Oldenburg International Filmfestival,3
f,actress,Filmakademie Ludwigsburg,3
m,writer,SVS/Triumph Home Video,3
f,actress,Jordan Crowder Films,3
,editor,Deutsche Filmförderfonds (DFFF),3
m,director,Intandem Films,3
f,actress,Big Idea Pictures,3
,editor,Odeon Video,3
f,composer,Télévision Suisse-Romande (TSR),3
,editor,Hi-Tops Video,3
,producer,Gurpreet Video International,3
f,producer,Pyramide International,3
f,editor,Filmladen,3
m,producer,Sideshow,3
m,writer,Fox Lorber Home Video,3
,writer,Simitar Video,3
m,producer,Cineplex Development,3
,producer,Gobierno del Estado de Michoacán,3
,writer,Alexander/Enright & Associates,3
m,director,Destined Media,3
,writer,Bayerische Film- und Fernsehförderung,3
,writer,Oldenburg International Filmfestival,3
m,composer,Clap - Produção de Filmes,3
m,producer,Independent Film '97,3
m,writer,Arrow Video,3
m,producer,Eden Arts,3
m,producer,Konsortiet H.C. Andersens Lange Skygge,3
,producer,Guild Home Video,3
,producer,Morell Design Corporation,3
f,actress,Olhos de Cão Produções Cinematográficas,3
f,actress,Aceite de Castor Producciones,3
m,composer,Sridevi Productions,3
m,writer,Hessische Filmförderung,3
m,writer,Videotrónica,3
,director,Valentim de Carvalho Multimédia,3
m,editor,Trimark Video,3
,producer,Levelheaded Productions,3
m,producer,Santo Domingo Film & Music Video,3
m,producer,Videoflick,3
m,writer,CIC Video I/S,3
m,producer,Studio Film Bilder,3
,director,Société de Développement des Entreprises Culturelles (SODEC),3
m,producer,Jaded Creative Productions,3
,editor,Rhode Island School of Design FAV Department (RISD),3
f,actress,University of California Berkeley Extension Center for Media and Independent Learning (CMIL),3
f,actress,Bellezas de Puerto Rico,3
,director,New Video,3
,director,Rhode Island School of Design FAV Department (RISD),3
f,actress,Telemundo de Puerto Rico,3
,producer,Rhode Island School of Design FAV Department (RISD),3
,writer,Dirección de Difusión Cultural de la UNAM,3
,director,Dirección de Difusión Cultural de la UNAM,3
m,producer,Something Weird Video (SWV),3
m,director,Alpha Video Distributors,3
m,writer,Regent Worldwide Sales,3
m,writer,Screen Pix Home Video,3
,producer,The Pedestrain Pictures Inc.,3
m,producer,Arkadas Sinema-Video,3
f,actress,Double Decher Productions,3
f,actress,Eden Arts,3
m,producer,Merseyside Film Production Fund,3
,producer,One Louder Productions,3
f,director,Independent Film Channel (IFC),3
,director,Home Made Movies,3
,editor,Dirección de Difusión Cultural de la UNAM,3
,producer,Golden Port Productions Ltd.,3
f,producer,A&E Home Video,3
,writer,Golden Ticket Films,3
m,cinematographer,Monolith Video,3
,director,New Video Group,3
,editor,Consejo Para la Cultura y las Artes de Nuevo Leon (Conarte),3
,director,Film Development Fund of Hong Kong,3
m,producer,Sri Balaji Video,3
m,producer,Goldenring Productions,3
m,writer,RCA/Columbia Pictures International Video,3
,director,First Independent Films,3
m,director,RCA/Columbia Pictures International Video,3
m,cinematographer,Raro Video,3
m,producer,Les Films de L'Autre,3
,producer,Rollin' Deep Productions,3
m,producer,Conseil Général de la Seine-Saint-Denis,3
m,composer,Outrider Pictures,3
m,producer,Abordar - Casa de Películas,3
m,producer,Eidetic Inc.,3
f,writer,Varus Video,3
m,writer,Escola de Imaxe e Son,3
f,editor,Golden Harvest Company,3
m,producer,Entermode,3
,writer,Film Development Fund of Hong Kong,3
,producer,L'Octopode,3
m,producer,Two Independent BV,3
,producer,Atelier de Production de la Cambre ASBL,3
,producer,Media Development,3
m,director,Slide Screen Entertainment,3
,editor,Deep River Productions,3
,editor,Demarest Films,3
,editor,"Dun Laoghaire Institute of Art, Design and Technology (DLIADT)",3
f,producer,Alexander/Enright & Associates,3
,writer,DeepStudios,3
m,cinematographer,Zide-Perry Productions,3
m,cinematographer,Société Générale de Gestion Cinématographique (SGGC),3
,cinematographer,"Dun Laoghaire Institute of Art, Design and Technology (DLIADT)",3
m,editor,Mti Home Video,3
,director,Consejo Para la Cultura y las Artes de Nuevo Leon (Conarte),3
m,cinematographer,A&E Home Video,3
m,producer,Independent Filmmakers Cooperative (IFC),3
,producer,Yamato Video,3
f,producer,Video Palace House of Distribution,3
m,composer,BBC Video,3
,producer,Raedon Video,3
,director,Bill Melendez Productions,3
,editor,Fidelio,3
f,director,Video Film Express,3
m,writer,Manitoba Film and Video Production Tax Credit,3
,composer,Dandelion Distribution,3
m,cinematographer,Redeemable Features,3
,producer,Sega Interactive Development Division,3
m,editor,SF Video,3
,producer,University of California Berkeley Extension Center for Media and Independent Learning (CMIL),3
f,writer,Videorama,3
f,actress,Hollywood Adult Video Inc.,3
m,cinematographer,RCA/Columbia Pictures International Video,3
,producer,Dosdecatorce Producciones,3
f,actress,Deepak Arts,3
m,producer,Wellmade Entertainment,3
,producer,Beijing Goldenplate Film,3
,producer,Pro Video Film & Distribution Kft.,3
m,producer,Cine du Monde,3
,producer,20th Century Fox de Chile,3
m,cinematographer,World Wide Multi Media,3
m,writer,BigDeni Filmes,3
,producer,Videoload,3
,producer,Tigers Den Studios,3
,producer,Leader Asia Pacific Creativity Center,3
m,writer,Beijing Forbidden City Film Co.,3
,writer,Filmes de Fundo,3
m,producer,Short Pictures Independent,3
m,writer,"Kinovideoobedinenie ""Krupniy Plan""",3
,writer,Sociedad General de Televisión (Sogetel),3
m,writer,Golden Shadow Pictures,3
m,producer,Snowden Fine Animation,3
,producer,Wide Wonder Productions,3
m,composer,Golden Book Video,3
f,actress,Société Européenne de Propulsion,3
,composer,"Alberta Film Development Program of the Alberta Foundation for the Arts, The",3
m,director,Golden Shadow Pictures,3
f,actress,Ville de Compiègne,3
f,actress,Emberwilde Productions,3
f,actress,Caméra Club de Genève,3
,director,Ministère des Affaires Étrangères,3
,composer,Film Afrika Worldwide,3
f,actress,Anand Video,3
m,director,Nickelodeon Studios,3
m,editor,Independent Partners,3
m,cinematographer,Twister Digital Video,3
,producer,"Cinema Design, Belgrade",3
,editor,SNG Film / Studio Nieuwe Gronden,3
m,writer,Academy Films,3
,editor,Flashpoint Academy,3
m,producer,Suzanne DeLaurentiis Productions,3
,writer,Red de América Latina,3
f,actress,Conseil Général de l'Oise,3
,director,Golden Harvest Pictures (China),3
m,producer,Rotterdams Fonds voor de Film en Audiovisuele Media,3
f,actress,High Fidelity Films,3
m,producer,Sidecar Films & TV,3
m,cinematographer,First Independent Films,3
,cinematographer,Warner-Golden Village,3
m,producer,Ediciones del Sur,3
m,cinematographer,Sociedad General de Cine (SOGECINE) S.A.,3
,cinematographer,Deer Head Productions,3
m,producer,Centro Universitario de Estudios Cinematográficos (CUEC),3
,producer,Golden Screen Enterprises,3
,writer,Les Films du Lendemain,3
,writer,Kaleidescope Media Group,3
m,composer,Loterie Suisse Romande,3
,editor,Twister Digital Video,3
m,director,C-sales Arthouse Video,3
m,writer,Fraserside Holdings Ltd.,3
m,producer,Flashpoint Academy,3
m,writer,Flashpoint Academy,3
,producer,BoulderLight Pictures,3
m,cinematographer,Wild Side Films,3
,director,Gaumont/Columbia TriStar Home Video (GCTHV),3
m,writer,Maria Grüner Kindertheater,3
m,writer,Burnside Entertainment,3
m,producer,World Wide Multi Media,3
f,actress,Unknown Identity,3
m,producer,Pequena Central de Produções,3
m,cinematographer,Escola Superior de Cinema i Audiovisuals de Catalunya (ESCAC),3
m,producer,De Productie,3
m,cinematographer,Versátil Home Vídeo,3
m,director,World Wide Multi Media,3
m,actress,Columbia TriStar Films de Argentina,3
m,writer,Belvedere Film,3
f,actress,"Vigor Mortis - Video, stage & words",3
f,actress,Videosyncracy,2
,cinematographer,Deutsche Columbia TriStar Filmproduktion,2
m,cinematographer,Tall Orders Productions,2
m,cinematographer,Columbia TriStar Home Video Hong Kong,2
m,producer,Spirit Rider Productions,2
m,producer,Evidence Productions,2
m,director,Lindele Media,2
m,writer,World Wide Multi Media,2
m,composer,Idyllwild Arts Academy,2
m,cinematographer,Ovídeo TV S.A.,2
m,producer,TaylorMade Productions,2
m,producer,Belvedere Film,2
m,cinematographer,UFA Video,2
m,editor,Valentim de Carvalho Multimédia,2
m,producer,DefCon One Productions,2
m,producer,Dualstar Home Video,2
m,editor,Delon Int.,2
m,director,Independent Television Service (ITVS),2
m,director,Studio Hamburg WorldWide Pictures,2
m,writer,Independent Television Service (ITVS),2
m,writer,Nina Saxon Film Design,2
m,composer,Cort/Madden Productions,2
m,composer,Disorder Productions,2
f,producer,New York Film Academy,2
m,composer,Deuce Three Productions,2
f,writer,New York Film Academy,2
m,producer,Les Films de l'Espoir,2
m,producer,Consultores de Comunicación Integral S.L.,2
m,director,Midnight Video,2
m,writer,Office Border Co.,2
m,producer,Pan Vision Publishing Video,2
f,director,New York Film Academy,2
m,writer,Something Weird Video (SWV),2
m,writer,Michel de Wouters Production,2
f,actress,Parade Pictures Inc.,2
m,producer,Federalnoe Agentstvo po Kulture i Kinematografii,2
m,producer,Depths of Horror,2
m,cinematographer,Departament de Cultura de la Generalitat de Catalunya,2
m,composer,American Pride Films Group,2
m,editor,Olhos de Cão Produções Cinematográficas,2
m,editor,Président Films,2
m,editor,Becker Home Video,2
m,editor,Brentwood Home Video,2
m,producer,RenegadeX Productions,2
m,composer,Royal Opera House Covent Garden,2
m,cinematographer,Independent Pictures (II),2
m,writer,World Wide Cinema,2
m,cinematographer,Endemol Filmproduktion München GmbH,2
m,writer,Alexandra Video Club,2
m,composer,Alexander/Enright & Associates,2
m,cinematographer,Les Productions de la Guéville,2
m,producer,Spicer Producciones S.A. de C.V.,2
m,producer,Zhejiang Film & Video Corp.,2
m,composer,Burnside Entertainment,2
f,editor,Totally Tasteless Video,2
m,writer,Independent Cinema Association of the Philippines,2
m,producer,Independent Cinema Association of the Philippines,2
m,director,Escola de Imaxe e Son,2
f,director,Televicine S.A. de C.V.,2
m,producer,Pro Video Film & Distribution Kft.,2
m,producer,Le Groupement National des Cinémas de Recherche,2
m,producer,Brentwood Home Video,2
m,writer,Elsevier-Vendex Film Beheer,2
f,writer,Rodeo Drive,2
f,director,Televisa S.A. de C.V.,2
f,director,Videocine,2
m,composer,Latitude 49 Production,2
m,director,Finely Made Films & Entertainment,2
m,director,Zhejiang Film & Video Corp.,2
f,writer,Televisa S.A. de C.V.,2
m,composer,Süddeutscher Rundfunk (SDR),2
m,editor,Oldenburg International Filmfestival,2
m,producer,Vaishno Academy,2
m,editor,Undergroundfilm.com,2
f,director,Videorama,2
m,cinematographer,Odessa Entertainment,2
f,actress,Les Films de la Lymphe,2
m,writer,Consellería de Cultura e Comunicación Social,2
m,producer,Kaplan/Feder Films,2
m,director,Spyder Entertainment,2
f,writer,Filmes de Fundo,2
m,producer,NewStar World Wide,2
f,producer,RaiTrade,2
m,director,Ministère des Affaires Étrangères,2
m,producer,Edivídeo,2
m,writer,Metronome Video,2
m,writer,Spyder Entertainment,2
m,editor,RCA/Columbia Pictures Video,2
m,director,Fraserside Holdings Ltd.,2
f,producer,Alliance Independent Films,2
f,actress,Denison Entertainment,2
m,editor,New Macedonian Video,2
m,composer,Winson Video,2
m,editor,Pander Productions,2
m,director,"Universitatea Nationala de Arta Teatrala si Cinematografica ""I.L. Caragiale"" (UNATC)",2
m,producer,Deva Films,2
m,composer,Deutscher Fernsehfunk (DFF),2
m,writer,Vendetta Filmes,2
m,writer,Zentropa International Sweden,2
m,director,MMC Independent,2
m,writer,Las Producciones del Escorpión S.L.,2
m,producer,"Omniversum, Den Haag",2
m,producer,independent players GmbH,2
m,writer,Suzanne DeLaurentiis Productions,2
m,composer,Las Producciones del Escorpión S.L.,2
,editor,Nistal de Luna,2
,editor,Les Films de L'Autre,2
,editor,Endemol Filmproduktion München GmbH,2
f,actress,Delicious Films,2
,editor,Jaded Creative Productions,2
,editor,NDE Productions,2
f,actress,Stimuleringsfonds Nederlandse Culturele Omroepproducties,2
m,director,Cineplex-Odeon Films,2
,editor,Keyweckshide Pictures,2
,editor,Beijing Forbidden City Film Co.,2
,editor,Death Note Film Partners,2
m,cinematographer,Buena Vista International (Denmark),2
,editor,The Grade Company,2
m,cinematographer,Deva Films,2
,editor,"Grade Company, The",2
,editor,Spyder Entertainment,2
f,actress,De Angelis Group,2
m,writer,Cineplex-Odeon Films,2
,editor,Liquid Desert,2
m,producer,Warner On Demand,2
,editor,Cinema de Bizarre,2
f,director,Longride,2
f,actress,Depths of Horror,2
,editor,Vaishno Academy,2
,editor,Adelphia Films,2
f,actress,RenegadeX Productions,2
,editor,Sunnyside Down Productions,2
m,writer,Cambium Film & Video Productions,2
,editor,Shalimar Videos,2
,editor,A Droite de la lune,2
,editor,Home Made Movies,2
f,writer,Longride,2
f,editor,RCA/Columbia Pictures International Video,2
,editor,Asa Delta Filmes,2
m,composer,Sergeant Cheerleader Productions,2
m,editor,Studio Video a Televizni Tvorby,2
,editor,Frederator Studios,2
f,editor,Roadshow Home Video,2
,editor,Slick Devil Entertainment,2
m,cinematographer,New Concorde Home Entertainment,2
m,editor,The Czech Republic State Fund for Support and Development of Cinematography,2
,editor,Wave Video,2
f,editor,Cannes Home Vídeo,2
,editor,Sri Balaji Video,2
,editor,Deluxe Combo Films Inc.,2
m,writer,Sociedad Anónima del Vídeo (S.A.V.),2
,editor,South African Film and Video Services,2
,editor,Volderin Entertainment,2
m,editor,West Australian Screen Academy,2
,editor,Codex Pictures,2
,editor,Barney Home Video,2
f,actress,Coincidence Films,2
m,producer,Step-Aside Entertainment,2
m,producer,Federal Film Reserve,2
f,producer,Latitude 49 Production,2
,editor,Dream Riders Studio,2
,editor,Independent Network International (INI),2
m,writer,Les Films de L'Autre,2
m,producer,Dead Monkey Comics,2
m,cinematographer,Les Films de L'Autre,2
f,producer,BFS Video,2
,editor,WonderWorld Studios,2
f,actress,Blended Planet Pictures,2
,editor,Chiragdeep International,2
m,writer,Dead Monkey Comics,2
m,director,Les Films de L'Autre,2
m,producer,Nederlandse Film en Televisie Academie (NFTVA),2
m,producer,Philip Farah Produzioni Cinematografiche e Video,2
m,director,Dead Monkey Comics,2
,editor,Burning Grounds Independent Media,2
m,editor,Les Films de L'Autre,2
,editor,Onion Underwater Productions,2
,editor,Mode Records,2
m,producer,Wonder Mill Films,2
m,writer,Wonder Mill Films,2
m,director,Wonder Mill Films,2
,editor,Film and Television Academy Potsdam-Babelsberg,2
,editor,Another Dimension of an Idea,2
,editor,ClandestCINE,2
m,director,Groupe de Recherches et d'Essais Cinematographiques (GREC),2
m,producer,Homemade Films,2
f,writer,Filmförderung Hamburg,2
,editor,Nexus Cinema e Vídeo,2
,editor,C-sales Arthouse Video,2
,editor,Equipment & Film Design,2
m,editor,Wonder Mill Films,2
m,writer,Groupe de Recherches et d'Essais Cinematographiques (GREC),2
,editor,Pack-In-Video,2
f,editor,Liaison of Independant Filmmakers of Toronto (LIFT),2
m,producer,Akintunde Productions,2
,editor,Action Video Productions,2
,editor,Comme des Cinémas,2
,editor,Brigham Young University Animation Dept.,2
f,director,Liaison of Independant Filmmakers of Toronto (LIFT),2
,editor,Otto Desenhos Animados,2
m,director,Homemade Films,2
,editor,L.V. Prasad Film and T.V. Academy,2
f,writer,Liaison of Independant Filmmakers of Toronto (LIFT),2
,editor,Rendez-Vous Production,2
,editor,Buttenschøn og Budde Entertainment Rights ApS,2
,editor,Dead Men Don't Play Poker,2
m,writer,DeltaVideo (DV),2
m,director,Fleur De Lis Film Studios,2
m,writer,De Filmfreak,2
m,writer,K-tel Video,2
m,writer,Hidden Dreams Media,2
m,writer,Arccades Vidéo,2
,editor,Eco Filmes/Prisvideo,2
f,actress,Beijing Film Academy,2
m,writer,GoldenTiger Productions,2
,editor,Golden Harvest Entertainment,2
,editor,DUDE,2
,editor,Merseyside Film Production Fund,2
f,actress,Liaison of Independant Filmmakers of Toronto (LIFT),2
,editor,Golden Books Family Entertainment,2
m,producer,Made on a Bank Loan Production,2
,editor,Masquerade Films,2
m,composer,Meteor Home Video,2
,editor,"Cinema Design, Belgrade",2
,editor,HBO Independent Productions,2
f,producer,Département de la Charente,2
,editor,Lee Mendelson Productions,2
f,actress,Motherlode,2
,editor,Casa Kafka Pictures Movie Tax Shelter Empowered by Dexia,2
,editor,"Air de France, Nice",2
,editor,Riders on the Storm Pictures,2
m,composer,Ivory Music & Video,2
,editor,Aldea Films,2
,editor,Latitude 49 Production,2
,editor,Videoflims,2
,editor,Delphis Films,2
,editor,Thunderbolt Productions,2
m,director,Naroden Teater Anton Panov,2
m,producer,Conseil Général de la Drôme,2
,editor,Beijing Goldenplate Film,2
,editor,Sociedad General de Cine (SOGECINE) S.A.,2
m,producer,Ville de Valence,2
m,composer,La Société des Films Sirius,2
,editor,HiDe Films,2
m,director,GMA Records Home Video,2
f,editor,Mitteldeutscher Rundfunk (MDR),2
m,director,LNK Video,2
,editor,Deutsche Bundesstiftung Umwelt (DBU),2
,editor,Warner-Golden Village,2
,editor,Jorden Electronics,2
m,producer,Look Vídeo,2
,editor,Vaudeville Productions,2
f,actress,Nicole Shannon Design,2
,editor,Independent Film Artists Network,2
,editor,High-Definition Motion Pictures,2
,editor,Discovery Film & Video Distribution,2
,editor,Bardel Animation,2
,editor,Rolling Thunder Pictures,2
m,producer,MTI Video,2
m,director,AVU-Video-Vertriebs-GmbH,2
m,writer,AVU-Video-Vertriebs-GmbH,2
,editor,Dentsu Tec,2
,editor,Dennis Albrecht Filmproduktion,2
f,editor,Video Omega,2
,editor,Tartan Video USA,2
m,director,Videoflick,2
f,actress,Atlas Worldwide Syndications and Distributions,2
m,producer,Pride Video Productions,2
,editor,Golden-Culture-Times,2
f,editor,Société Générale de Gestion Cinématographique (SGGC),2
,editor,Viz Video,2
m,cinematographer,defLemonkid,2
f,editor,Filmax Home Video,2
,editor,Caja de Granada,2
,editor,Junta de Andalucía,2
m,producer,CBS/Fox Video,2
m,producer,Xanadeux Company,2
,editor,Savannah College of Art & Design,2
f,actress,Delusers,2
,editor,Most Video,2
,editor,El Massah Video Film,2
,editor,Centre National du Cinéma et de l'Audiovisuel de la Communauté française de Belgique,2
,editor,Made in Productions,2
,editor,Studio Film Bilder,2
f,editor,Ministère de la Culture et de la Communication,2
,editor,Videorama GmbH Essen,2
m,producer,Queeriosity Video Project,2
,editor,Obshchestvennoe Rossiyskoe Televidenie (ORT),2
,editor,Wonder View Films,2
,editor,Trademark Films,2
,editor,Les Studios de Saint Ouen,2
m,director,Deck 13 Interactive,2
f,actress,Cylinder Production,2
,editor,Nickelodeon Studios,2
f,producer,Force Video,2
m,director,CNR Video,2
,editor,Televisión Pública de Canarias,2
,editor,Les Films de Cléopâtre,2
m,producer,Lumina Video,2
,editor,Inside Track 2,2
f,actress,Consorcio para el Desarrollo Rural del Oriente de Asturias,2
,editor,Serenade Films,2
m,producer,Videograph,2
,editor,Debonair Films International,2
,editor,4 Front Video,2
,editor,Pride Video Productions,2
,editor,GMA Records Home Video,2
m,editor,Universidade Católica Portuguesa - Escola das Artes,2
m,cinematographer,Els Films de la Rambla S.A.,2
m,writer,Steven de Jong Producties,2
m,composer,Milestone Film & Video,2
,editor,Newfull Development Company,2
,editor,Border Films,2
f,actress,Zondervan,2
,editor,Instituto Nacional Autónomo de Cinematografía,2
f,actress,Dead Flower Films,2
m,editor,FilmDemic,2
,editor,Alvaro Velarde Producciones,2
,editor,Arrow Video,2
f,actress,Popojedem,2
m,producer,Obshchestvennoe Rossiyskoe Televidenie (ORT),2
m,producer,Aspa Cine-Video S.L.,2
f,actress,macideas,2
,editor,RCA/Columbia-Hoyts Home Video,2
,editor,Royal Opera House Covent Garden,2
m,writer,Aspa Cine-Video S.L.,2
f,actress,Eden Productions,2
m,director,FilmDemic,2
,editor,Epidem,2
m,editor,New Sensations Video,2
,editor,Deutsche Columbia Pictures Film Produktion,2
,editor,Allied Artists Home Video,2
f,writer,Delphis Films,2
,editor,Deva Films,2
,editor,Commission du Film de Bourgogne,2
,editor,Desiderata Productions,2
,editor,Les Films du Lendemain,2
m,director,Théâtre Impérial de Compiègne,2
f,director,Cineplex Odeon Films,2
m,composer,BPS Video Services,2
m,director,Moreno Vídeo,2
m,director,Universidade Católica Portuguesa - Escola das Artes,2
f,editor,Chartoff Hendee Productions,2
m,composer,Japan Video Distribution (JVD) Co. Ltd.,2
m,director,HVA Vídeos,2
,editor,Companhia de Imagem,2
m,cinematographer,FilmDemic,2
f,producer,Mirabai Films Delhi,2
m,writer,Universidade Católica Portuguesa - Escola das Artes,2
m,director,Aspa Cine-Video S.L.,2
m,director,Le Théâtre Français de la Musique,2
,editor,Unrendered Productions,2
f,actress,Mademoiselle Courts Production,2
,editor,Conseil Régional de Bretagne,2
m,writer,FilmDemic,2
f,actress,RenderFarm Graphics,2
f,producer,Delhi Dot Com,2
f,actress,Film and Television Academy Potsdam-Babelsberg,2
m,composer,Action Video Productions,2
,editor,Crusader Entertainment,2
f,producer,World Wide Cinema,2
,editor,Device,2
,director,Pride Video Productions,2
,director,Denon,2
f,cinematographer,Clap - Produção de Filmes,2
m,composer,National Film School Of Denmark,2
,director,Aspa Cine-Video S.L.,2
m,producer,A Forbidden Love Film Partnership,2
,director,Adapting Sideways Productions,2
,editor,Adapting Sideways Productions,2
,editor,Salto de Eje Producciones Cinematográficas S.L.,2
,director,Digital Video Dreams,2
f,producer,Thunder Bay Pictures,2
,editor,Alliance Releasing Home Video,2
,director,Action Video Productions,2
,director,Deepa Art Creations,2
,director,MCA Music Video,2
m,cinematographer,Borde Releasing,2
,director,Widescreen Productions,2
m,producer,Les Films de Cinéma,2
m,writer,Academy Video,2
m,producer,Les Films de la Suane,2
m,director,Video Team,2
f,actress,Centro de Estudios en Ciencias de la Comunicacion (CECC),2
f,writer,Alexandra Video Club,2
,director,Brøderbund Software,2
,editor,Bride Productions,2
,editor,Inside Track Films,2
,director,Bardel Animation,2
,director,Un Monde Meilleur,2
,editor,Film Development Fund of Hong Kong,2
m,director,Société Générale de Gestion Cinématographique (SGGC),2
,director,Golden Lucky,2
,director,Red Desert Films,2
m,composer,Studio Hamburg WorldWide Pictures,2
m,writer,Underjord Produktion,2
m,producer,Music Video Distributors (MVD),2
,director,Cambium Film & Video Productions,2
,director,Deep Green Films,2
,director,A Droite de la lune,2
,director,Alliance Home Video,2
,editor,S.V. Murder Mystery Movies Inc.,2
m,producer,Noir Worldwide,2
,editor,Sender Freies Berlin (SFB),2
f,actress,Films de l'Iris,2
,director,Drop spider games,2
m,director,De Familie Janssen cbva,2
m,producer,Blunderland,2
f,actress,Casa De Luz,2
,director,Sony Music Video,2
,director,Video Collection International,2
f,actress,Universidad de Cine,2
,director,Highness Video,2
,editor,Idyllwild Arts Academy,2
f,producer,Xanadeux Company,2
,composer,Polivideo,2
,composer,Instinct Eden Rock International,2
m,writer,Noir Worldwide,2
,composer,Amazon Instant Video,2
,composer,Deva Films,2
m,producer,Alliance Releasing Home Video,2
,composer,Colectivo de Danza Contemporánea Rosita Nillinsky,2
,composer,BMG Video International,2
,editor,Les Films de la Suane,2
,editor,Cité de Production Médiatique,2
m,writer,Independant Development,2
m,director,Bondesen-Graup,2
m,cinematographer,Transvídeo,2
m,cinematographer,Soyuz Video,2
m,cinematographer,Goldenring Productions,2
,editor,Warner Independent Pictures (WIP),2
f,actress,Independent Artists Unite,2
,editor,Sridevi Productions,2
,editor,Les Films à Fleur de Peau,2
m,composer,Conseil Régional de Provence-Alpes Côte d'Azur,2
,editor,Covent Garden Films,2
,editor,Studio Hamburg WorldWide Pictures,2
m,director,Noir Worldwide,2
m,director,Blunderland,2
,editor,ABC Family Worldwide,2
,editor,Légende Entreprises,2
m,director,Epidemic Pictures,2
,editor,Les Films de l'Espoir,2
,editor,Département Fédéral de l'Intérieur,2
,editor,Covent Garden Pioneer FSP,2
m,writer,Contender Films,2
,editor,Sabella Dern Entertainment,2
f,director,Freunde der Deutschen Kinemathek,2
,editor,Leader Asia Pacific Creativity Center,2
f,writer,Freunde der Deutschen Kinemathek,2
m,director,Sundance Independent Film Channel,2
,editor,Ocean Deep Films,2
f,editor,Groupement National des Cinémas de Recherche (GNCR),2
m,writer,Ideefixe Productions,2
,editor,Golden Princess Amusement Company,2
f,actress,Transcendental Media,2
m,editor,Blunderland,2
,editor,Avid Home Video,2
f,director,Société de Développement des Entreprises Culturelles (SODEC),2
,editor,X-Rated Kultvideo,2
m,producer,Hallmark Video,2
f,writer,Société de Développement des Entreprises Culturelles (SODEC),2
m,composer,Deadline Film AS,2
m,cinematographer,Eco Filmes/Prisvideo,2
m,editor,Nickelodeon Productions,2
,editor,China Star Worldwide Distribution,2
,editor,Anhui Cultural Audio Video Publishing CO.,2
m,cinematographer,Dementia7 Studios LLC,2
f,actress,Dodecá,2
,editor,Lava Video,2
m,writer,High-Definition Motion Pictures,2
,editor,Escola de Imaxe e Son,2
,editor,Code Productions,2
f,actress,Shiny Object Digital Video Inc.,2
m,editor,Penta Vídeo,2
,editor,Videoclub Misterio,2
,editor,Dep Distribution,2
,editor,Video Medien Pool (VMP) GmbH,2
,editor,Deutschfilm,2
f,actress,Defendshee Productions,2
f,writer,Warner Home Video Española S.A.,2
,editor,De Angeles Films,2
,editor,Sarabande Productions,2
f,writer,Deep River Productions,2
f,writer,MHF Zweite Academy Film,2
,editor,Les Cinémas de la Zone,2
,editor,Vadever Producciones,2
,editor,Lanterna de Pedra Filmes,2
,editor,Frederator Incorporated,2
f,producer,10th Grade Reunion Films,2
,editor,CIC Video I/S,2
f,composer,Palisades Tartan,2
f,editor,Destination Films,2
,editor,CNR Video,2
,editor,Elsevier-Vendex Film Beheer,2
m,editor,SBS Independent,2
f,actress,Cartunaria Desenhos,2
m,producer,Fries Home Video,2
m,director,Dean River Productions,2
,editor,Academy of Television Arts and Sciences (ATAS),2
m,writer,Deutscher Fernsehfunk (DFF),2
m,composer,Warner-Golden Village,2
,editor,Golden Book Video,2
m,composer,Wild Side Films,2
m,composer,Les Films de l'Arlequin,2
m,writer,Kino International Video,2
,editor,De Fina-Cappa,2
,editor,Dino De Laurentiis Company,2
f,actress,Exe Video,2
m,editor,La Géode,2
m,editor,Dead on Impact Productions,2
,editor,Zentropa International Sweden,2
,editor,Alliance Video,2
m,producer,Character Builders,2
m,director,Dead on Impact Productions,2
m,composer,e·Sence® - digital department,2
,editor,Vendetta Filmes,2
m,cinematographer,Dead on Impact Productions,2
m,writer,Xscapade Pictures Ltd.,2
f,actress,Truque Produtora de Cinema,2
m,producer,Edde Entertainment,2
m,composer,Creative Light Worldwide,2
m,editor,Blue Yonder Films,2
m,writer,Dead on Impact Productions,2
,editor,La Communauté Urbaine de Strasbourg,2
m,director,AOL Online Video,2
m,writer,Fonds Images de la Diversité,2
,editor,Centauro Films de Colombia,2
f,producer,Ivory Music & Video,2
m,producer,Modesto Film,2
,editor,Sri Sai Deva Productions,2
f,producer,Crusader Entertainment,2
,editor,Behaviour Worldwide,2
m,director,Death Note Film Partners,2
f,cinematographer,Warner Home Vídeo,2
f,cinematographer,Lizard Cinema Trade,2
,editor,Just For Kids Video,2
,editor,Amuse Video,2
m,director,Darkside Films,2
f,actress,Deep Silver,2
m,writer,Darkside Films,2
m,producer,Darkside Films,2
m,writer,CDE Videa,2
f,writer,Tour de Force,2
f,writer,Demarest Films,2
,editor,Conseil Régional de Poitou Charentes,2
m,producer,Agence Nationale pour la Cohésion Sociale et l'Egalité des Chances (ACSE),2
f,producer,Trident Releasing,2
,editor,Tax Shelter ING Invest de Tax Shelter Productions,2
f,producer,Digital Video Dreams,2
f,producer,Accidental Pictures,2
m,cinematographer,Leader Motion Pictures,2
,editor,Underground Pictures,2
,editor,"Buenavista Columbia Tri Star Films de Mexico, S. de R.L. de C.V.'",2
,editor,World Wide Cinema,2
f,actress,Bonafide Films,2
,editor,Comarex S.A. de C.V.',2
,editor,Contender Films,2
,editor,Departament de Cultura de la Generalitat de Catalunya,2
,editor,Xunta de Galicia,2
,editor,Els Films de la Rambla S.A.,2
,editor,Highness Video,2
m,writer,Anderson/Hassan Entertainment,2
,editor,Dandelion Productions,2
,editor,De Line Pictures,2
,editor,American Pride Films Group,2
,director,Cinefile Videos,2
f,actress,Worldwide Film Entertainment,2
,director,NTV Video Corporation,2
,director,BPS Video Services,2
m,writer,Les Films de la Boissière,2
,editor,Le Théâtre Français de la Musique,2
f,writer,Bandeira Entertainment,2
,editor,Théâtre Impérial de Compiègne,2
f,producer,Indipendenti Regionali,2
m,cinematographer,CBS/Fox Home Video,2
,director,Dejipare,2
m,editor,Stampede Entertainment,2
,editor,Conseil Général de l'Oise,2
,director,Guangdong Qianhe Audio & Video,2
m,writer,Tom Snyder Productions,2
m,editor,Gatorade,2
,director,Alberta Film Development Program of the Alberta Government,2
m,editor,SP Sales Worldwide,2
,director,El Massah Video Film,2
,composer,Alpha Denshi Co. Ltd.,2
m,producer,Mad.By.Design Studios,2
f,editor,Bundesministerium des Inneren (BMI),2
,composer,Duchy Parade Films,2
,composer,Wonderboy Entertainment,2
m,producer,Avid Video,2
m,director,Under the Umbrella Entertainment Group,2
,editor,Academy Films,2
f,writer,Spentzos Film Home Video,2
m,director,Music Video Distributors (MVD),2
m,producer,Pedestrian Productions,2
,composer,Big Game Cunders,2
,composer,Alvaro Velarde Producciones,2
m,director,Fox Home Video,2
,composer,Desert Magnolia Productions,2
,composer,"Zurich University of Arts, Departement Film",2
,composer,Film Threat Video,2
m,composer,European Video Distributors (EVD),2
,composer,Streamline Video,2
,composer,Sirio Vide,2
,composer,Wonderfun,2
,composer,Vox Video,2
,composer,De Beeldbrigade,2
f,actress,Maddening Loop Pictures,2
,composer,Flanders Image,2
,composer,Deutsche Filmförderfonds (DFFF),2
f,producer,Troma Team Video,2
m,writer,Outsider Pictures,2
,composer,Gobierno del Estado de Puebla,2
f,cinematographer,Walt Disney Home Video,2
,composer,Zuiderfilm,2
,composer,Instituto de Tecnología de Información de Jalisco (IJALTI ),2
,composer,C.E. Ciudad de la Luz,2
,composer,Videorama GmbH Essen,2
,composer,Academia de Cine de Guadalajara (ACINEG),2
m,composer,Deiz Production,2
,composer,Universidade da Beira Interior,2
m,composer,Death Note Film Partners,2
,composer,Persson-Mothander Film,2
f,producer,Televisa S.A. de C.V.,2
m,producer,Association Coopérative des Productions Audio-Visuelles (ACPAV),2
m,composer,Independent Pictures (II),2
m,editor,Les Films de l'Astre,2
,composer,Golconde Producciones,2
,composer,Noir Worldwide,2
,composer,Toshiba Video Softwares,2
m,producer,Ovídeo TV S.A.,2
f,actress,Verisimilitude,2
,composer,Casa De Luz,2
,composer,Idea Factory,2
,composer,Dellarocco Studios,2
,composer,Les Studios de Saint Ouen,2
f,producer,Les Films de l'Astre,2
,composer,The Czech Republic State Fund for Support and Development of Cinematography,2
,composer,Xscapade Pictures Ltd.,2
m,writer,Streamline Video,2
,composer,Adelphia Films,2
m,writer,Mad.By.Design Studios,2
m,cinematographer,Code Productions,2
f,producer,Aldea Films,2
m,composer,Columbia TriStar Home Video Hong Kong,2
f,editor,CIC Video,2
m,writer,Action Video Productions,2
f,producer,Blvd St Germain des Pres,2
f,producer,Darkside Films,2
,composer,Belgrade & Cleveland Media Group,2
m,composer,Xanadeux Company,2
m,composer,Beijing Xiaoma Benteng Film & TV Culture Development,2
,composer,Buena Vista International (Denmark),2
f,producer,Schroeder Hoffman Productions,2
,composer,Film and Television Academy Potsdam-Babelsberg,2
,composer,Collectif des riders et Réalisateurs,2
m,editor,Code Entertainment,2
,composer,VideoServis,2
f,producer,Videoflims,2
,composer,Providence Films,2
,composer,HiDe Films,2
m,producer,Demalgamation,2
,director,Ron De Cana Productions,2
m,writer,Film Development Fund of Hong Kong,2
,composer,Demian Film,2
,composer,Savannah College of Art & Design,2
m,composer,Sirio Vide,2
m,producer,Providence Entertainment,2
m,editor,C.R.R.A.V. Nord Pas de Calais,2
,composer,Aldea Films,2
f,actress,Deftone Pictures Studios,2
,composer,Videoflims,2
,composer,Consultores de Comunicación Integral S.L.,2
,composer,Promenade Pictures,2
f,director,Live Home Video,2
,composer,AOL Online Video,2
,composer,Golden Lucky,2
,composer,Deep Green Films,2
m,composer,Dino De Laurentiis Company,2
,composer,Disorder Productions,2
,composer,Sydney Underground Films,2
,composer,RocketRider Pictures,2
f,producer,Jade M,2
,composer,Légende Entreprises,2
f,writer,Creativos Asociados de Radio y Televisión (CARTEL),2
f,writer,Ovídeo TV S.A.,2
m,writer,Cinema Delicatessen,2
,composer,Cinema Pardes,2
m,writer,Ro De Film,2
m,producer,Bonton Home Video,2
,composer,Grandelusions Films,2
,composer,Tenderloin Pictures,2
f,writer,Academy Entertainment,2
,composer,Hellbender Media,2
,composer,TV5Monde,2
,composer,Dejarme Disfrutar Films,2
m,director,Obshchestvennoye Rossijskoye Televideniye (ORT) Video,2
m,cinematographer,Dereko Entertainment,2
m,writer,Provident Films,2
m,director,Cinema Delicatessen,2
,composer,Horwitz Independent Productions,2
,composer,Gladden Entertainment,2
m,writer,Pro Video,2
,composer,Just For Kids Video,2
f,actress,Deya Films,2
,composer,"Madre del Cordero Films, La",2
,composer,Film Development Fund of Hong Kong,2
,composer,Les Films de Cinéma,2
m,composer,Hellas Cosmos Video,2
,composer,Cadenza Films B.V.,2
m,cinematographer,Rolling Thunder Pictures,2
,composer,Device,2
m,director,Tel Aviv University Film & Television Department,2
,composer,Universidade Gama Filho,2
m,cinematographer,Sopa de Sobre Dibujos Animados,2
f,actress,Andhra Pradesh State AIDS Control Society,2
m,cinematographer,Videoimpulse,2
m,composer,American Independent Productions,2
f,actress,Like-Minded Entertainment,2
f,producer,Pathfinder Pictures,2
m,writer,Tri Destined Studios,2
f,director,Commission du Film de Bourgogne,2
,composer,Media Design Imaging,2
m,composer,Les Aventuriers de l'Image,2
,composer,DeusExMachina Studio,2
,composer,Gedeon Programmes,2
m,editor,AIP Home Video,2
f,producer,Commission du Film de Bourgogne,2
,composer,Avex Mode,2
f,actress,Infodel Media,2
m,composer,Les Films de l'Astre,2
m,composer,Nippon Film Development and Finance,2
,composer,New York Film Academy at Universal Studios,2
,composer,École de La Poudrière,2
,composer,Golden Way Films Ltd.,2
m,director,Destroyonur Animations,2
,composer,Encode Media Group,2
m,director,Cathay-Golden Village,2
,composer,Deckchair Productions,2
,composer,A Droite de la lune,2
f,writer,DENTSU Music And Entertainment,2
f,writer,"Grade Company, The",2
,composer,Visualien der Breitbandkatze,2
,composer,Monkey Byte Development,2
,composer,Wonder Entertainment,2
f,writer,The Grade Company,2
m,producer,Sideshow Cinema,2
,composer,Valdemar,2
f,actress,Raffaella De Laurentiis Productions,2
f,actress,Borderland Productions,2
f,actress,Las producciones del patron,2
f,actress,Drops Filmes e Vídeo,2
f,cinematographer,Nickelodeon Movies,2
,composer,Lyrick Studios Video,2
m,producer,Uderzo production,2
,composer,Niky-Bilder,2
m,writer,Huit et Demi Productions,2
,composer,Media Development Authority (MDA),2
f,actress,Universidade da Beira Interior,2
m,cinematographer,HBO Independent Productions,2
f,actress,"Centro de Diseño, Cine y Televisión",2
m,writer,Film Depot,2
m,cinematographer,Lauren Films Video Hogar S.A.,2
,composer,Pampa del Castillo Producciones,2
,composer,Unrendered Productions,2
,composer,M.A. Marcondes,2
,composer,Made in Amman Productions,2
,composer,Delta Film,2
,composer,Academy of Media Arts Cologne,2
m,writer,Gemini Video Editions,2
,composer,Crea Video Oy,2
,composer,Centre de la Première Oeuvre,2
,cinematographer,Beijing Forbidden City Film Co.,2
f,writer,Nederlands Fonds voor de Film,2
,cinematographer,Zeroinside Films,2
m,composer,GMA Records Home Video,2
f,actress,Lion's Den Films,2
m,cinematographer,CanWest Western Independent Producers Fund,2
,cinematographer,Tracey Alexander Productions,2
,cinematographer,Starlight Video Productions,2
,cinematographer,Debonair Films International,2
,cinematographer,Toshiba Video Softwares,2
f,producer,Grandelusions Films,2
m,director,SNG Film / Studio Nieuwe Gronden,2
,cinematographer,AIP Home Video,2
f,producer,Filmakademie Wien,2
m,producer,Infodel Media,2
m,director,Ministry of Culture of the Russian Federation,2
m,director,Golden Lucky,2
f,producer,Société Française de Production (SFP),2
m,producer,Rocket Pictures Home Video,2
,cinematographer,Master Video,2
,cinematographer,Golden Art Entertainment,2
m,writer,Electric Video,2
m,cinematographer,Raspberry & Lavender,2
,cinematographer,Sirio Vide,2
f,writer,DesperaDo,2
,cinematographer,Rede Globo de Televisão,2
,cinematographer,Nova Home Video,2
,cinematographer,Ecole d'Art de Uccle,2
,director,"Air de France, Nice",2
,composer,Flan de Coco Films,2
m,composer,Living Dead Guy Productions,2
,composer,Pride Video Productions,2
,composer,Buttenschøn og Budde Entertainment Rights ApS,2
,composer,Homemade Films,2
m,producer,Click Video,2
,composer,Herron Designs,2
m,editor,SNG Film / Studio Nieuwe Gronden,2
,composer,Golden Network Asia,2
,composer,Cinema Delicatessen,2
,composer,Tiertex Design Studios,2
m,composer,Dark Thunder Productions,2
,composer,Cylinder Production,2
,composer,J:COM On Demand,2
,composer,Anderson/Hassan Entertainment,2
f,cinematographer,Programme MEDIA de la Communauté Européenne,2
m,cinematographer,Arcade Video,2
m,editor,Spyder Entertainment,2
m,director,Raspberry & Lavender,2
,composer,La Maison de Ecrivains,2
,composer,Nickelodeon Movies,2
,composer,Lee Mendelson Film Productions,2
,composer,Beijing Forbidden City Film Co.,2
f,cinematographer,Prooptiki Video,2
m,director,Dereko Entertainment,2
m,composer,Raspberry & Lavender,2
,composer,Shochiku Home Video,2
m,director,Pride Video Productions,2
m,producer,LCA Gaiden Productions,2
m,cinematographer,Pathfinder Pictures,2
m,composer,"Branden Blinn Media Group, The",2
f,director,Bride Productions,2
m,composer,Dereko Entertainment,2
f,director,Craig Anderson Productions,2
f,writer,Inside Track Films,2
f,writer,Bride Productions,2
m,writer,Cadence Pictures,2
f,director,Twin Video,2
,composer,Hallmark Video,2
f,director,Akademija Dramskih Umjetnosti (ADU),2
,composer,Delon Int.,2
f,writer,Akademija Dramskih Umjetnosti (ADU),2
m,director,Centro Nacional Autónomo de Cinematografía (CNAC) (I),2
m,producer,Cascade Sky Films,2
,composer,Master Video,2
,composer,Muerto de Risa,2
,composer,Adecco,2
f,cinematographer,Les Derniers de Classe,2
,composer,Modern Music,2
m,editor,Independence Film Investments (IFI),2
m,director,Finnkino Video,2
,composer,Piktor Duende,2
m,editor,Fox Home Video,2
,composer,L.V. Prasad Film and T.V. Academy,2
m,editor,Independence Film Investments,2
,composer,Spirit Rider Productions,2
,composer,Valentim de Carvalho Multimédia,2
,composer,Shocking Videos,2
m,producer,Delante Films,2
m,producer,Freunde der Deutschen Kinemathek,2
m,director,TV5Monde,2
f,producer,Dernière Frontières Films,2
,composer,Televisão Independente (TVI),2
m,composer,Dead Fiancée Productions,2
f,producer,Transmundo Home Video (THV),2
f,producer,Videocine S.A. de C.V.,2
,composer,Dennis Albrecht Filmproduktion,2
m,writer,Independent Filmmakers Cooperative (IFC),2
m,composer,Orly Adelson Productions,2
f,director,Dendy Films,2
,composer,Alliance Independent Films,2
,composer,Border Films,2
,composer,University of California Berkeley Extension Center for Media and Independent Learning (CMIL),2
,composer,Undergroundfilm.com,2
,composer,Greenwood/Cooper Video,2
,composer,Escola Superior de Teatro e Cinema (ESTC),2
,composer,Trimark Video,2
m,producer,Modern Life,2
,composer,Sarabande Productions,2
f,writer,Warner-Golden Village,2
,composer,Finnkino Video,2
f,producer,Codex Pictures,2
,composer,Les Producteurs TV-Cine-Video (Telcima),2
,composer,Underground Railroad Company,2
m,director,Département Fédéral de l'Intérieur,2
m,composer,M & M Vihdepalvely,2
,composer,Escuela de Cine de Chile,2
,composer,Ocean Deep Films,2
,composer,Walden Media,2
,composer,Film Depot,2
,composer,Rhino Home Video,2
m,producer,Denver and Delilah Productions,2
m,writer,Modern Films Production,2
m,editor,Covent Garden Films,2
,composer,Videoflick,2
f,editor,AOL Online Video,2
f,director,Centro de Capacitación Cinematográfica (CCC),2
,composer,Global Wonders,2
,composer,WaveGarden Arts,2
,composer,Modern Audio (International) Ltd.,2
,composer,Gouvernement de la Communauté Française de Belgique,2
m,cinematographer,Inside Track 2,2
,composer,Clap - Produção de Filmes,2
f,actress,Psychedelic Offspring Productions,2
,composer,Cinémadefacto,2
,composer,Les Films De La Perrine,2
,composer,Flinders University Screen Studies Department,2
,composer,Productions Paul Lederman,2
,composer,Grupo Novo de Cinema e TV,2
,composer,Slide,2
m,editor,VideoServis,2
,composer,DMS DEBAH Films,2
,composer,Gommiaproduccionindependiete,2
m,producer,Produksjonsfondet for kino og fjernsynfilm,2
f,actress,Kino Kabaret International de Montréal,2
,composer,"Buenavista Columbia Tri Star Films de Mexico, S. de R.L. de C.V.'",2
m,cinematographer,Low Definition Films,2
,composer,Caja de Luz producciones,2
,composer,Regent Worldwide Sales,2
,composer,Comarex S.A. de C.V.',2
m,producer,Frederator Studios,2
,composer,HBO Video,2
m,director,Golden Harvest Pictures (China),2
m,producer,Edko Video,2
,composer,Greek Dessert Films,2
m,producer,Cadenza Films B.V.,2
m,director,Compagnie des Films,2
,composer,G-mode,2
,composer,Liberty or Death Productions,2
,composer,Catmandu Branded Entertainment,2
,composer,National Film Development Corporation,2
m,director,Home Made Movies,2
m,cinematographer,Centre du Cinéma et de l'Audiovisuel de la Fédération Wallonie-Bruxelles,2
f,producer,MCP Video,2
,composer,Euripide Productions,2
m,director,Institut Català de les Empreses Culturals (ICEC),2
f,producer,Deerjen Films,2
,composer,WGBH Boston Video,2
m,composer,New Macedonian Video,2
,composer,Discovery Film & Video Distribution,2
,composer,260 Degrees Entertainment,2
,composer,Eike Besuden Filmproduktion GmbH,2
,composer,Bondesen-Graup,2
,composer,Ciudad de la Luz,2
,composer,New Video Group,2
m,editor,"Dun Laoghaire Institute of Art, Design and Technology (DLIADT)",2
m,writer,High Fliers Video Distribution,2
,composer,Thunderhead Films,2
,composer,Becoming Jade Films,2
,composer,Centre Régional des Ressources Audiovisuelles (CRRAV),2
m,cinematographer,Pandemonium,2
m,producer,Academy of Television Arts and Sciences (ATAS),2
m,writer,Landscentralen for Undervisningsmidler,2
f,producer,Film Development Fund of Hong Kong,2
m,writer,Comarex S.A. de C.V.',2
,composer,Royal Scottish Academy of Music and Drama,2
f,actress,Deepa Art Creations,2
,composer,Comme des Cinémas,2
,composer,Becker Home Video,2
,composer,Pondera,2
m,director,e·Sence® - digital department,2
m,director,"Dun Laoghaire Institute of Art, Design and Technology (DLIADT)",2
m,producer,e·Sence® - digital department,2
,composer,MTV Networks de Mexico,2
m,writer,Delius Film,2
m,composer,Cambium Film & Video Productions,2
,composer,Defiant Empire,2
,composer,Treasure Inside Movies,2
,composer,Borde Releasing,2
m,producer,Sonovídeo,2
f,producer,Asian Video Wholesalers,2
f,actress,De La Salle - College of Saint Benilde,2
,composer,The Institute for the Intellectual Development of Children & Young Adults,2
m,writer,"Dun Laoghaire Institute of Art, Design and Technology (DLIADT)",2
m,director,Deutsche Columbia TriStar Filmproduktion,2
,composer,IMAX Sandde Animation,2
f,editor,Sociedad General de Derechos Audiovisuales (SOGEDASA),2
,composer,Monarch Video,2
m,producer,La Ministre de la Culture et de la Communication,2
f,editor,Vídeo Arte,2
m,composer,Penthouse Video,2
m,producer,"Dun Laoghaire Institute of Art, Design and Technology (DLIADT)",2
,composer,Les Films de la Baleine,2
,composer,Nouvelles Éditions de Films (NEF),2
,composer,Pandering to Karma Productions,2
m,director,Another Dimension of an Idea,2
,composer,Trade One,2
m,writer,Underground Film & TV Productions,2
f,editor,C/FP Video,2
,composer,Presidenzia del Consiglio del Ministri-Dipartimento dello Spettacolo,2
,composer,Medusa Video,2
,composer,Soft on Demand,2
m,editor,Ghosthouse Underground,2
m,producer,Another Dimension of an Idea,2
f,cinematographer,Société de Développement des Entreprises Culturelles (SODEC),2
,composer,Ideal Standard Film,2
,composer,Drop spider games,2
m,writer,Master Video,2
m,editor,Universidade Gama Filho,2
m,director,Universidade Gama Filho,2
m,writer,Central de Producciones Audiovisuales S.L.,2
m,writer,Universidade Gama Filho,2
m,producer,Universidade Gama Filho,2
m,writer,World Leaders,2
f,director,Escola Superior de Teatro e Cinema (ESTC),2
,composer,Al Dente Films,2
m,producer,Bardel Distribution,2
f,actress,Der Tagesspiegel,2
m,writer,Fox Video España S.A.,2
f,writer,CDE Videa,2
m,writer,Nickel Odeón Dos,2
f,producer,Regent Worldwide Sales,2
,composer,CBS Worldwide Inc.,2
m,producer,Miguel Ángel García de la Calera Elizarralde,2
,composer,Intandem Films,2
f,producer,BMG Video International,2
,composer,Fox Home Video,2
f,writer,Depth of Field,2
,composer,Envie de Tempête Productions,2
,composer,Wayfinder Films,2
m,editor,Intandem Films,2
f,editor,Depth of Field,2
,composer,Concorde Anois,2
f,composer,Advanced Computing Center for the Arts and Design (ACCAD) / The Ohio State University,2
m,producer,Brothers of the Order,2
,composer,Sega Interactive Development Division,2
f,director,Hidden Frontier Productions,2
m,composer,21st Century Video,2
,composer,Wave Video,2
,composer,Nouvelles Editions de Films (NEF),2
,composer,Sudestada Cine,2
f,director,El Deseo S.A.,2
,composer,MCP Video,2
m,writer,Fidelio Films,2
m,writer,Videoflick,2
,composer,Vadever Producciones,2
m,producer,Gideon Production Group,2
m,writer,CBS Video,2
f,director,Sociedad General de Televisión (Sogetel),2
,composer,Brothers of the Order,2
f,director,Ministerio de Cultura,2
f,writer,El Deseo S.A.,2
,composer,Bandeira Entertainment,2
m,writer,Crusader Entertainment,2
f,producer,Codeblack Entertainment,2
,composer,CineCentrum Deutsche Gesellschaft für Film- und Fernsehproduktion mbH,2
f,producer,Big Idea Productions,2
m,producer,High Fidelity Films,2
m,editor,Doctor Video,2
f,producer,Living Dead Guy Productions,2
m,director,Doctor Video,2
,composer,Drops Filmes e Vídeo,2
m,cinematographer,Doctor Video,2
f,writer,Worldwide Entertainment Group (WEG),2
m,director,De Fina-Cappa,2
,composer,Xunta de Galicia,2
f,editor,Nickelodeon Network,2
m,producer,Doctor Video,2
m,editor,Dead Fiancée Productions,2
m,writer,E.I. Independent Video,2
,composer,Golden-Culture-Times,2
,composer,Inspidea,2
m,editor,20th Century Fox de Chile,2
,composer,Liquid Desert,2
,composer,Darkside Films,2
,composer,X-Rated Kultvideo,2
m,editor,Savannah College of Art & Design,2
,composer,Televisión de Galicia (TVG) S.A.,2
m,writer,Doctor Video,2
f,producer,Handmade Flimfilms,2
m,cinematographer,Outside Films,2
f,director,Penta Vídeo,2
,composer,Video Collection International,2
,composer,Delicious Nougat,2
f,director,Demi-Monde Productions,2
,composer,Cinematografica Distributori Indipendenti (CDI),2
,composer,Cineplex-Odeon Films,2
m,composer,Codex Pictures,2
,composer,Delia & Mad Bull Films,2
f,writer,Videa,2
f,writer,Demi-Monde Productions,2
f,composer,Hochschule für Bildende Künste Hamburg,2
,composer,Opéra National de Paris,2
,composer,Deutsche Bundesstiftung Umwelt (DBU),2
m,producer,Nederlands Film Instituut,2
m,writer,Alfa-Panorama Film & Video,2
,composer,Monolith Video,2
m,producer,Private Lenders Group,2
f,actress,Delphine Software Interactive,2
f,producer,Crown Video,2
f,producer,Vision Video Gateway Films,2
,composer,Ecole supérieur d'art de Clermont-Ferrand,2
f,producer,Film Independent,2
m,composer,Les Productions de la Lanterne,2
,composer,Cinema Products Video,2
f,actress,Red Devil Productions,2
,composer,Delia Films,2
m,director,Under the Influence,2
m,writer,Lucky Red Video,2
m,cinematographer,Arrow Video,2
,composer,Ryder Seeler Productions,2
,composer,Hochschule Luzern (HSLU) Design & Kunst/Animation,2
,composer,Kinderfilm,2
m,producer,Aditya Video,2
m,composer,CanWest Western Independent Producers Fund,2
m,producer,Heavy Melody Music and Sound Design,2
f,actress,Universidade Gama Filho,2
m,producer,Comarex S.A. de C.V.',2
m,composer,Codemasters,2
m,composer,Turun Taideakatemia,2
,composer,The Fundacion del Nuevo Cine Latinoamericano,2
,composer,Interlochen Arts Academy,2
,composer,Rad Video,2
,composer,10th Grade Reunion Films,2
,composer,Jason Hall filmvideo,2
m,composer,Nordisk Film Video,2
,composer,Institut des Arts de Diffusion IAD (Louvain-la-Neuve),2
,composer,Consorzio per la Tutela del Prosecco di Conegliano-Valdobbiadene,2
f,actress,Think Eternal Video,2
,composer,Arrow Video,2
f,director,Pyramide Productions,2
f,writer,Warner Home Video France,2
,composer,DeCantillon Films,2
,composer,Keyweckshide Pictures,2
,composer,Outside Films,2
,composer,Barcode Films,2
f,actress,Meandering and Philandering,2
f,producer,Ideefixe Productions,2
,composer,Roundhay Garden Scene,2
,editor,I Sell My Tricks for Wooden Nickels,2
,composer,Starlight Video Productions,2
f,actress,Densely Hollow Films,2
m,producer,Playboy Home Video,2
,composer,Regione del Veneto,2
m,director,Ocean Deep Films,2
,composer,Concorde Video,2
m,producer,Gobierno del Estado de Coahuila,2
m,producer,Wunderbar Films,2
m,director,Bundesministerium des Inneren (BMI),2
f,producer,Video Treasures,2
m,writer,Ocean Deep Films,2
,composer,World Wide Deb Films,2
m,composer,École de La Poudrière,2
,composer,Lanzadera Films,2
m,cinematographer,Hessische Filmförderung,2
m,producer,Sciapode,2
m,writer,Sciapode,2
,composer,Office Fédéral de la Culture,2
f,producer,Videoflick,2
,composer,Frederator Studios,2
,composer,Hellas Cosmos Video,2
,composer,Goldenlark Productions,2
m,composer,Aspa Cine-Video S.L.,2
,composer,Instituto del Cine,2
,composer,Paradigm Hyde Films,2
,composer,Made in PM,2
f,actress,Delicious Nougat,2
m,writer,Bundesministerium des Inneren (BMI),2
m,composer,Deutsche Filmförderfonds (DFFF),2
,composer,Gobierno del Estado de Chiapas,2
m,director,Les Films de l'Astre,2
m,composer,Karmen Video,2
m,writer,Nordiska TV-Samarbetsfonden,2
m,writer,Deadline Film AS,2
f,composer,Bodega Films,2
m,director,Delante Films,2
m,composer,Légende Entreprises,2
m,director,UFA Video,2
,composer,Anhui Cultural Audio Video Publishing CO.,2
m,writer,Delante Films,2
m,composer,Ontario Media Development Corporation (OMDC),2
m,editor,Worldwide Entertainment Group (WEG),2
,composer,Renegade Worldwide,2
,composer,Famous Video,2
m,producer,Secretaria de Turismo,2
m,composer,Département des Alpes-Maritimes,2
m,composer,"Grade Company, The",2
f,actress,Columbia Academy,2
f,actress,TVS Endemann,2
m,writer,UFA Video,2
f,producer,Filmes de Fundo,2
,composer,Anthony DeRouen Productions,2
m,producer,DEFA-Studio Babelsberg GmbH,2
m,editor,Mitteldeutsche Medienförderung (MDM),2
,composer,Cité de Production Médiatique,2
f,actress,San Antonio Independent Christian Film Festival,2
m,director,Undercover Productions (II),2
m,producer,Conseil Général de l'Aisne,2
,composer,Frederator Incorporated,2
f,actress,Art Center College of Design,2
m,director,Société Générale des Industries Culturelles du Québec (SOGIC),2
m,director,Paradigm Hyde Films,2
,composer,Anthony DeRouen,2
f,cinematographer,Cineplex Odeon Films,2
m,producer,Cinémadefacto,2
m,composer,Minneapolis College of Art & Design,2
m,writer,Independent Film '97,2
,composer,BFI Video,2
m,composer,"Omniversum, Den Haag",2
f,director,BOB Film Sweden AB,2
,composer,Blonde Melon,2
f,cinematographer,Transmundo Home Video (THV),2
f,cinematographer,Cineplex-Odeon Home Video,2
f,writer,BOB Film Sweden AB,2
f,cinematographer,MCA Home Video,2
,composer,Secretaría de Educación Pública,2
f,composer,Universal Home Video,2
m,director,RCA/Columbia Pictures Video,2
,composer,Videa,2
,composer,Behaviour Worldwide,2
,composer,Penta Vídeo,2
,composer,Dexia,2
m,writer,Cineplex Development,2
,composer,Fonds Images de la Diversité,2
,composer,Lava Video,2
m,producer,Underground Pictures,2
,composer,Inside Films,2
f,actress,Deluded Penguin Productions,2
,composer,Delivery System Pictures LLC,2
f,actress,Cami Video Release,2
m,cinematographer,Casa Kafka Pictures Movie Tax Shelter Empowered by Dexia,2
f,producer,Lady Marmalade Music,2
m,cinematographer,MPI Home Video,2
m,cinematographer,Filmförderung Hamburg,2
,composer,Nicole Shannon Design,2
m,director,DeVine Works,2
f,producer,Fleur De Lis Film Studios,2
,composer,Pack-In-Video,2
m,composer,The Grade Company,2
m,editor,Met / Hodder,2
m,cinematographer,Fondo de Inversión y Estímulos al Cine (FIDECINE),2
,composer,Lindele Media,2
,composer,RendezVous Films,2
,composer,"Gillder Frontier, The",2
m,director,Penta Vídeo,2
m,director,Ateliers de Baere,2
,composer,Derek Flood/Sharktacos Studios,2
,composer,Evidence Productions,2
,composer,Hidden Frontier Productions,2
,composer,Filmverlag der Autoren,2
f,director,Roadshow Entertainment Video,2
f,producer,Escola Superior de Teatro e Cinema (ESTC),2
m,producer,"Branden Blinn Media Group, The",2
m,cinematographer,Video Verité Productions,2
,composer,Oldenburg International Filmfestival,2
f,director,Academy Entertainment,2
m,editor,The Fundacion del Nuevo Cine Latinoamericano,2
m,editor,Flinders University Screen Studies Department,2
f,director,Chrysalide Film,2
,composer,CDE Videa,2
m,writer,Flinders University Screen Studies Department,2
f,actress,De Beeldbrigade,2
f,producer,Stone Dead FX,2
f,editor,Les Films du Lendemain,2
,composer,Delphis Films,2
m,director,The Fundacion del Nuevo Cine Latinoamericano,2
f,actress,Madeleine Films,2
m,writer,The Fundacion del Nuevo Cine Latinoamericano,2
m,director,Golden Screen,2
m,director,Studio Babelsberg Independents,2
,composer,Confounded Films,2
f,producer,Bardel Animation,2
m,producer,Connoisseur Video,2
,composer,Dead Men Don't Play Poker,2
f,producer,Raffaella De Laurentiis Productions,2
,composer,Demented Features,2
m,composer,Videoimpulse,2
m,editor,Desselb Productions,2
,composer,Deepa Art Creations,2
,composer,Videovision Entertainment,2
,composer,Springboard Video,2
,composer,Société Générale de Gestion Cinématographique (SGGC),2
,composer,Les Films du Lendemain,2
,composer,Industrial Development Corporation of South Africa,2
,composer,Contender Entertainment Group,2
m,composer,Desselb Productions,2
m,cinematographer,Desselb Productions,2
m,cinematographer,Oulun käsi- ja Taideteollisuusoppilaitos,2
m,producer,Asociación Cine de Móstoles,2
,composer,Deco L.A. Productions,2
,composer,Playboy Video Enterprises,2
,composer,Golden Books Family Entertainment,2
m,producer,IMAX Sandde Animation,2
,composer,AllHandsOnDeck,2
m,cinematographer,Les Films du Lendemain,2
,cinematographer,Action Video Productions,2
f,actress,Tandem Pictures,2
,cinematographer,Streamline Video,2
f,actress,Zuiderfilm,2
,cinematographer,Coincidence Films,2
,cinematographer,Golden Screen Cinemas,2
m,writer,Eidetic Inc.,2
m,producer,PBS Home Video,2
,composer,Aurum Design,2
,cinematographer,Paramount Video (PV),2
,cinematographer,Centre National du Cinéma et de l'Audiovisuel de la Communauté française de Belgique,2
,cinematographer,Berliner Filmförderung,2
,cinematographer,Volderin Entertainment,2
,cinematographer,Made in Productions,2
,cinematographer,Ministère de la Communauté Française de Belgique,2
,cinematographer,Ministerie van de Vlaamse Gemeenschap,2
,cinematographer,Zuiderfilm,2
,cinematographer,Nederlandse Omroepstichting (NOS),2
,cinematographer,Asa Delta Filmes,2
,cinematographer,Cine-Clube de Avanca,2
,editor,École Cantonale d'Art de Lausanne/Département Audiovisuel (ECAL/DAVI),2
m,writer,Rede Telecine,2
,cinematographer,MMC Independent,2
,cinematographer,Delon Int.,2
m,cinematographer,Centro Universitario de Estudios Cinematográficos (CUEC),2
m,producer,Borders Edge Productions,2
,cinematographer,Noontide Filmworks,2
m,editor,Centro Cultural del Cine,2
m,writer,Fries Home Video,2
f,producer,Hey Jude Productions,2
,cinematographer,Decca,2
m,director,Concorde Filmed Entertainment,2
,cinematographer,Dentsu Motion Pictures,2
,cinematographer,Videorama GmbH Essen,2
,cinematographer,Sudden Black,2
,cinematographer,Bona Fide Productions,2
f,actress,New Ogden Cinema,2
,cinematographer,Cine du Monde,2
m,cinematographer,Centro Cultural del Cine,2
,cinematographer,Fonds Film in Vlaanderen,2
m,writer,Depths of Horror,2
m,producer,defLemonkid,2
f,director,Filmförderungsanstalt (FFA),2
f,actress,Delia Films,2
m,writer,Idea,2
f,actress,Delia & Mad Bull Films,2
m,writer,Borders Edge Productions,2
,cinematographer,Red is Dead Entertainment,2
,cinematographer,Corte y Confección de películas,2
m,writer,Rudderpost Films,2
,cinematographer,Rhino Home Video,2
m,producer,Denison Entertainment,2
m,writer,RenegadeX Productions,2
,cinematographer,Televisión Nacional de Chile (TVN),2
,cinematographer,Evidence Films,2
m,director,Fidecine,2
m,producer,Catmandu Branded Entertainment,2
,cinematographer,Chiragdeep International,2
,cinematographer,Aurum Design,2
,cinematographer,Russian Federation of Cinematography,2
,editor,Band of Outsiders Films,2
,cinematographer,Sri Balaji Video,2
,cinematographer,Video Stoodeyä,2
,cinematographer,Ocean Deep Films,2
m,director,Rudderpost Films,2
m,composer,Media Design Imaging,2
,cinematographer,Homemade Films,2
,cinematographer,Anhui Cultural Audio Video Publishing CO.,2
,cinematographer,Haydenfilms,2
m,editor,Borders Edge Productions,2
f,writer,Fonds Images de la Diversité,2
f,writer,Agence Nationale pour la Cohésion Sociale et l'Egalité des Chances (ACSE),2
,cinematographer,Mandeville Films,2
,cinematographer,Red Light District Video,2
,cinematographer,Made in Amman Productions,2
m,cinematographer,VTI Home Vídeo,2
m,writer,Rede Globo de Televisão,2
m,director,Golden Way Films Ltd.,2
,cinematographer,Delphis Films,2
,cinematographer,Craig Anderson Productions,2
,cinematographer,Viz Video,2
,cinematographer,Unknown Video,2
,cinematographer,Spyder Entertainment,2
,cinematographer,El Massah Video Film,2
,cinematographer,American Independent Productions,2
,composer,Escola de Imaxe e Son,2
m,director,Cineworks Independent Filmmakers Society,2
,cinematographer,Dennis Albrecht Filmproduktion,2
m,writer,European Video Distributors (EVD),2
m,cinematographer,Conseil Régional de Picardie,2
m,composer,Cineworks Independent Filmmakers Society,2
m,editor,Cineworks Independent Filmmakers Society,2
,cinematographer,La Société des Films Sirius,2
f,writer,Devinshire Jamestown Pictures,2
,editor,Spicer Producciones S.A. de C.V.,2
f,actress,Atitude Produções,2
m,writer,Cineworks Independent Filmmakers Society,2
f,producer,Videotrónica,2
,cinematographer,A-1 Kino Video,2
,cinematographer,Instituto de Artes do Pará,2
,cinematographer,Surrey Institute of Art & Design,2
,cinematographer,Vaishno Academy,2
,cinematographer,Videomaniacs,2
,cinematographer,X-Rated Kultvideo,2
,cinematographer,Lloyds Home Vídeo,2
,cinematographer,Merseyside Film Production Fund,2
,cinematographer,Uni-President Dream Parks Comp.,2
m,cinematographer,Cineworks Independent Filmmakers Society,2
,cinematographer,Voladero Films,2
,cinematographer,Société Générale de Gestion Cinématographique (SGGC),2
,cinematographer,Red de América Latina,2
,editor,Kulturelle Filmförderung Sachsen,2
,cinematographer,The Grade Company,2
,cinematographer,"Grade Company, The",2
,cinematographer,Secretaría de Comunicaciones y Transportes (SCT),2
,cinematographer,Universidade da Beira Interior,2
,cinematographer,Nicole Shannon Design,2
f,producer,DiTommaso Pictures in Association with Undertow Productions,2
,cinematographer,Roundhay Garden Scene,2
,cinematographer,Onion Underwater Productions,2
,cinematographer,Gedeon Programmes,2
m,editor,Edel Media & Entertainment,2
,cinematographer,Highness Video,2
,cinematographer,Fox Kids Video,2
f,composer,Filmakademie Baden-Württemberg,2
,cinematographer,Ville de Rennes,2
m,editor,Manitoba Film and Video Production Tax Credit,2
,cinematographer,Video Team,2
,cinematographer,Caja de Luz producciones,2
,cinematographer,Videonerv,2
,writer,Craig Anderson Productions,2
m,producer,Hidden Mission Entertainment,2
,composer,Oulun käsi- ja Taideteollisuusoppilaitos,2
f,editor,Little Wonder Productions,2
m,director,Les Derniers de Classe,2
,cinematographer,Neue Deutsche Film (NDF),2
f,director,Little Wonder Productions,2
f,cinematographer,Little Wonder Productions,2
f,writer,Little Wonder Productions,2
m,composer,Delta Vidéo Diffusion,2
m,cinematographer,Sundance Independent Film Channel,2
,writer,Central Saint Martins College of Art & Design,2
,writer,Video Data Bank,2
m,producer,Video 10 Distributors,2
,director,Central Saint Martins College of Art & Design,2
,editor,Central Saint Martins College of Art & Design,2
m,cinematographer,Les Derniers de Classe,2
m,director,HBO Independent Productions,2
m,producer,Sudden Motion Productions,2
m,producer,Dernière Frontières Films,2
m,cinematographer,Nicetop Independent Ltd.,2
m,producer,Golden Mark Film Distribution,2
f,actress,Grandelusions Films,2
f,writer,Sony Pictures Worldwide Acquisitions (SPWA),2
,writer,Neue Deutsche Film (NDF),2
m,producer,Ideal Grace Production Company,2
,writer,Ontario Media Development Corporation Film and Television Tax Credits,2
m,writer,CBS / Fox Video,2
,writer,Convivial Design Inc.,2
,writer,"Deep End Digital Film Group, The",2
f,director,Nederlands Filmmuseum,2
,editor,Cine de Garage,2
f,writer,Nederlands Filmmuseum,2
,editor,Fragola Design,2
f,actress,Nederlands Filmmuseum,2
m,editor,Videosyncracy,2
,writer,Chang-Wong Channel Film & Video Company,2
f,producer,Homemade Films,2
m,cinematographer,Noir Worldwide,2
f,editor,Instituto Cubano del Arte e Industrias Cinematográficos (ICAIC),2
m,director,Hidden Mission Entertainment,2
m,producer,Adelante Tv Films,2
f,actress,Raul Cardenas Producciones,2
m,producer,Blue Gardenia Productions,2
f,actress,South African Film and Video Services,2
,editor,Fladenfilm,2
f,writer,RCA/Columbia Pictures Video,2
,cinematographer,Random House Home Video,2
,cinematographer,Tordenfilm AS,2
f,actress,WonderWorld Studios,2
m,writer,Sidecar Films & TV,2
m,director,"Gillder Frontier, The",2
f,actress,Nuova Accademia delle Belle Arti (NABA),2
f,writer,Ekaterinburg Art Home Video (EAHV),2
,cinematographer,Ateliers de Baere,2
,cinematographer,Eurowide Film Production,2
,cinematographer,Undead Cow Studios,2
m,cinematographer,Deuce Three Productions,2
f,actress,Un Monde Meilleur,2
,cinematographer,Odessa Entertainment,2
m,director,Videosyncracy,2
,cinematographer,Compañía General de la Imagen (CGI),2
m,writer,"Gillder Frontier, The",2
,cinematographer,Modern Tribe Communications,2
,director,Modern Tribe Communications,2
m,editor,BFI Video,2
,cinematographer,Nederlands Filmfestival,2
m,composer,A&E Home Video,2
m,producer,Bandersnatch films,2
f,editor,Hart Sharp Video,2
,cinematographer,Département de la Charente,2
,editor,Avex Mode,2
,cinematographer,Dandelion Productions,2
,cinematographer,Vadever Producciones,2
,cinematographer,Independent Spirit Productions,2
,cinematographer,De Fina-Cappa,2
,cinematographer,Federalnoe Agentstvo po Kulture i Kinematografii,2
m,writer,Videosyncracy,2
m,producer,"Museum of Modern Art, The (MoMA)",2
f,actress,Fade 2 Black Films,2
,cinematographer,Academy of Media Arts Cologne,2
,cinematographer,Wellmade Entertainment,2
,cinematographer,Spirit Rider Productions,2
f,director,Euripide Distribution,2
m,editor,Gathering of Developers,2
,cinematographer,Modern Times,2
f,writer,Euripide Distribution,2
,director,Academy of Media Arts Cologne,2
m,producer,New York International Film and Video Festival,2
f,director,Wanda Distribución Cinematográfica de Films S.A.,2
,editor,Universidad Cardenal Herrera - CEU,2
,cinematographer,ABC Family Worldwide,2
,cinematographer,Alliance Video,2
,cinematographer,Hollywood Video,2
,cinematographer,Independent Cinema Association of the Philippines,2
m,producer,MCP Video,2
,cinematographer,8th Wonder Entertainment,2
,cinematographer,Avex Mode,2
f,editor,Universal Studios Home Video,2
,cinematographer,Intandem Films,2
,cinematographer,Blonde Melon,2
m,cinematographer,Nu Visión de Argentina,2
f,producer,Meteor Home Video,2
f,producer,Doomraider Mob Productions,2
,editor,Shade Pictures,2
,editor,Tour de Force,2
,cinematographer,CBS/Fox Home Video,2
f,producer,BBC Video,2
f,producer,Alberta Film Development Program of the Alberta Government,2
,cinematographer,Liberty or Death Productions,2
m,editor,"Cinema Design, Belgrade",2
,cinematographer,DEMD Productions,2
,editor,Catmandu Branded Entertainment,2
m,editor,Video Data Bank,2
,cinematographer,Motherlode,2
m,cinematographer,Delta Music & Entertainment,2
m,producer,Videosyncracy,2
,cinematographer,Golconde Producciones,2
,cinematographer,Videofilm,2
f,producer,Mitteldeutsches Filmkontor (MDF),2
,cinematographer,Fox Lorber Home Video,2
m,producer,Studio Video a Televizni Tvorby,2
m,producer,Carmen Video,2
,cinematographer,Cine Video y TV,2
f,producer,MTC Video,2
m,director,Video Data Bank,2
,cinematographer,Independenta Film,2
,cinematographer,Kids Edutainment Video,2
m,cinematographer,RenegadeX Productions,2
m,composer,Star Home Video,2
,cinematographer,Under The Tower Productions,2
f,producer,Mitteldeutsche Medienförderung (MDM),2
,cinematographer,Les Films de Cléopâtre,2
m,editor,Société de Développement des Entreprises Culturelles (SODEC),2
,cinematographer,Rodeo Drive,2
m,writer,Video Data Bank,2
m,director,ClandestCINE,2
m,producer,Nicetop Independent Ltd.,2
,cinematographer,AOL Online Video,2
,cinematographer,BMG Models,2
m,composer,Departamento de Cultura del Gobierno Vasco,2
m,cinematographer,ClandestCINE,2
,cinematographer,Wide Management,2
,cinematographer,École de La Poudrière,2
,cinematographer,José Frade Producciones Cinematográficas S.A.,2
f,editor,Underground Railroad Company,2
m,cinematographer,Asian Video Wholesalers,2
,cinematographer,Eden Wurmfeld Films,2
f,director,Underground Railroad Company,2
f,cinematographer,Underground Railroad Company,2
f,writer,Underground Railroad Company,2
m,cinematographer,Depths of Horror,2
,cinematographer,Chartoff Hendee Productions,2
m,writer,Golden Network,2
,cinematographer,Tenderloin Pictures,2
m,producer,Les Productions de la Lanterne,2
,cinematographer,Wonder Entertainment,2
m,writer,Odeon Entertainment,2
,cinematographer,Devin Entertainment,2
f,producer,Rizzoli Corriere della Sera Home Video (RCS),2
,cinematographer,Les Films de la Suane,2
,cinematographer,J.J. Sedelmaier Productions,2
,cinematographer,Les Films de la Baleine,2
m,director,Surrender Cinema,2
,cinematographer,Art Center College of Design,2
f,producer,Turner Home Video,2
f,composer,Golden Scene,2
,cinematographer,Meteor Home Video,2
,cinematographer,260 Degrees Entertainment,2
,cinematographer,Deckchair Productions,2
,cinematographer,Dead Men Don't Play Poker,2
f,actress,Lourdes Enterprises,2
,cinematographer,Instituto Cubano del Libro,2
m,producer,Dexia,2
m,director,DeMarsh Studios,2
m,producer,Haut Monde,2
m,composer,Unrendered Productions,2
m,editor,Lynnvander Productions,2
m,editor,China Film Media Asia Audio Video Distribution Co.,2
,cinematographer,Promenade Films,2
m,writer,Le Village de Nuit,2
f,writer,Gobierno del Estado de Coahuila,2
m,composer,Président Films,2
f,writer,Secretaria de Turismo,2
,cinematographer,Demi-Monde Productions,2
m,cinematographer,MMC Independent,2
,cinematographer,Idyllwild Arts Academy,2
f,writer,Blunderland,2
f,producer,Golden West Films,2
,cinematographer,Maison Descartes,2
m,editor,Independant,2
m,composer,Starlight Video Productions,2
,cinematographer,Wilder Films,2
,cinematographer,Death By Awesome Productions,2
,cinematographer,Ideal Pictures Corp.,2
,cinematographer,Ivory Music & Video,2
m,writer,Demeusy Pictures,2
,editor,Videoflick,2
m,producer,Delicious Films,2
m,director,Columbia TriStar Home Video Hong Kong,2
m,director,Independant,2
,cinematographer,Usva Videocollectief,2
m,writer,New York Film Academy at Universal Studios,2
,cinematographer,Warner Independent Pictures (WIP),2
m,composer,Lynnvander Productions,2
m,composer,Dead Gentlemen Productions,2
m,cinematographer,Independant,2
,editor,Usva Videocollectief,2
,cinematographer,Universidad Cardenal Herrera - CEU,2
f,producer,Upright Citizens Brigade,2
f,actress,OZI Escola de Audiovisual de Brasília,2
m,producer,Independant,2
m,writer,Cinemex Films S.A. de C.V.,2
m,writer,Academy of Art University (AAU),2
f,producer,Centre Régional des Ressources Audiovisuelles (CRRAV),2
m,director,New York Film Academy at Universal Studios,2
,cinematographer,Les Productions de la Guéville,2
f,director,Bona Fide Productions,2
,cinematographer,Pyramide International,2
f,editor,Le Club des Investisseurs,2
m,composer,Odeon Entertainment,2
f,editor,Conseil Régional des Pays de la Loire,2
f,actress,De Baron,2
,cinematographer,Instituto de Cultura de Yucatan,2
,cinematographer,Three Headed Monster,2
f,writer,Contender Entertainment Group,2
,cinematographer,Interlochen Arts Academy,2
,cinematographer,Video Data Bank,2
f,actress,Teletrade Sdn Bhd,2
m,director,Cambium Film & Video Productions,2
,cinematographer,Le Club des Investisseurs,2
,cinematographer,Wide Frame Pictures,2
f,producer,Navidi-Wilde Productions Ltd.,2
m,editor,Presidenzia del Consiglio del Ministri-Dipartimento dello Spettacolo,2
m,editor,New York Film Academy at Universal Studios,2
m,producer,CDE Home Video,2
m,composer,Chartoff Hendee Productions,2
,cinematographer,Alvaro Velarde Producciones,2
,cinematographer,Regent Worldwide Sales,2
,cinematographer,Deftone Pictures Studios,2
m,cinematographer,Département Fédéral de l'Intérieur,2
,cinematographer,Demarest Films,2
,cinematographer,UGC Video,2
f,actress,Deerbear Films,2
m,cinematographer,La Ministre de la Culture et de la Communication,2
m,composer,Metropolitan Film & Video,2
,cinematographer,Delante Films,2
f,producer,Independent Artists Unite,2
f,producer,Monolith Video,2
f,actress,Tandem Multimédia,2
f,writer,Broadway Video,2
f,writer,J.J. Sedelmaier Productions,2
m,composer,Greenwood/Cooper Video,2
f,writer,4 Front Video,2
,cinematographer,Nederlands Fonds voor de Film,2
m,editor,"Gillder Frontier, The",2
m,composer,Televisa S.A. de C.V.,2
,cinematographer,Sueños Despiertos Prodducciones Cinematográficas S.L.,2
,cinematographer,Delta Pictures,2
,cinematographer,Nu Visión de Argentina,2
,cinematographer,Serenade Films,2
,editor,Filmförderung Hessen,2
f,writer,Like-Minded Entertainment,2
f,director,Independent Television Service (ITVS),2
,cinematographer,Conquistador Worldwide Media,2
,cinematographer,Think Eternal Video,2
m,editor,Nickel Odeón Dos,2
m,director,Chang-Wong Channel Film & Video Company,2
f,producer,América Vídeo,2
f,actress,Ryder Seeler Productions,2
,cinematographer,Burning Grounds Independent Media,2
,cinematographer,Sociedad General de Cine (SOGECINE) S.A.,2
,cinematographer,South African Film and Video Services,2
,cinematographer,Wandering Eye Pictures,2
,cinematographer,Deutsche Bundesstiftung Umwelt (DBU),2
,cinematographer,York Home Video,2
m,composer,Guangdong Qianhe Audio & Video,2
,cinematographer,Connoisseur Video,2
f,producer,New Deal Productions,2
m,composer,Video Medien Pool (VMP) GmbH,2
,cinematographer,"Academy for Creative Media, University of Hawaii at Manoa",2
m,producer,Nickel Odeón Dos,2
,cinematographer,Bandeira Entertainment,2
,cinematographer,Les Films des Trois Univers,2
,cinematographer,Film and Television Academy Potsdam-Babelsberg,2
m,director,Dejarme Disfrutar Films,2
,cinematographer,AllHandsOnDeck,2
,cinematographer,J:COM On Demand,2
m,editor,Demented Features,2
,cinematographer,Le Dernier Cri,2
f,actress,Blue Underground,2
,cinematographer,Liaison of Independant Filmmakers of Toronto (LIFT),2
m,editor,Universidad de Guadalajara,2
,cinematographer,Ro De Film,2
m,composer,Videovox Stúdió,2
f,producer,Derek Flood/Sharktacos Studios,2
,cinematographer,Pro Video,2
m,composer,Amuse Video,2
m,editor,Modern Faerietale Productions (MFT),2
f,producer,Under the Influence,2
m,director,Deutschfilm,2
f,director,Casa Kafka Pictures Movie Tax Shelter Empowered by Dexia,2
,writer,Underjord Produktion,2
f,writer,Casa Kafka Pictures Movie Tax Shelter Empowered by Dexia,2
m,writer,Deutschfilm,2
,writer,Anhui Cultural Audio Video Publishing CO.,2
m,composer,Endemol Filmproduktion München GmbH,2
,director,Anhui Cultural Audio Video Publishing CO.,2
,director,Tender Pro,2
m,composer,Rede Globo de Televisão,2
,director,Ordet,2
m,editor,L'Académie de France à Rome (Villa Médicis),2
,director,Wides Publishing (Waizu Shuppan),2
m,writer,Secretaría de Cultura del Gobierno del Estado de Jalisco,2
m,producer,Nederlander Film,2
f,actress,Opéra de Bordeaux,2
m,editor,BMG Video International,2
f,actress,Desert Magnolia Productions,2
,writer,Golden Harvest Entertainment,2
m,writer,Films del Bungalow,2
f,actress,Commune de Beaucaire,2
m,producer,Legal Video,2
m,producer,Epidem,2
,writer,Backyard Video,2
,editor,DeCantillon Films,2
,cinematographer,Flashpoint Academy,2
f,writer,Desert Magnolia Productions,2
,writer,Hollywood Independents,2
m,cinematographer,Studio Babelsberg Independents,2
,writer,Guangdong Wei Jia Video Production Ltd.,2
m,producer,Good Worldwide,2
,cinematographer,Un Monde Meilleur,2
,editor,Filmprodukties de Luwte,2
,writer,Flanders Image,2
,director,Flanders Image,2
,cinematographer,Shalimar Videos,2
,editor,M.A. Marcondes,2
,director,Vox Video,2
,editor,Nederlands Filmmuseum,2
,writer,Matt Poidevin Pictures,2
,writer,Ajuntament de Barcelona,2
,writer,BSM: Barcelona de Serveis Municipals,2
m,producer,Wonderfly Films,2
,writer,Development & Peace,2
m,cinematographer,Commission du Film de Bourgogne,2
,cinematographer,Universidade Católica Portuguesa - Escola das Artes,2
,writer,Bardel Animation,2
m,director,Eden Cinema,2
,writer,Deluxe Combo Films Inc.,2
,writer,Milestone Film & Video,2
m,writer,Eden Cinema,2
f,director,Nickelodeon Productions,2
f,writer,Resnick Interactive Development,2
f,editor,Sueños Despiertos Prodducciones Cinematográficas S.L.,2
f,director,Frederator Incorporated,2
f,director,Walden Media,2
,editor,Golden Network,2
m,composer,HBO Video,2
m,editor,La Générale de Production,2
f,writer,Instituto de Crédito Oficial (ICO),2
,writer,Upright Citizens Brigade,2
m,producer,Eden Cinema,2
m,producer,DeFazio & DeFazio Productions,2
f,producer,Independenta Film,2
m,producer,Savannah College of Art & Design,2
,director,Cadence Pictures,2
m,director,La Générale de Production,2
m,editor,Ideal Grace Production Company,2
m,writer,Force Video,2
m,director,Channel 5 Video Distribution,2
f,actress,Denise Quesnel,2
m,editor,Golden Mark Film Distribution,2
f,actress,Prelude2Cinema,2
,editor,Legend Video,2
,director,Les Films de Cinéma,2
,director,Nea Kinisi Video,2
,writer,Academy of Art University (AAU),2
m,director,Destiny Entertainment Productions,2
f,actress,AkademskiFilmski Centar Dom Kulture Studentski Grad (AFC),2
,writer,Kasander & Wigman Productions,2
,composer,Wide Frame Films,2
f,actress,Akademski Filmski centar Dom Kulture Studentski Grad (AFC),2
,writer,BMG Models,2
,writer,Chartoff Hendee Productions,2
f,actress,Beijing Xiaoma Benteng Film & TV Culture Development,2
m,director,L'Académie de France à Rome (Villa Médicis),2
m,cinematographer,La Générale de Production,2
,director,Toho Video,2
f,producer,Defender Films,2
f,actress,Taurus Video,2
m,writer,La Générale de Production,2
m,writer,L'Académie de France à Rome (Villa Médicis),2
m,producer,ThunderBall Films,2
f,director,BMG Video,2
,writer,IDP Home Video,2
m,cinematographer,Videoflims,2
,writer,Equipment & Film Design,2
,writer,Deco L.A. Productions,2
f,producer,Hollywood Independents,2
m,director,Arcade,2
f,editor,Longride,2
,writer,Dolmen Home Video,2
f,cinematographer,Concorde Filmverleih,2
m,composer,Vaudeville Productions,2
f,editor,Video Audio Project (VAP),2
,editor,Atlantide Entertainment,2
m,editor,Hidden TV Productions,2
,director,Instituto Cubano del Libro,2
f,cinematographer,Sony Pictures Video,2
f,editor,Les Aventuriers de l'Image,2
f,editor,Euripide Productions,2
,writer,Consorcio Audiovisual de Galicia,2
m,cinematographer,Jos van der Pal Audio-Visuele Producties,2
m,writer,Alliance Releasing Home Video,2
,writer,Taurus Video,2
m,producer,ThunderBall International Films,2
m,writer,Arcade,2
,editor,VTI Home Vídeo,2
,cinematographer,Televisa S.A. de C.V.,2
f,producer,Orion Home Video,2
m,writer,Hidden TV Productions,2
m,producer,Hidden TV Productions,2
,cinematographer,S.V. Murder Mystery Movies Inc.,2
,director,Idyllwild Arts Academy,2
,writer,Gedeon Programmes,2
,composer,New Volga Videos,2
f,director,Centro Cultural del Cine,2
m,cinematographer,Aldea Films,2
f,editor,University of Craft and Design,2
f,producer,Cineworks Independent Filmmakers Society,2
f,producer,Televisión de Galicia (TVG) S.A.,2
f,director,University of Craft and Design,2
f,cinematographer,Wide Pictures,2
f,writer,University of Craft and Design,2
,writer,L.V. Prasad Film and T.V. Academy,2
,director,Gedeon Programmes,2
,director,New Olga Videos,2
f,editor,Videoz,2
,director,Escola Municipal de Formació Professional en Mitjans Audio-Visuals (EMAV),2
f,producer,Videoz,2
m,cinematographer,De Volkskrant,2
m,cinematographer,L'Académie de France à Rome (Villa Médicis),2
m,composer,NDE Productions,2
f,composer,Sundance Independent Film Channel,2
m,cinematographer,ICF Institut Català de Finances,2
f,composer,Noir Worldwide,2
,director,L.V. Prasad Film and T.V. Academy,2
m,cinematographer,Fleur De Lis Film Studios,2
f,cinematographer,Columbia TriStar Films de España,2
m,producer,Les Films de la Lymphe,2
m,writer,Golden Film Ltd.,2
,writer,New Video Group,2
m,cinematographer,The Wooden Lens,2
,editor,Gedeon Programmes,2
f,actress,Opéra National de Lyon,2
,writer,Lava Video,2
m,composer,Codeblack Entertainment,2
m,cinematographer,Outsider Pictures,2
,director,Lava Video,2
m,writer,Evidence Films,2
m,editor,Vassar College Drama & Film Department,2
m,cinematographer,RCS Video,2
f,cinematographer,Fox Lorber Home Video,2
m,cinematographer,"De Mann Entertainment Company, The",2
,composer,Bride Productions,2
,composer,Inside Track Films,2
,composer,Creativos Asociados de Radio y Televisión (CARTEL),2
m,producer,Sky Cosmos Development,2
m,cinematographer,Concorde Pictures,2
,writer,Valentine Video/Showtime Video Distribution,2
,cinematographer,Valentine Video/Showtime Video Distribution,2
,writer,Noir Worldwide,2
m,composer,Saban Home Video,2
f,actress,SuperExploder,2
m,composer,HIS Video,2
,cinematographer,Tapeworm Video Distributors,2
,writer,Sundance Independent Film Channel,2
,writer,Les Films de la Suane,2
,director,Codex Pictures,2
m,producer,Film House Kiselo Dete,2
,writer,Suspended Animation,2
,director,Suspended Animation,2
f,producer,The Federation,2
,composer,Super Grande Films,2
f,composer,New Horizons Home Video,2
,writer,Deal,2
,writer,Brigham Young University Animation Dept.,2
f,producer,Rainbow Home Video,2
m,cinematographer,Video Omega,2
m,producer,Orange Sky Golden Harvest Entertainment,2
,writer,Royal Opera House Covent Garden,2
,editor,Hey Jude Productions,2
f,producer,Promenade Pictures,2
m,director,Academy of Television Arts and Sciences (ATAS),2
f,director,Entermode,2
,writer,Kulturelle Filmförderung Sachsen,2
,writer,Golden-Culture-Times,2
f,writer,Société Française de Production (SFP),2
,writer,FilmDemic,2
,writer,I Will Destroy You Films,2
,director,I Will Destroy You Films,2
,writer,Deutsche Forschungsgemeinschaft,2
m,producer,Onion Underwater Productions,2
,director,Dex Entertainment,2
,cinematographer,Deutsche Forschungsgemeinschaft,2
,director,Deutsche Forschungsgemeinschaft,2
,editor,Dex Entertainment,2
m,composer,Blunderland,2
,editor,Deutsche Forschungsgemeinschaft,2
,writer,Endemol Filmproduktion München GmbH,2
,writer,Mademoiselle Courts Production,2
,director,Gouvernement de la Communauté Française de Belgique,2
f,director,Nederlands Fonds voor de Film,2
f,composer,Les Films Alain Sarde,2
,director,Mademoiselle Courts Production,2
,director,Les Films De La Perrine,2
,director,Atelier Cinéma de Normandie (ACCAAN),2
,writer,Instituto de Artes do Pará,2
m,writer,BoulderLight Pictures,2
,writer,Akademski Filmski centar Dom Kulture Studentski Grad (AFC),2
,writer,AkademskiFilmski Centar Dom Kulture Studentski Grad (AFC),2
f,actress,Studio de Castelnau,2
m,cinematographer,Esselte Video,2
,writer,Unité de Programmes Cinéma,2
f,writer,Taylor-Made Productions,2
m,producer,BoulderLight Pictures,2
,writer,Usva Videocollectief,2
m,producer,"American Independent Film Company, The",2
m,cinematographer,Turner Home Video,2
m,cinematographer,Turun Taideakatemia,2
,director,Presidenzia del Consiglio del Ministri-Dipartimento dello Spettacolo,2
f,producer,Academia de Cine de Guadalajara (ACINEG),2
,director,Usva Videocollectief,2
,composer,Nova Home Video,2
m,editor,Nederlands Fonds voor de Film,2
f,producer,Instituto de Tecnología de Información de Jalisco (IJALTI ),2
,composer,AIP Home Video,2
,cinematographer,Imagination Worldwide,2
f,producer,Golden Screen,2
,writer,Trianon Vídeo,2
m,producer,Bolder Media for Boys and Girls,2
m,director,Film Depot,2
f,writer,GMA Records Home Video,2
m,editor,"Buenavista Columbia Tri Star Films de Mexico, S. de R.L. de C.V.'",2
,composer,Gruppo Edebe',2
m,editor,Escuela de Cinema y Audiovisual Comunidad de Madrid (ECAM),2
m,producer,Bonneville Worldwide Entertainment,2
m,writer,Red Light District Video,2
m,cinematographer,Edel Media & Entertainment,2
,writer,Repubblica e Cantone del Ticino,2
m,composer,Most Video,2
m,producer,Tradewind Pictures,2
f,producer,Guild Home Video,2
m,producer,"United States Department of Defense, The",2
f,writer,Samarkanda Cine-Vídeo S.L.,2
,cinematographer,Barcode Films,2
,writer,Société Européenne de Propulsion,2
,writer,Ville de Compiègne,2
f,writer,Buena Vista International (Denmark),2
f,writer,Deuce Three Productions,2
f,actress,Tall Orders Productions,2
f,producer,Credence Productions,2
,composer,Coop Vidéo de Montréal,2
f,writer,Oldenburg International Filmfestival,2
f,producer,Credence Talent,2
f,actress,Credence Productions,2
f,actress,Credence Talent,2
f,actress,Demian Film,2
,writer,Dereko Entertainment,2
f,actress,Three Headed Monster,2
m,writer,Fox/Lorber Video,2
m,producer,Riverside Productions,2
,writer,ThunderBall Films,2
f,actress,BoulderLight Pictures,2
,writer,Raspberry & Lavender,2
m,producer,Fox/Lorber Video,2
m,composer,Syrox Developments,2
,writer,Outsider Productions,2
m,producer,Red Light District Video,2
f,writer,Quanta Centro de Produções Cinematográficas,2
,editor,BMG Models,2
m,producer,Brideshead Films,2
f,producer,Latitude Films,2
,writer,SNG Film / Studio Nieuwe Gronden,2
,director,Vilnius Academy of Fine Arts,2
,writer,Endemol South Africa,2
m,cinematographer,Sociedad Anónima del Vídeo (S.A.V.),2
,writer,Gathering of Developers,2
f,producer,Deutsche Film- und Fernsehakademie Berlin (DFFB),2
f,actress,Minerva Video,2
,director,Dejobaan Games,2
f,actress,Wondergraf,2
f,actress,Cinematografica del Sur,2
m,writer,"United States Department of Defense, The",2
m,composer,"Buenavista Columbia Tri Star Films de Mexico, S. de R.L. de C.V.'",2
,director,SNG Film / Studio Nieuwe Gronden,2
m,producer,Delaware Pictures,2
f,actress,Golden Aura Productions,2
,writer,Schokolade Filmproduktion GmbH,2
,writer,Russian Federation of Cinematography,2
f,writer,American Pride Films Group,2
f,writer,Independent Partners,2
,director,Wellmade Entertainment,2
,writer,Abode,2
f,director,Outrider Pictures,2
,writer,Video Stoodeyä,2
m,cinematographer,BMG Independents,2
m,director,Inside Track Films,2
m,editor,MPI Home Video,2
,composer,Destiny,2
m,editor,Alliance Video,2
,writer,Cinefile Videos,2
m,cinematographer,Cort/Madden Productions,2
,editor,Ontario Media Development Corporation (OMDC),2
,writer,Eidetic Inc.,2
f,writer,Schröder Media,2
,writer,Shades of Gray Entertainment,2
,writer,Debonaire Films,2
m,director,Densely Hollow Films,2
,director,Shades of Gray Entertainment,2
f,composer,Escola Superior de Cinema i Audiovisuals de Catalunya (ESCAC),2
,director,Debonaire Films,2
m,director,Code Productions,2
,director,Art Center College of Design,2
m,composer,Frontier Developments,2
f,actress,Wandering Films,2
,editor,Art Center College of Design,2
m,writer,Densely Hollow Films,2
,writer,Fox Home Video,2
m,producer,Sideways Productions Inc.,2
,cinematographer,Centre National du Cinéma et de L'image Animée (CNC),2
,writer,Loterie Nationale de Belgique,2
,writer,Berliner Filmförderung,2
f,actress,DeFamilieJanssen (DFJ),2
,writer,Ministère de la Communauté Française de Belgique,2
,editor,Ministère de la Culture de la Republique Française,2
,writer,Ministerie van de Vlaamse Gemeenschap,2
m,producer,Conseil Régional de Franche-Comté,2
m,writer,Wolfgang Odelga Filmproduktion GmbH,2
m,editor,Universidad Nacional Autónoma de México (UNAM),2
,writer,Trigger Street Independent,2
,writer,Studio Babelsberg Independents,2
,editor,Penta Vídeo,2
m,composer,CIC Video I/S,2
,writer,PBS Home Video,2
m,director,Dead Fiancée Productions,2
m,producer,The National Film and Video Foundation of SA,2
f,actress,Adecco,2
m,writer,Dead Fiancée Productions,2
m,producer,Wonderful Works,2
m,editor,Centre Régional des Ressources Audiovisuelles (CRRAV),2
,writer,Toshiba Video Softwares,2
m,composer,4 Front Video,2
m,director,Centre Régional des Ressources Audiovisuelles (CRRAV),2
m,producer,Densely Hollow Films,2
f,director,Concorde Video,2
,producer,ABC Home Video,2
m,writer,Centre Régional des Ressources Audiovisuelles (CRRAV),2
f,composer,ABC Video,2
,editor,ABC Video,2
,producer,Deutsche Forschungsgemeinschaft,2
,director,IMAX Ridefilm,2
m,composer,Mademoiselle Courts Production,2
f,actress,Dead Men Don't Play Poker,2
,producer,A Smith Side Entertainment,2
,writer,Nova Scotia Film Development Corporation,2
,writer,MediaTrade,2
,director,Masquerade Films,2
m,writer,Ovídeo TV S.A.,2
f,actress,AM2 Design,2
f,producer,BPS Video Services,2
f,writer,Adelphia Films,2
,writer,Commission du Film de Bourgogne,2
m,producer,Bande Dessinee Films,2
m,director,Confounded Films,2
f,writer,Edde Entertainment,2
m,director,Modern Audio (International) Ltd.,2
f,producer,Monster Animation and Design,2
,director,Shocking Videos,2
,writer,Wonderfly Films,2
f,producer,Federal Hill Pictures Inc.,2
f,writer,RCA/Columbia-Hoyts Home Video,2
m,writer,Confounded Films,2
,writer,Sunny Side Up,2
m,writer,Lyons Den Productions,2
m,producer,Lyons Den Productions,2
f,director,SF Video,2
f,actress,Someplace Wonderful Productions,2
f,producer,Cinevista Video,2
,writer,Lahden Muotoiluinstituutti,2
f,writer,Delphi Filmverleih Produktion,2
f,writer,VideoFilmes,2
f,director,Filmboard Berlin-Brandenburg (FBB),2
f,producer,Ministère des Affaires Étrangères,2
,director,Lahden Muotoiluinstituutti,2
m,writer,Most Video,2
m,director,New Yorker Video,2
,writer,Golden A Entertainment,2
,editor,Valdemar,2
f,writer,Twin Video,2
,writer,Conseil Général de la Seine-Saint-Denis,2
f,producer,Riverside Productions,2
f,cinematographer,Filmakademie Baden-Württemberg,2
m,writer,Condor Vídeo,2
f,editor,Instituto Nacional de Cine y Artes Audiovisuales (INCAA),2
,writer,All Worlds Video,2
m,producer,Newfoundland and Labrador Film Development,2
,editor,École Nationale Supérieure des Arts Visuels 'La Cambre' (ENSAV),2
f,producer,First Independent Films,2
m,producer,DVD Liider,2
f,producer,Pandering to Karma Productions,2
,writer,Bingo Movie Development,2
m,writer,Maurício de Souza Produções Cinematográficas,2
,writer,Action Video Productions,2
f,director,BMG Independents,2
,writer,Nsavides Productions,2
m,producer,Newfoundland Labrador Film and Video Industry Tax Credit Program,2
m,writer,Aldea Films,2
f,producer,Bondesen-Graup,2
f,writer,HilfertyHouse / Wundergeez,2
,writer,Xscapade Pictures Ltd.,2
m,cinematographer,Junta de Comunidades de Castilla-La Mancha,2
f,actress,Fantasy Home Video,2
m,director,Tenderloin Pictures,2
m,writer,Teletrade Sdn Bhd,2
,editor,Junta de Comunidades de Castilla-La Mancha,2
m,writer,Tenderloin Pictures,2
f,actress,Tender Productions,2
m,writer,New Yorker Video,2
,writer,RedEye Animation,2
,director,Alfadedis Entertainment,2
f,producer,Undertow Pictures,2
m,producer,Moody Independent,2
f,editor,Cineplex-Odeon Home Video,2
,writer,Les Films de l'Astre,2
,writer,Cosmic Video,2
f,editor,Cineplex Odeon Films,2
m,director,Aldea Films,2
,writer,Index Holdings,2
,writer,Index Visual & Games,2
,writer,Deep Side,2
m,producer,Centre du Cinéma et de l'Audiovisuel de la Fédération Wallonie-Bruxelles,2
m,editor,Tour de Force,2
,writer,Devgan Films,2
m,editor,Channel 5 Video Distribution,2
m,writer,Spicer Producciones S.A. de C.V.,2
,editor,La Compagnie des Indes,2
m,writer,Centre du Cinéma et de l'Audiovisuel de la Fédération Wallonie-Bruxelles,2
m,composer,Concorde Filmed Entertainment,2
,writer,Media Development,2
f,composer,Idyllwild Arts Academy,2
,editor,Monolith Video,2
f,producer,Dean River Productions,2
,director,Media Development,2
,writer,Cylinder Production,2
m,writer,Jason Hall filmvideo,2
f,producer,Nina Saxon Film Design,2
,writer,Département de la Charente-Maritime,2
f,producer,CBS Worldwide Inc.,2
,composer,Shades of Utopia Productions,2
m,director,"Dead Will Rise Studio, The",2
f,producer,Centro Nacional Autónomo de Cinematografía (CNAC) (I),2
m,director,Cogeco Program Development Fund,2
f,actress,Academy of Media Arts Cologne,2
m,cinematographer,"Dead Will Rise Studio, The",2
f,producer,Cines Unidos de Venezuela,2
m,writer,"Dead Will Rise Studio, The",2
m,writer,Barcode Films,2
m,producer,Centre d'Estudis Cinematogràfics de Catalunya (CECC),2
f,producer,Shade Pictures,2
m,producer,Barcode Films,2
,writer,Siddhant Sachdev Films,2
m,editor,Otto Desenhos Animados,2
m,cinematographer,Tender Productions,2
,cinematographer,Envie de Tempête Productions,2
m,editor,Golden Harvest Pictures (China),2
f,editor,Live Home Video,2
m,editor,Thought Collide Productions,2
,writer,Stimuleringsfonds Nederlandse Culturele Omroepproducties,2
m,composer,Aran Endemol S.p.a.,2
,director,Troma Team Video,2
m,producer,Modelink,2
,writer,Wonderphil Productions,2
f,editor,MonstreDe2Caps,2
,writer,Universidad de las Islas Baleares,2
,director,Universidad de las Islas Baleares,2
f,actress,Levelheaded Productions,2
,writer,Filmoteca del Centro Universitario de Estudios Cinematográficos de la UNAM,2
f,director,MonstreDe2Caps,2
f,director,Norddeutscher Rundfunk (NDR),2
,writer,De Beeldbrigade,2
,director,Conseil Général de la Drôme,2
f,writer,MonstreDe2Caps,2
f,actress,Golden Sun Films Distribution,2
,director,De Beeldbrigade,2
f,producer,MonstreDe2Caps,2
f,actress,Golden Sun Films,2
,director,Ville de Valence,2
,composer,DMVE Culture Development Co. Ltd.,2
f,actress,TIK Culture Development,2
f,actress,Golden Sun Century Multimedia,2
,editor,De Beeldbrigade,2
m,editor,The Wooden Lens,2
,writer,ABC Home Video,2
m,cinematographer,Otto Desenhos Animados,2
f,producer,BOB Film Sweden AB,2
,writer,Studio Video a Televizni Tvorby,2
f,editor,Neue Deutsche Film (NDF),2
m,writer,Otto Desenhos Animados,2
f,editor,Nederlandse Omroepstichting (NOS),2
m,cinematographer,Cinema Pardes,2
f,editor,Ministerie van de Vlaamse Gemeenschap,2
f,editor,Ministère de la Communauté Française de Belgique,2
f,editor,Berliner Filmförderung,2
m,producer,New Golden Digital,2
,writer,CH Media Berlin Brandenburg GmbH & Co. KG,2
,director,CH Media Berlin Brandenburg GmbH & Co. KG,2
,writer,Arcade Video,2
m,writer,Warner Bros. Pictures de España,2
f,writer,Redeemable Features,2
,writer,Deal Productions,2
m,director,The Wooden Lens,2
f,producer,Taideteollinen korkeakoulu,2
m,director,Atlantide Entertainment,2
f,actress,Beneath the Facade Productions,2
m,cinematographer,HBO Video,2
m,writer,Savannah College of Art & Design,2
,writer,Odeon Rybarczyk Productions,2
,cinematographer,Les Films de L'Autre,2
,writer,Philip Farah Produzioni Cinematografiche e Video,2
,writer,Film and Television Academy Potsdam-Babelsberg,2
,director,Film and Television Academy Potsdam-Babelsberg,2
m,cinematographer,Ministerie van de Vlaamse Gemeenschap,2
m,cinematographer,TV5 Monde,2
,writer,Wolfgang Odelga Filmproduktion GmbH,2
m,cinematographer,Videal GmbH,2
f,actress,Modern Grief Distributions,2
,writer,Film Dept.,2
f,actress,Modern Grief Productions,2
,director,Electric Wonder Pictures,2
m,composer,De La Salle - College of Saint Benilde,2
,editor,Electric Wonder Pictures,2
m,producer,Sarabande Productions,2
m,cinematographer,Liberty or Death Productions,2
,writer,Tandem Productions (II),2
f,producer,Sundance Independent Film Channel,2
f,actress,Sérénade Distribution,2
m,producer,Atlantide Entertainment,2
f,producer,Noir Worldwide,2
,director,Emily Carr Institute of Art + Design,2
,director,Videocine S.A. de C.V.,2
,writer,Deutsche Exotik Filmproduktion GmbH,2
m,producer,Stone Dead FX,2
,director,IDP Home Video,2
f,director,Student Life Dunedin,2
,writer,Wide Angle Media,2
,writer,Société Générale des Industries Culturelles du Québec (SOGIC),2
f,writer,Student Life Dunedin,2
f,producer,Student Life Dunedin,2
m,cinematographer,Berliner Filmförderung,2
m,writer,Behaviour Worldwide,2
,writer,TV5Monde,2
f,producer,Deer Head Productions,2
f,actress,Cinema De Balie,2
m,cinematographer,Loterie Nationale de Belgique,2
f,director,Hollywood Pictures Home Video,2
,director,Société Générale de Gestion Cinématographique (SGGC),2
f,writer,Fladenfilm,2
,writer,"Deleo Animation Trust, The",2
,director,TV5Monde,2
m,writer,Atlantide Entertainment,2
,composer,High Fidelity Films,2
m,writer,Fantasy Bride Productions,2
m,director,Myndflame/Dementia,2
f,composer,Video Film Express,2
,writer,Totally Tasteless Video,2
,writer,Royal Scottish Academy of Music and Drama,2
m,composer,Videoflims,2
m,writer,Independent Film Group,2
,director,Royal Scottish Academy of Music and Drama,2
,director,Cecchi Gori Home Video,2
f,actress,Youth Film Studio of Beijing Film Academy,2
f,producer,BSM: Barcelona de Serveis Municipals,2
f,producer,Ajuntament de Barcelona,2
m,composer,Random House Home Video,2
f,writer,Wonder Works Films,2
,editor,Creativos Asociados de Radio y Televisión (CARTEL),2
f,producer,Tiertex Design Studios,2
f,director,Prem'er Video Fil'm,2
f,director,"Ontario Film Development Corporation, The",2
m,writer,Les Films de l'Après-Midi,2
,writer,Le Club des Investisseurs,2
,cinematographer,Riders on the Storm Pictures,2
m,producer,Secretaría de Cultura del Gobierno del Estado de Jalisco,2
,director,Wild Side Films,2
m,producer,Fifty Three Degrees North,2
,cinematographer,Newlink Development,2
,writer,Lindele Media,2
m,writer,Taylor-Made Productions,2
,writer,Les Producteurs TV-Cine-Video (Telcima),2
,writer,Cami Video Release,2
,writer,Italgest Video,2
m,producer,Rawhide Pictures,2
m,writer,Taurus Film Video GmbH,2
,director,Blockade Entertainment,2
m,editor,Epidem,2
,director,Lindele Media,2
f,actress,Doctor Video,2
m,producer,Tiertex Design Studios,2
f,producer,Deluxe Combo Films Inc.,2
f,actress,Deivanai Movies,2
,writer,Golden Way Films Ltd.,2
,writer,Maison Descartes,2
m,writer,Video Team,2
m,writer,Night Time Video,2
f,producer,Vendetta Filmes,2
f,producer,Zentropa International Sweden,2
f,producer,Participate Film Academy,2
,writer,Popojedem,2
,writer,Huit et Demi Productions,2
f,producer,Cort/Madden Productions,2
,writer,Deepjoy Picture,2
m,director,Manitoba Film and Video Production Tax Credit,2
m,editor,York Home Video,2
m,director,Epidem,2
f,composer,Destination Films,2
m,producer,Erotic Angel Video,2
,director,Popojedem,2
f,composer,HIS Video,2
m,director,Modern Video,2
m,writer,Modern Video,2
,director,Delphine Software Interactive,2
,writer,The Fundacion del Nuevo Cine Latinoamericano,2
f,actress,HIS Video,2
,writer,Discovery Film & Video Distribution,2
,writer,Goldenlark Productions,2
f,composer,Manga Video,2
,writer,Département des Alpes-Maritimes,2
m,producer,Syrox Developments,2
,writer,Videoz,2
,director,Goldenlark Productions,2
,writer,Ro De Film,2
m,producer,TCU Student Filmmakers Association,2
f,director,YonderQuest,2
m,director,Hellbender Media,2
,editor,Universidade Católica Portuguesa - Escola das Artes,2
,writer,Endemol Italia,2
,director,Videoz,2
f,writer,Becoming Jade Films,2
,writer,Sociedade Independente de Comunicação (SIC),2
f,cinematographer,YonderQuest,2
,writer,Pro Video,2
m,producer,Hellas Video,2
m,writer,Hellbender Media,2
f,producer,Moody Independent,2
m,writer,Velarde Films S.L.,2
,editor,Goldenlark Productions,2
m,editor,Outsider Pictures,2
,writer,Dino De Laurentiis Company,2
f,director,Hart Sharp Video,2
,writer,Gobierno del Estado de Chiapas,2
,writer,Villa del Cine,2
,writer,Providential Pictures Inc.,2
m,composer,Tandem Filmproduktion,2
,writer,Pride Video Productions,2
,writer,"Zespol Filmowy ""Indeks""",2
,writer,Instituto Nacional Autónomo de Cinematografía,2
m,writer,General Video,2
,editor,Eurowide Film Production,2
m,cinematographer,Wonder World Pictures,2
f,writer,C/FP Video,2
f,director,"Film Department, The",2
,writer,"Zurich University of Arts, Departement Film",2
f,producer,Intandem Films,2
f,producer,Nippon Film Development and Finance,2
,director,DEFA-Studio Babelsberg GmbH,2
,director,"Zurich University of Arts, Departement Film",2
,director,Impuls Video,2
f,writer,Bona Fide Productions,2
m,writer,Filmoimagen S.A. de C.V.,2
,director,José Auzmendi Lizarralde,2
m,producer,Defiant Empire,2
m,editor,Golden Shadow Pictures,2
,editor,Filmes de Fundo,2
f,actress,I Made A Movie Studios,2
,cinematographer,HiDe Films,2
f,actress,Andersen,2
f,producer,Tempe Video,2
m,cinematographer,Escuela de Cinematografía y Actuación de Monterrey The Films Workshops,2
f,editor,Odean S.A.,2
,cinematographer,Filmoimagen S.A. de C.V.,2
m,editor,MHF Zweite Academy Film,2
,writer,Fonds Images de la Diversité,2
m,cinematographer,Centro de Investigación Cinematográfica (CIC),2
,writer,Ghost Code,2
,writer,Confident Films,2
f,actress,"Dun Laoghaire Institute of Art, Design and Technology (DLIADT)",2
,director,Delux Productions,2
f,actress,Golden Age Films,2
f,actress,Peliculas Mexicanas en Video S.A.,2
f,writer,Underpaid Productions,2
f,producer,Underpaid Productions,2
,writer,Ass Video,2
f,cinematographer,Wolfe Video,2
m,producer,Video Medien Pool (VMP) GmbH,2
m,director,Mitteldeutsches Filmkontor (MDF),2
,writer,Modern Music,2
,cinematographer,Modern Music,2
,writer,KC Grinder Productions,2
,writer,Sri Balaji Video,2
,writer,Sri Lakshmi Devi Productions,2
,writer,Comme des Cinémas,2
,director,Modern Music,2
,director,KC Grinder Productions,2
,writer,Jovem Pan Home Vídeo,2
f,cinematographer,Columbia TriStar Films de Argentina,2
,composer,Roadshow Home Video,2
f,producer,Slide Screen Entertainment,2
m,composer,Providence Entertainment,2
,writer,Tres K Lion Video Productions,2
m,writer,Nederlander Film,2
f,actress,Les Films des Trois Univers,2
,writer,Spirit Rider Productions,2
,writer,Desert Magnolia Productions,2
f,cinematographer,Universe Laser & Video Co. Ltd.,2
f,cinematographer,Deltamac Entertainment,2
f,cinematographer,Palisades Tartan,2
,director,Tres K Lion Video Productions,2
f,cinematographer,Golden Scene,2
m,composer,Branded Entertainment/Batfilm Productions,2
m,editor,Conseil Régional de Provence-Alpes Côte d'Azur,2
m,director,Døvefonden,2
m,editor,Ponderous Productions,2
,cinematographer,Ravinder Grewal Productions,2
,cinematographer,Equipment & Film Design,2
,cinematographer,Ravinder Grewal Productoins,2
,writer,Asa Delta Filmes,2
f,actress,Niche.LA Video Art,2
m,composer,Groupement National des Cinémas de Recherche (GNCR),2
f,producer,Asia Video Publishing Co. Ltd.,2
m,director,Ponderous Productions,2
m,producer,Interlude Pictures,2
f,actress,Dead at 40 Productions,2
m,editor,Arbeitsgemeinschaft der öffentlich-rechtlichen Rundfunkanstalten der Bundesrepublik Deutschland (ARD),2
,writer,Arcade,2
,writer,New Olga Videos,2
,director,Crusader Entertainment,2
,director,Asa Delta Filmes,2
,cinematographer,Independent Filmmakers Cooperative (IFC),2
,writer,Cinema Delicatessen,2
m,director,Odense Kommune,2
f,writer,Nickelodeon/MTV Networks,2
,writer,Les Films de Mai,2
m,producer,Undertow Pictures,2
,writer,Tandem Pictures,2
f,writer,Renegade Films,2
,writer,BBC Video,2
,writer,Academy Films,2
,writer,Ocean Deep Films,2
,director,Les Films de Mai,2
m,director,Egmont Fonden,2
f,producer,China Star Worldwide Distribution,2
f,writer,Nijenhuis & de Levita Film & TV B.V.,2
f,writer,Volderin Entertainment,2
m,director,Undervisningsministeriets Mediekontor,2
m,director,"University of the Arts, Philadelphia",2
f,actress,Bare Bones Independent Film Festival,2
m,composer,Tapeworm Video Distributors,2
,director,BMG Models,2
f,writer,Monarch Home Video,2
,writer,Wander Films,2
,writer,Movie Tax Shelter Empowered by Dexia,2
f,editor,Recorded Picture Company (RPC),2
f,producer,Wonder Entertainment,2
,director,Dexia,2
m,director,Undervisningsministeriets Tips- og Lottomidler,2
m,producer,Beijing Goldenplate Film,2
,writer,Fábrica Brasileira de Imagens,2
m,editor,Outrider Pictures,2
f,producer,SNG Film / Studio Nieuwe Gronden,2
,composer,Maurício de Souza Produções Cinematográficas,2
f,actress,Film House Kiselo Dete,2
,writer,Flashpoint Academy,2
m,cinematographer,Dead Fiancée Productions,2
m,director,Outrider Pictures,2
,writer,Wildside Production,2
,writer,New Horizons Home Video,2
,cinematographer,Niche.LA Video Art,2
f,cinematographer,Universal Home Video,2
,composer,America Video Film,2
f,producer,De Warrenne Pictures,2
f,producer,"Alberta Film Development Program of the Alberta Foundation for the Arts, The",2
m,composer,"University of the Arts, Philadelphia",2
,director,Niche.LA Video Art,2
,writer,Eike Besuden Filmproduktion GmbH,2
f,actress,Unknown Video,2
,cinematographer,Big Sky Video,2
f,director,Orion Home Video,2
,writer,China Vídeo,2
,director,The Institute for the Intellectual Development of Children & Young Adults,2
f,cinematographer,Líder Films,2
f,cinematographer,Alliance Atlantis Home Video,2
f,actress,Destiny Record & Films,2
,writer,BPS Video Services,2
,composer,America Video,2
,editor,Niche.LA Video Art,2
m,writer,e·Sence® - digital department,2
f,writer,Independent Film Artists Network,2
,writer,Team Video Plus,2
f,producer,Independent Film Artists Network,2
,composer,Desire Media Entertainment,2
m,writer,Tres Minutos Contra el Monstruo del Largometraje,2
f,actress,Independent Spirit Productions,2
,writer,Covent Garden Films,2
f,writer,Added Films International,2
,writer,On Camera Cinema e Vídeo,2
,writer,Codex Pictures,2
,writer,Idea Bank & Creation,2
f,writer,Added Entertainment,2
,producer,Edko Video,2
,writer,Conseil Régional de Poitou Charentes,2
,writer,Tax Shelter ING Invest de Tax Shelter Productions,2
,writer,Verboden,2
f,writer,Ministère des Affaires Étrangères,2
,director,Verboden,2
,editor,Verboden,2
,writer,Sudden Black,2
m,editor,Golden Art Entertainment,2
m,producer,CBS Worldwide Inc.,2
,writer,Tradewinds Entertainment,2
m,producer,John Wilder Nightwatch Productions,2
m,director,Golden Art Entertainment,2
m,producer,Golden Art Entertainment,2
m,writer,Palawood Development Inc.,2
,producer,WMA Independent,2
,writer,Tracey Alexander Productions,2
,writer,Destiny Image Films,2
,director,Uni-President Dream Parks Comp.,2
,director,Dentsu Tec,2
,writer,Adelson Entertainment,2
,director,Golden Village,2
m,editor,CIC Victor Video,2
m,director,Esselte Video,2
,cinematographer,Flinders University Screen Studies Department,2
,director,Piktor Duende,2
,producer,Stichting Produktiefonds voor Nederlandse Films,2
,writer,Studio Vandersteen,2
m,editor,4 Front Video,2
m,director,Deuce Three Productions,2
m,director,RCS Video,2
f,editor,Independent Film Channel (IFC),2
m,producer,L.V. Prasad Film and T.V. Academy,2
,cinematographer,Nickelodeon,2
m,writer,Desert Magnolia Productions,2
,cinematographer,"Gillder Frontier, The",2
,writer,Flanders Audiovisual Fund (VAF),2
,producer,Endemol Filmproduktion München GmbH,2
,cinematographer,Liquid Desert,2
,cinematographer,BMG Video International,2
m,writer,Hidden Staircase,2
,producer,Weydemann Bros.,2
,producer,Bayerische Landeszentrale für neue Medien (BLM),2
,writer,Weydemann Bros.,2
,writer,Bardel Entertainment,2
m,producer,Little Gaddesden Productions,2
,producer,John Wilder Nightwatch Productions,2
,editor,Weydemann Bros.,2
,producer,Esselte Video,2
,writer,World Wide Multi Media,2
f,producer,Pandemonium,2
f,writer,Michael Alden Productions,2
m,producer,KC Grinder Productions,2
f,producer,Michael Alden Productions,2
,composer,8th Wonder Media Group,2
m,composer,Simitar Video,2
,director,World Wide Multi Media,2
m,director,Delphis Films,2
,composer,Fidelis Films,2
m,producer,RCA Home Video,2
,writer,China Star Worldwide Distribution,2
,composer,Relatively Redeemable Productions,2
,composer,World Wide Motion Pictures Corporation,2
f,actress,Evidence Productions,2
f,director,Broadway Video,2
,writer,Studio Arkadena,2
,producer,Homemade Films,2
,writer,RocketRider Pictures,2
f,producer,Sarabande Productions,2
m,composer,Tenderlee Motion Pictures Company,2
,cinematographer,RocketRider Pictures,2
,writer,Surrey Institute of Art & Design,2
,director,RocketRider Pictures,2
f,actress,Busch Gardens,2
m,producer,Koba Films Video,2
m,cinematographer,Universidade Lusófona de Humanidades e Tecnologias,2
,editor,RocketRider Pictures,2
,composer,Dentsu Tec,2
,producer,Colectivo de Danza Contemporánea Rosita Nillinsky,2
,writer,Indeed films,2
m,director,New Volga Videos,2
,director,Dodecá,2
f,producer,E.I. Independent Cinema,2
f,editor,La Communauté Urbaine de Strasbourg,2
,director,Spirit Rider Productions,2
m,producer,Del Sur Productions,2
,editor,Ministero del Turismo e dello Spettacolo,2
,editor,Ecole d'Art de Uccle,2
m,cinematographer,Metropolitan Film & Video,2
f,actress,Triade Films,2
,producer,Tender Productions,2
f,actress,Tender Pixel Gallery,2
,writer,Centre du Cinéma et de l'Audiovisuel de la Fédération Wallonie-Bruxelles,2
m,director,Matt Poidevin Pictures,2
,producer,Jos van der Pal Audio-Visuele Producties,2
f,writer,Anderson Digital,2
,cinematographer,Tender Productions,2
m,cinematographer,Thunder Road Pictures,2
,director,Jos van der Pal Audio-Visuele Producties,2
m,producer,Matt Poidevin Pictures,2
,editor,Tender Productions,2
,producer,Videotek,2
,producer,Tribeca Flashpoint Media Arts Academy,2
f,writer,Viz Video,2
,producer,A Droite de la lune,2
f,writer,Crude Experiments,2
f,writer,Nightshade Productions,2
m,composer,"De Mann Entertainment Company, The",2
f,producer,Crude Experiments,2
f,producer,Nightshade Productions,2
f,actress,Netherlands Film and Television Academy,2
,producer,Resident Evil CG Film Partners,2
,writer,In Demand,2
,composer,In Demand,2
m,writer,Deal Productions,2
,director,Dentsu Motion Pictures,2
,director,Conseil Général de l'Oise,2
,writer,High Definition Pictures,2
,cinematographer,Studio Arkadena,2
f,editor,Le Fresnoy Studio National des Arts Contemporains,2
,director,Conseil Régional de Picardie,2
m,composer,Filmförderung Hessen,2
m,producer,ABC Film & Video,2
,cinematographer,Allied Artists Home Video,2
,editor,De Filmfreak,2
m,cinematographer,VideoServis,2
m,producer,Underhill Films,2
m,composer,Filmprodukties de Luwte,2
,composer,L'Octopode,2
m,director,Sender Freies Berlin (SFB),2
m,director,Condor Video,2
m,writer,Sender Freies Berlin (SFB),2
,editor,EI (Exposure Index) Independent Cinema,2
f,editor,De Warrenne Pictures,2
m,director,Treasure Inside Movies,2
,writer,Deep Green Films,2
m,cinematographer,Rainstorm Video & Film,2
m,composer,Big Sky Video,2
,director,e·Sence® - digital department,2
f,actress,Providential Pictures Inc.,2
f,writer,Thought Collide Productions,2
,cinematographer,DEFA-Studio Babelsberg GmbH,2
,director,Cinema Pardes,2
m,writer,Treasure Inside Movies,2
,producer,World Leaders,2
,producer,Strong Video,2
f,writer,Sony Wonder,2
,director,Entertainment in Video,2
,cinematographer,UFA Video,2
m,director,De Palacio Films,2
,editor,Connoisseur Video,2
m,producer,Treasure Inside Movies,2
m,director,Ciudad de la Luz,2
,director,New Concorde Home Entertainment,2
,cinematographer,Xunta de Galicia,2
m,writer,Ciudad de la Luz,2
m,cinematographer,Sarabande Productions,2
,cinematographer,Televisión de Galicia (TVG) S.A.,2
,writer,Academy of Television Arts and Sciences (ATAS),2
f,cinematographer,EuroVideo,2
,writer,TideRock Films,2
m,writer,Number One Video,2
m,producer,Deviant Films,2
,editor,New Puppet Order,2
,writer,Wonder Entertainment,2
m,writer,Brentwood Home Video,2
,writer,Sciapode,2
,producer,"Universitatea Nationala de Arta Teatrala si Cinematografica ""I.L. Caragiale"" (UNATC)",2
f,producer,Epidem,2
,producer,Covent Garden Films,2
,writer,Entermode,2
m,composer,RCA Home Video,2
f,actress,Greenerside Productions,2
,composer,Debonair Films International,2
,editor,Demi-Monde Productions,2
m,writer,Condor Video,2
,producer,Ville de Strasbourg,2
,producer,Le Deuxième Souffle Films & Associés,2
,writer,La Communauté Urbaine de Strasbourg,2
m,writer,Conseil Régional de Poitou Charentes,2
,writer,Autodesk,2
f,actress,Edivídeo,2
m,producer,Ritter Video Group,2
f,director,Providence Films,2
m,writer,Conseil Général de la Charente,2
m,editor,Live Video,2
,director,La Communauté Urbaine de Strasbourg,2
,director,Laguna Video Games,2
,director,University of California Berkeley Extension Center for Media and Independent Learning (CMIL),2
,editor,Parallel Wonders,2
f,producer,RCA/Columbia Pictures International Video,2
f,producer,Video Omega,2
,director,Autodesk,2
,composer,I Sell My Tricks for Wooden Nickels,2
,composer,Dear Skyyler Productions,2
,producer,Reaction Independent Studios,2
,composer,Condor Vídeo,2
f,writer,Clap - Produção de Filmes,2
f,producer,Providencia,2
f,cinematographer,Universidade Lusófona de Humanidades e Tecnologias,2
f,actress,La Esquina del Cine,2
,producer,Surrey Institute of Art & Design,2
f,director,Liquid Desert,2
,producer,Golconde Producciones,2
m,composer,Hellas Video,2
m,editor,Iron Oxide Productions,2
f,writer,Liquid Desert,2
,cinematographer,Inside Track Films,2
f,producer,Arsenal Institute for Film and Video Art,2
f,producer,Liquid Desert,2
f,writer,Cogeco Program Development Fund,2
m,writer,Exclusief Film en Video,2
,cinematographer,LCA Gaiden Productions,2
m,writer,Tax Shelter ING Invest de Tax Shelter Productions,2
,director,2 Entertain Video,2
f,writer,ICF Institut Català de Finances,2
m,producer,Cult Video,2
m,director,Depressing Prospects Films,2
f,editor,Prem'er Video Fil'm,2
f,director,Peach Video,2
,producer,Les Producteurs TV-Cine-Video (Telcima),2
,cinematographer,Wides Publishing (Waizu Shuppan),2
f,composer,Deltamac Entertainment,2
f,writer,Essex Vídeo España S.L.,2
,editor,Wides Publishing (Waizu Shuppan),2
f,composer,DeA Planeta Home Entertainment,2
,composer,Sridevi Productions,2
,editor,Nova Scotia Film Development Corporation,2
f,actress,Adelaide Productions,2
f,actress,Société Logovéenne du Film et de l'Image Pictures (SLOGF),2
m,producer,Exclusief Film en Video,2
f,editor,Monster Animation and Design,2
m,writer,Depressing Prospects Films,2
f,actress,Bruno Andrade & Evilasia Poluceno,2
m,producer,Depressing Prospects Films,2
f,producer,Wonderland Films,2
m,cinematographer,Casa de Produção,2
,director,Pehade Beheer BV (BBI),2
,editor,Salt City Home Video,2
m,editor,Sociedad Anónima del Vídeo (S.A.V.),2
f,producer,Independent Online Cinema,2
m,director,Video Treasures,2
f,actress,Circus Devils,2
,producer,Nicole Shannon Design,2
f,director,Deutsche Film- und Fernsehakademie Berlin (DFFB),2
f,editor,MCA Home Video,2
m,director,Cinema Products Video,2
f,director,InDigEnt (Independent Digital Entertainment),2
,writer,Nicole Shannon Design,2
f,producer,Sol Goode LLC,2
,writer,Flipside Lab,2
,producer,Théâtre Musical de Paris Châtelet,2
m,director,Euripide Distribution,2
m,writer,Video Medien Pool (VMP) GmbH,2
,producer,RedEye Animation,2
,director,Alliance Independent Films,2
m,cinematographer,Modern Video,2
f,actress,Usva Videocollectief,2
,producer,Ministero del Turismo e dello Spettacolo,2
m,director,Ecole d'Art de Uccle,2
m,composer,USA Home Video,2
,director,Concorde Video,2
,cinematographer,Videovox Stúdió,2
,producer,WildEye Releasing,2
,director,Film Afrika Worldwide,2
,cinematographer,Films de Force Majeure,2
f,director,Clap - Produção de Filmes,2
,director,WildEye Releasing,2
,composer,"BKM, kulturelle Filmförderung des Bundes",2
,director,Ostdeutscher Rundfunk Brandenburg (ORB),2
,director,Michael De Luca Productions,2
m,producer,Ecole d'Art de Uccle,2
,editor,WildEye Releasing,2
,director,UFA Video,2
f,writer,HBO Independent Productions,2
,director,Films de Force Majeure,2
,producer,Tender Pixel Gallery,2
,producer,Highlite Modeling Agency,2
f,producer,Desert Light Productions,2
,writer,Tender Pixel Gallery,2
,writer,Highlite Modeling Agency,2
m,writer,Scott Sanders Productions,2
,cinematographer,Turner Home Video,2
m,writer,Filmförderung Hessen,2
,cinematographer,Tender Pixel Gallery,2
,director,Highlite Modeling Agency,2
,cinematographer,Condor Vídeo,2
f,producer,CDE Home Video,2
m,composer,Debonaire Films,2
,producer,Academy of Art University San Francisco,2
,director,Tender Pixel Gallery,2
m,producer,Filmförderung Hessen,2
f,producer,C-sales Arthouse Video,2
,editor,Highlite Modeling Agency,2
m,composer,Shades of Gray Entertainment,2
m,composer,Leader Motion Pictures,2
m,writer,Ritter Video Group,2
,producer,Sri Lakshmi Devi Productions,2
m,producer,Kidex Investment Ltd.,2
m,composer,Deep Sett Productions,2
m,writer,BPS Video Services,2
,writer,Pampa del Castillo Producciones,2
f,producer,Hellbender Media,2
,writer,Desert Wind,2
m,director,Rainstorm Video & Film,2
f,actress,Point.360 - Westside,2
,producer,Liaison of Independant Filmmakers of Toronto (LIFT),2
,writer,RCA/Columbia Pictures International Video,2
,editor,European Video Distributors (EVD),2
,producer,Wides Publishing (Waizu Shuppan),2
f,producer,Collective Development,2
,producer,Freunde der Deutschen Kinemathek,2
,director,Film Threat Video,2
,director,Salt City Home Video,2
,director,Medien- und Filmgesellschaft Baden-Württemberg,2
f,actress,Just For Kids Video,2
f,producer,Widestream Films,2
m,director,Night Time Video,2
,director,Pandering to Karma Productions,2
m,writer,Winson Video,2
,editor,Pandering to Karma Productions,2
,cinematographer,Instituto de Crédito Oficial (ICO),2
f,writer,Made To Love Productions,2
f,writer,Colectivo de Danza Contemporánea Rosita Nillinsky,2
f,actress,La Compagnie des Ondes,2
,producer,Irresistible Delta,2
m,director,Orange Sky Golden Harvest Entertainment,2
,writer,Wonderboy Entertainment,2
,director,Landesman Productions,2
,producer,Media Desk Hellas,2
m,writer,Ogden Entertainment,2
,producer,Aniade,2
,editor,Dean River Productions,2
m,composer,Zomba Video,2
,director,"nwjones - Art, Design and Animation",2
,editor,"nwjones - Art, Design and Animation",2
,director,Videoflick,2
m,composer,Fondo para la Producción Cinematográfica de Calidad (FOPROCINE),2
,producer,Les Films de Cléopâtre,2
,writer,Les Films de Cléopâtre,2
f,producer,McFadden Family Films,2
f,producer,FilmDemic,2
f,director,Pehade Beheer BV (BBI),2
,director,Les Films de Cléopâtre,2
,writer,MCA Music Video,2
f,actress,Seaside Pictures,2
m,composer,Sueños Despiertos Prodducciones Cinematográficas S.L.,2
m,writer,Internationale Filmproduktion Stella-del-Sud Third,2
,director,Barney Home Video,2
m,director,"Air de France, Nice",2
f,writer,Global Wonders,2
m,editor,Office Fédéral de la Culture,2
f,actress,Widescreen Productions,2
f,producer,PolyGram Home Video,2
f,actress,HiDe Films,2
,writer,Radiant Design,2
m,producer,Producciones Alfa Audiovisual S.A. de C.V.,2
f,cinematographer,Outrider Pictures,2
f,director,Debonair Films International,2
f,actress,Worldtrade Entertainment,2
m,director,Eden Wurmfeld Films,2
f,actress,Forbidden City Films,2
m,director,Universidad Nacional Autónoma de México (UNAM),2
f,producer,Debonair Films International,2
m,director,Wolfgang Odelga Filmproduktion GmbH,2
,cinematographer,After Movies Video System,2
,cinematographer,Radiant Design,2
,editor,Forum des Images,2
,editor,MTC Video,2
f,writer,Shemaroo Video Pvt. Ltd.,2
,writer,Eden,2
m,editor,Arcade,2
m,composer,Trademark Films,2
,editor,Carmen Video,2
,producer,Video Medien Pool (VMP) GmbH,2
f,producer,Alfadedis Entertainment,2
,writer,Earthly Delights Films,2
m,director,Scheherazade,2
,editor,Alexander/Enright & Associates,2
m,composer,Hidden TV Productions,2
,writer,Brooklyn Independent Studios,2
f,producer,Prisvídeo,2
f,producer,Odean S.A.,2
,director,High Fliers Video Distribution,2
f,cinematographer,Concorde Home Entertainment,2
f,director,Dentsu,2
,director,Brooklyn Independent Studios,2
f,producer,Taylor-Made Productions,2
f,editor,Manga Video,2
,editor,El Deseo S.A.,2
f,editor,DENTSU Music And Entertainment,2
m,editor,Render Insensible,2
,cinematographer,Tenderlee Motion Pictures Company,2
,cinematographer,Epidem,2
m,editor,Modern Tribe Communications,2
m,director,Hidden Forest Studios,2
f,writer,Presidenzia del Consiglio del Ministri-Dipartimento dello Spettacolo,2
,writer,Odean S.A.,2
,producer,Central Saint Martins College of Art & Design,2
f,director,Cinematografica Distributori Indipendenti (CDI),2
,producer,Pondera,2
f,writer,Compañía General de la Imagen (CGI),2
,producer,Haydenfilms,2
,producer,Sender Freies Berlin (SFB),2
f,actress,Vassar College Drama & Film Department,2
,director,DeCantillon Films,2
,editor,China Film Media Asia Audio Video Distribution Co.,2
f,producer,"Gillder Frontier, The",2
,writer,Ateliers de Baere,2
,editor,Newlink Development,2
m,editor,High Definition Pictures,2
m,writer,Hidden Forest Studios,2
m,producer,Hidden Forest Studios,2
,producer,Secretaría de Comunicaciones y Transportes (SCT),2
m,writer,Instituto de Artes do Pará,2
,director,Star Home Video,2
m,writer,Companhia de Imagem,2
,producer,World Wide Web,2
,producer,The Very Idea Inc.,2
m,producer,Karmen Video,2
f,writer,Deutsche Film (DEFA),2
,cinematographer,Olhos de Cão Produções Cinematográficas,2
f,actress,Cartafilm Independent Factory,2
,writer,World Wide Web,2
,producer,Independent Network International (INI),2
f,actress,Highness Video,2
f,actress,Desastre de Cine,2
f,actress,Modern Music,2
,director,CanWest Western Independent Producers Fund,2
,cinematographer,Concorde Video,2
f,director,3 Sides Entertainment,2
f,actress,Gideon Production Group,2
f,actress,SpiderCircle Films,2
f,producer,York Home Video,2
f,actress,Independencia Productions,2
,writer,Burning Grounds Independent Media,2
,producer,Self Destructive Films,2
,writer,Euripide Productions,2
m,writer,Nintendo Entertainment Analysis and Development (EAD) (I),2
,writer,Fonds Film in Vlaanderen,2
,writer,Les Ateliers de l'Arche,2
f,actress,Denis Friedman Productions,2
m,writer,independent players GmbH,2
,cinematographer,Lindele Media,2
m,producer,Columbia TriStar Comercio Internacional (Madeira) Ltda.,2
,writer,Student Life Dunedin,2
,writer,Roundhay Garden Scene,2
f,actress,Filmgrinder Short Film Distribution,2
,writer,Denise Quesnel,2
,producer,L'Office Federal de la Culture Suisse,2
m,writer,Collectivité Territoriale de la Corse,2
m,director,Surinder Films,2
m,director,Les Studios de Saint Ouen,2
,editor,Piktor Duende,2
m,producer,Intellectual Properties Worldwide (I),2
f,editor,Dentsu,2
f,actress,Endemol South Africa,2
,producer,Institut International de l'Image et du Son (IIIS),2
,director,Roundhay Garden Scene,2
,director,SpiderCircle Films,2
,producer,RCA/Columbia Pictures International Video,2
,editor,"De Mann Entertainment Company, The",2
,director,Espace Mendes France,2
,editor,CanWest Western Independent Producers Fund,2
,producer,Ministère de la Culture et de la Francophonie,2
,producer,Matt Poidevin Pictures,2
f,director,Sherazade Film Development,2
,cinematographer,Matt Poidevin Pictures,2
,director,Matt Poidevin Pictures,2
,director,Armazém de Imagens,2
m,cinematographer,Ontario Media Development Corporation (OMDC),2
,editor,Matt Poidevin Pictures,2
,producer,Rodeo Film,2
,composer,Delta Pictures,2
,producer,Federico Film,2
m,editor,Sundance Independent Film Channel,2
,producer,Modesto Film,2
,editor,Faculty of Dramatic Arts Belgrade,2
m,editor,HC Video Productions,2
m,editor,Noir Worldwide,2
m,director,Pride East Entertainments,2
,cinematographer,Columbia Academy,2
f,composer,Wolfe Video,2
,director,América Vídeo,2
f,actress,Delicious 9,2
m,writer,Milestone Film & Video,2
,producer,Ecole supérieur d'art de Clermont-Ferrand,2
,producer,Visualien der Breitbandkatze,2
,writer,Ecole supérieur d'art de Clermont-Ferrand,2
m,cinematographer,HC Video Productions,2
,cinematographer,Visualien der Breitbandkatze,2
f,actress,Shanghai Sanjiu Culture Development Company,2
,writer,Scanner-Rhodes Productions,2
,director,Ecole supérieur d'art de Clermont-Ferrand,2
m,actress,Tri Destined Studios,2
,director,Visualien der Breitbandkatze,2
m,writer,HC Video Productions,2
f,actress,Tuatha de Dannan,2
,producer,Copycat Video Productions,2
m,producer,Handmade Flimfilms,2
m,writer,Sega Interactive Development Division,2
,editor,Ecole supérieur d'art de Clermont-Ferrand,2
m,editor,Hey Jude Productions,2
,editor,Visualien der Breitbandkatze,2
,director,Copycat Video Productions,2
,director,DED Films,2
m,director,120 Degree Films,2
,producer,DeFazio & DeFazio Productions,2
f,editor,Nickelodeon Movies,2
,editor,Untrademarked Productions,2
,editor,Thought Collide Productions,2
,producer,Vicia Vídeo de Valencia S.L.,2
,producer,Institut Valencia de Cinematografia (IVAC),2
,cinematographer,Noorderwind,2
,writer,"Centro de Proyectos Cinematográficos del ITESM, Campus Monterrey",2
,director,"Centro de Proyectos Cinematográficos del ITESM, Campus Monterrey",2
,editor,Jour de Sete Films,2
f,editor,Demalgamation,2
f,producer,Demalgamation,2
,editor,Desert Magnolia Productions,2
m,composer,WonderWorks,2
,cinematographer,Videx International,2
,cinematographer,Cinematografica Distributori Indipendenti (CDI),2
,producer,Empire Video,2
,writer,Interlude Pictures,2
,cinematographer,Interlude Pictures,2
f,actress,Deraco Productions,2
,writer,Deva Films,2
f,director,Filmprodukties de Luwte,2
f,writer,Filmprodukties de Luwte,2
,director,Interlude Pictures,2
,director,Interlochen Arts Academy,2
f,actress,Vadever Producciones,2
,editor,Redemption Films,2
m,cinematographer,Made It Myself Pictures,2
f,writer,Saban Home Video,2
f,director,Palisades Pictures,2
,producer,WonderWorld Studios,2
f,editor,Buena Vista International (Denmark),2
f,producer,Twister Digital Video,2
f,producer,Eurowide Film Production,2
f,producer,MMC Independent,2
f,producer,Société Générale de Gestion Cinématographique (SGGC),2
,director,Deva Films,2
m,composer,Chang-Hong Channel Film & Video Co.,2
,editor,Interlude Pictures,2
f,producer,Desperate Visions Productions,2
m,cinematographer,Decade Distribution,2
,cinematographer,Transcendental Media,2
m,composer,Medien- und Filmgesellschaft Baden-Württemberg,2
m,writer,Ass Video,2
,editor,Under the Influence,2
,producer,OhRadevski,2
,cinematographer,OhRadevski,2
f,producer,Liberty or Death Productions,2
,director,OhRadevski,2
,cinematographer,La Esquina del Cine,2
m,composer,"Cinema Design, Belgrade",2
,editor,OhRadevski,2
f,writer,Kids Edutainment Video,2
,producer,Benjamín Olalde Producciones,2
f,writer,Masquerade Films,2
,writer,Benjamín Olalde Producciones,2
f,producer,Masquerade Films,2
,director,Benjamín Olalde Producciones,2
,cinematographer,Piktor Duende,2
,editor,Coincidence Films,2
m,composer,Alliance Independent Films,2
,writer,Anderson/Hassan Entertainment,2
,producer,Backyard Video,2
m,composer,Lucernafilm Video,2
m,producer,Bevis Film and Video,2
,director,Backyard Video,2
m,editor,Upright Citizens Brigade,2
,director,Detailfilm,2
m,cinematographer,Mti Home Video,2
m,director,MTC Video,2
,composer,Miramax Home Video,2
f,producer,Mitteldeutscher Rundfunk (MDR),2
m,director,Upright Citizens Brigade,2
m,producer,Sony Wonder,2
,producer,Chiragdeep International,2
m,writer,MTC Video,2
,producer,Nek Video Links,2
f,director,Code Productions,2
m,editor,Finnkino Video,2
,producer,Scanner-Rhodes Productions,2
,director,Nek Video Links,2
f,director,Ecole Nationale Supérieure des Arts Décoratifs (ENSAD),2
,editor,Nordisk Film Video,2
m,editor,Eden Arts,2
,editor,Cineplex Development,2
,producer,All Worlds Video,2
,writer,Village Roadshow Pictures Worldwide,2
m,writer,Endemol South Africa,2
m,composer,America Video,2
f,writer,Escuela de Cinema y Audiovisual Comunidad de Madrid (ECAM),2
,cinematographer,All Worlds Video,2
f,producer,Nederlandse Omroepstichting (NOS),2
,producer,Student Life Dunedin,2
f,producer,Ministerie van de Vlaamse Gemeenschap,2
,cinematographer,Student Life Dunedin,2
f,producer,Made in PM,2
f,producer,Made in Productions,2
f,producer,Centre National du Cinéma et de l'Audiovisuel de la Communauté française de Belgique,2
f,producer,Berliner Filmförderung,2
f,producer,Loterie Nationale de Belgique,2
m,writer,Nishimura Motion Picture Model Makers Group,2
,editor,Independent Film '97,2
m,producer,Nishimura Motion Picture Model Makers Group,2
,writer,Beijing Fesco Prospect Culture Development,2
m,producer,Blockade Entertainment,2
m,producer,macideas,2
,editor,Student Life Dunedin,2
,producer,Super Grande Films,2
m,editor,Esselte Video,2
m,composer,Les Ateliers de l'Arche,2
f,editor,Mandeville Films,2
m,writer,Wonderboy Entertainment,2
f,editor,Odyssey Video,2
,editor,Zide-Perry Productions,2
,editor,Made To Love Productions,2
m,writer,Vivivideo,2
,editor,Centro de Investigación Cinematográfica (CIC),2
m,director,CBS Worldwide Inc.,2
m,cinematographer,Eden Arts,2
,editor,Dejarme Disfrutar Films,2
,editor,Caja de Luz producciones,2
,producer,Consorcio Audiovisual de Galicia,2
,editor,Wonder World Pictures,2
m,director,Zondervan,2
,producer,Code,2
m,writer,Video Screen,2
m,composer,Flashpoint Academy,2
,writer,Brandon Whiteside Productions,2
,producer,Sri Sai Deva Productions,2
,editor,"Centro de Diseño, Cine y Televisión",2
,composer,Coincidence Films,2
,producer,Borden and Rosenbush Entertainment,2
m,director,Dejavu-Filmverleih,2
,writer,Gobierno de la Provincia de San Luis,2
m,cinematographer,Odean S.A.,2
m,director,Endemol South Africa,2
,editor,CBS Worldwide Inc.,2
f,composer,Independent Films,2
,producer,Adelphia Films,2
f,composer,Hollywood Pictures Home Video,2
,director,Thunderhead Films,2
f,composer,PolyGram Video,2
m,writer,Dejavu-Filmverleih,2
f,composer,Touchstone Home Video,2
,producer,New Ogden Cinema,2
,cinematographer,Adelphia Films,2
,producer,Légende Entreprises,2
m,director,CineCentrum Deutsche Gesellschaft für Film- und Fernsehproduktion mbH,2
m,composer,Cineplex-Odeon Films,2
,editor,Videoville Showtime,2
,director,Toshiba Video Softwares,2
m,editor,Devin Entertainment,2
m,director,Hessische Filmförderung,2
,producer,Busch Gardens,2
f,writer,CBS/Fox Home Video,2
f,actress,Akintunde Productions,2
,editor,Instituto Nacional de Desarrollo Social (INDESOL),2
,producer,Lo Nuestro en Video SA,2
,producer,Voladero Films,2
f,producer,Kinderkanal,2
m,writer,Alpha Video Distributors,2
m,producer,World Wide Motion Pictures Corporation,2
m,producer,Relatively Redeemable Productions,2
m,director,Natural Wonders Productions,2
f,writer,Espace Mendes France,2
,producer,El Massah Video Film,2
,producer,Caja de Luz producciones,2
,writer,Caja de Luz producciones,2
,editor,Hellas Cosmos Video,2
f,actress,Espace Mendes France,2
f,writer,"Constelacion Films, SA de CV",2
,director,Caja de Luz producciones,2
,writer,Toho Video,2
,producer,Video Pictures,2
,writer,Video Pictures,2
,producer,Adapting Sideways Productions,2
f,actress,L.V. Prasad Film and T.V. Academy,2
,director,Video Pictures,2
f,producer,Adelson Entertainment,2
f,producer,Tracey Alexander Productions,2
m,producer,Gray Krauss Des Rochers,2
f,editor,West Australian Screen Academy,2
,director,Rebellion Developments Ltd.,2
f,director,West Australian Screen Academy,2
m,writer,Natural Wonders Productions,2
m,producer,Carousel Films and Video (CARSEL),2
m,producer,Huit et Demi Productions,2
,editor,New York Film Academy,2
,producer,"Centro de Proyectos Cinematográficos del ITESM, Campus Monterrey",2
,producer,Leo Home Video,2
f,composer,Pehade Beheer BV (BBI),2
,producer,Stellarblade,2
m,producer,SchröderMedia HandelsgmbH,2
,writer,Stellarblade,2
,producer,Secretaría de Cultura del Gobierno del Estado de Jalisco,2
,writer,Nu Visión de Argentina,2
m,writer,Golden Gate Entertainment,2
m,producer,Natural Wonders Productions,2
,producer,Desiderata Productions,2
m,writer,Golden Gate Pictures (II),2
,producer,Underworld Produktions GmbH,2
f,producer,American Independent Productions,2
,cinematographer,Crusader Entertainment,2
f,writer,Société Générale des Industries Culturelles du Québec (SOGIC),2
,producer,Village Roadshow Pictures Worldwide,2
m,producer,Golden Harvest,2
,cinematographer,Roadshow Home Video,2
,editor,Video Service Corporation,2
f,cinematographer,New Line Home Video,2
m,writer,Saban Home Video,2
,producer,Nederlander Film,2
m,composer,Videoservice,2
,director,American Dental Association,2
,producer,United American Video,2
,writer,Videomaniacs,2
m,composer,RCA/Columbia-Hoyts Home Video,2
,director,Zeitgeist Video,2
f,actress,Blender Foundation,2
m,writer,Videoz,2
m,editor,Conseil Général de la Seine-Saint-Denis,2
,director,Videomaniacs,2
,editor,Zeitgeist Video,2
,producer,IDP Home Video,2
m,writer,Rainbow Home Video,2
,composer,Alliance Atlantis Video,2
,writer,Secretaría de Cultura de Neuquén,2
,producer,Dendron Motion Pictures,2
m,editor,Turner Home Video,2
f,actress,Upright Citizens Brigade,2
,producer,La Esquina del Cine,2
m,composer,Essex Vídeo España S.A.,2
m,director,Comarex S.A. de C.V.',2
m,director,Dead Men Don't Play Poker,2
m,editor,Sergeant Cheerleader Productions,2
,producer,Instituto Nacional Autónomo de Cinematografía,2
m,writer,Dead Men Don't Play Poker,2
m,composer,Arcade Video,2
f,editor,Concorde Video,2
,writer,Underground Railroad Company,2
f,producer,Fondo de Fomento a la Calidad Cinematográfica,2
f,editor,Contender Films,2
,producer,Obsidian Order,2
f,writer,Videoservice,2
,producer,Intermedia Film & Video,2
m,editor,Erotic Angel Video,2
m,editor,Ecole Nationale Supérieure des Arts Décoratifs (ENSAD),2
m,producer,Camara Municipal de Sintra,2
,editor,Nouvelles Editions de Films (NEF),2
,producer,Sri Balaji Video,2
m,director,Wave Video,2
f,editor,UGC Video,2
f,cinematographer,Academy Entertainment,2
m,writer,Ideacinema,2
f,producer,Pasadena Films,2
f,cinematographer,Latitude 49 Production,2
,writer,Gurpreet Video International,2
m,composer,Flipside Lab,2
,director,Gruppo Edebe',2
m,director,Short Pictures Independent,2
m,writer,Wave Video,2
f,editor,Les Productions de la Guéville,2
,writer,Starlight Video Productions,2
,director,Starlight Video Productions,2
,writer,Worldwide Film Entertainment,2
f,producer,Trimark Video,2
,cinematographer,Frederick Films,2
,producer,Video-books.gr,2
,editor,Starlight Video Productions,2
f,actress,"Ville de Renens, La",2
f,writer,Frederator Studios,2
,cinematographer,De Palacio Films,2
m,director,Sergeant Cheerleader Productions,2
f,actress,"Ville de Lausanne, La",2
m,cinematographer,Bondesen-Graup,2
,director,Golden Screen Cinemas,2
m,cinematographer,Short Pictures Independent,2
,director,Paramount Video (PV),2
m,composer,SchröderMedia HandelsgmbH,2
m,producer,Japan Home Video (JHV),2
f,editor,Televisió de Catalunya (TV3),2
,director,Warner-Golden Village,2
f,composer,Crusader Entertainment,2
,producer,Golden Tooth Productions,2
f,editor,Escola Superior de Cinema i Audiovisuals de Catalunya (ESCAC),2
f,producer,Sideshow Digital,2
m,producer,Kinderkanal,2
,writer,Lisa Demberg Productions,2
,editor,Producciones Alfa Audiovisual S.A. de C.V.,2
,producer,Filmgrinder Short Film Distribution,2
,writer,Filmgrinder Short Film Distribution,2
,writer,DeFamilieJanssen (DFJ),2
,director,Filmgrinder Short Film Distribution,2
,producer,S/S Fladen Film,2
f,actress,Videoload,2
,writer,Promenade Films,2
m,writer,Blue Screen Video and Film,2
f,producer,CDE Videa,2
,editor,Filmgrinder Short Film Distribution,2
,producer,Big Sky Video,2
,director,Promenade Films,2
,producer,SpiderCircle Films,2
,cinematographer,Codex Pictures,2
m,cinematographer,Les Films de l'Espoir,2
,producer,Departament de Cultura de la Generalitat de Catalunya,2
m,cinematographer,Ecole Nationale Supérieure des Arts Décoratifs (ENSAD),2
m,writer,Commission Télévision de la Procirep,2
,director,Wanted Worldwide,2
m,cinematographer,Sergeant Cheerleader Productions,2
m,writer,Toshiba Video Softwares,2
,director,Euripide Distribution,2
f,editor,Anderson Digital,2
m,composer,Amusement Media Academy,2
,writer,DeusExMachina Studio,2
m,producer,Institut Valencia de Cinematografia (IVAC),2
m,producer,Vicia Vídeo de Valencia S.L.,2
,director,DeusExMachina Studio,2
m,cinematographer,Ardent Productions,2
,editor,Vende-se Filmes,2
,cinematographer,Verboden,2
,writer,Like-Minded Entertainment,2
,editor,Ministère des Affaires Étrangères,2
,editor,DeusExMachina Studio,2
m,producer,Academy Films,2
,writer,Little Wonder Productions,2
,producer,Lanzadera Films,2
,writer,Lanzadera Films,2
,writer,Latitude 49 Production,2
,cinematographer,Lanzadera Films,2
,director,Lanzadera Films,2
m,director,Desiderata Productions,2
m,writer,Desiderata Productions,2
f,composer,Karbon Videoproduktion,2
,director,Latitude 49 Production,2
m,editor,Rainstorm Video & Film,2
f,writer,Karbon Videoproduktion,2
f,actress,Karbon Videoproduktion,2
,editor,Lanzadera Films,2
f,writer,Knowwonder,2
m,director,K-Beech Video,2
,cinematographer,Hyde Park Entertainment,2
,writer,Living Dead Guy Productions,2
m,cinematographer,K-Beech Video,2
,writer,Inside Track Films,2
f,editor,CDE Videa,2
m,producer,Idea Factory,2
,writer,DEMD Productions,2
,producer,Latvijas Kulturas Akademija,2
,writer,Latvijas Kulturas Akademija,2
m,composer,Hollywood Independents,2
m,cinematographer,Videonerv,2
m,producer,Mullis Capital Independent,2
m,cinematographer,Dejarme Disfrutar Films,2
m,cinematographer,Asociacion Mexicana de Cineastas Independientes (AMCI),2
,editor,Blender Foundation,2
,producer,macideas,2
,director,Demarest Films,2
f,actress,Warm December Productions,2
,writer,JFTHOI Video,2
,producer,Alberta Film and Video Arts Fund,2
m,director,Deiz Production,2
f,cinematographer,Flashstar Home Vídeo,2
,producer,Government of Albera Students Finance Board,2
m,writer,Desastre de Cine,2
f,cinematographer,Les Films des Tournelles,2
,writer,Alberta Film and Video Arts Fund,2
,editor,Golden Shadow Pictures,2
,director,S.V. Murder Mystery Movies Inc.,2
f,cinematographer,Ateliers de Baere,2
,writer,Government of Albera Students Finance Board,2
m,cinematographer,Boy Under Willow,2
,producer,CineCentrum Deutsche Gesellschaft für Film- und Fernsehproduktion mbH,2
,editor,Darkside Films,2
m,writer,Unknown Video,2
m,director,Eurowide Film Production,2
m,writer,Eurowide Film Production,2
m,writer,K-Beech Video,2
f,producer,Quanta Centro de Produções Cinematográficas,2
,director,Centre du Cinéma et de l'Audiovisuel de la Communauté Française de Belgique,2
f,producer,Hellas Video,2
f,actress,Herron Designs,2
m,producer,De Efteling B.V.,2
f,producer,Outrider Pictures,2
,producer,New Video Group,2
m,editor,Cine du Monde,2
m,writer,Modern Music,2
m,editor,Nippon Film Development and Finance,2
m,composer,Barney Home Video,2
f,producer,Dexterity Entertainment,2
,cinematographer,América Vídeo,2
f,producer,Devil's Rock,2
m,producer,Inspidea,2
,editor,MTV Home Video,2
m,composer,Odessa Entertainment,2
,editor,Sony Music Video (SMV) Enterprises,2
,producer,Les films de la Gaïole,2
f,writer,AIP Home Video,2
f,writer,Nova Home Video,2
m,director,Videorama GmbH Essen,2
f,actress,Pickwick Video,2
,producer,Spyder Entertainment,2
m,producer,Videorama GmbH Essen,2
m,editor,Pehade Beheer BV (BBI),2
,composer,Interlude Pictures,2
,writer,Outsider Pictures,2
,producer,Thieves Guilde,2
,director,Odyssey Video,2
f,writer,Hollywood Pictures Home Video,2
f,producer,Pack-In-Video,2
m,producer,Arcade Pictures,2
,producer,iWONDER Films,2
,editor,Blue Yonder Films,2
f,cinematographer,Turner Home Video,2
,producer,RocketRider Pictures,2
,producer,Tres K Lion Video Productions,2
m,producer,Rastar/Leider-Shapiro,2
m,director,Wandering Eye Pictures,2
m,writer,Flanders Audiovisual Fund (VAF),2
,writer,Xin-Sheng Dai Film & Video Co.,2
,writer,Fundacion Para el Apoyo Fomento y Proteccion del Arte y la Cultura A.C. (FAFOPROAC),2
m,writer,Studio Vandersteen,2
f,producer,Warner On Demand,2
,producer,MGM/UA Home Video,2
,writer,European Video Distributors (EVD),2
,cinematographer,Golden Princess Amusement Company,2
m,editor,Beverly Detroit,2
f,actress,DAC de la Ville de Genève,2
f,director,American Pride Films Group,2
f,actress,DIP de l'Etat du Valais,2
f,actress,Media Desk Suisse,2
m,editor,Chang-Hong Channel Film & Video Co.,2
f,actress,Fonds Culturel de Suissimage,2
,producer,Unknown Video,2
m,composer,Fondo de Inversión y Estímulos al Cine (FIDECINE),2
,cinematographer,Rizzoli Corriere della Sera Home Video (RCS),2
,editor,Renegade Pictures (II),2
,producer,A-1 Kino Video,2
m,writer,Cine Grande Corporation,2
,producer,New Yorker Video,2
,producer,Société Logovéenne du Film et de l'Image Pictures (SLOGF),2
m,composer,MGM/UA Home Video,2
,director,Zuiderfilm,2
,director,Golden Books Family Entertainment,2
,writer,Academy of Amusement Media,2
m,composer,Bardel Animation,2
f,actress,Encode Media Group,2
f,actress,Guangdong Wei Jia Video Production Ltd.,2
f,actress,Provideo Production House,2
f,actress,Vladislav Delonge Production,2
,editor,Zuiderfilm,2
f,producer,Dandelion Productions,2
,writer,Interlochen Arts Academy,2
,cinematographer,Ministry of Culture of the Russian Federation,2
m,cinematographer,Vaudeville Productions,2
,producer,Obshchestvennoye Rossijskoye Televideniye (ORT) Video,2
m,cinematographer,Universidad Nacional Autónoma de México (UNAM),2
m,cinematographer,Delta Vidéo Diffusion,2
m,editor,Centro Nacional Autónomo de Cinematografía (CNAC) (I),2
m,cinematographer,Independenta Film,2
,editor,Duchy Parade Films,2
,producer,Film Studio INDEKS,2
f,producer,Den Danske Filmskole,2
m,producer,Nsavides Productions,2
,director,Paramount Pictures Home Video,2
,cinematographer,L.V. Prasad Film and T.V. Academy,2
m,cinematographer,Tartan Video USA,2
m,producer,Modern Audio (International) Ltd.,2
,producer,Frederick Films,2
,cinematographer,Mademoiselle Courts Production,2
,producer,Belgrade & Cleveland Media Group,2
,director,Frederick Films,2
m,producer,Fantasy Bride Productions,2
,editor,Frederick Films,2
,writer,Belgrade & Cleveland Media Group,2
f,producer,Equipment & Film Design,2
m,composer,I Will Destroy You Films,2
m,director,SVS/Triumph Home Video,2
,producer,AOL Online Video,2
f,writer,Thunderbird Films,2
,cinematographer,Video Service Corporation,2
,cinematographer,Atelier Cinéma de Normandie (ACCAAN),2
m,editor,Rawhide Pictures,2
,director,Concorde Anois,2
,writer,Amazon Instant Video,2
,cinematographer,SpiderCircle Films,2
,writer,Rhino Home Video,2
,director,Rhino Home Video,2
,editor,Schokolade Filmproduktion GmbH,2
,cinematographer,BBC Video,2
f,composer,Concorde Film,2
m,cinematographer,Rawhide Pictures,2
,cinematographer,2 Entertain Video,2
,editor,Rhino Home Video,2
,editor,Decade Distribution,2
m,writer,Double Decher Productions,2
,cinematographer,Bride Productions,2
m,director,The Grade Company,2
f,producer,Sabella Dern Entertainment,2
m,cinematographer,Ministère de la Culture de la Republique Française,2
,writer,Decraien Films,2
,director,Vestron Video,2
f,actress,Joyful Founder,2
f,cinematographer,Mandeville Films,2
,director,Avid Home Video,2
,producer,Red Devil Productions,2
,director,Astral Video,2
,producer,SP Sales Worldwide,2
m,composer,Independent Pictures (III),2
,producer,Karbon Videoproduktion,2
m,director,Volderin Entertainment,2
,editor,New York Film Academy at Universal Studios,2
m,editor,Bandersnatch Productions,2
,producer,Riverside Productions,2
m,director,Bandersnatch Productions,2
,producer,ST2 Vídeo,2
m,cinematographer,Big Idea Pictures,2
m,writer,Deutsche Grammophon,2
m,cinematographer,Bandersnatch Productions,2
m,cinematographer,New York International Film and Video Festival,2
f,producer,Deep Green Films,2
m,writer,Bandersnatch Productions,2
m,cinematographer,Jordan Crowder Films,2
,director,Creativos Asociados de Radio y Televisión (CARTEL),2
,producer,New Olga Videos,2
m,producer,Bride Productions,2
,editor,Freunde der Deutschen Kinemathek,2
,cinematographer,Filmboard Berlin-Brandenburg (FBB),2
,composer,BBC Worldwide,2
,producer,Wide Frame Films,2
,editor,Douglas Anderson School of the Arts,2
m,writer,Video Planning,2
,writer,SP Sales Worldwide,2
,producer,Yodel Industries,2
m,writer,Video Maura,2
f,composer,Alpha Video Distributors,2
,producer,Delusion Pictures,2
m,editor,Cineplex-Odeon Films,2
,writer,Burnside Entertainment,2
,writer,Manitoba Film & Sound Development Corporation,2
,cinematographer,Thought Collide Productions,2
,producer,Golden Field Films,2
m,composer,Elsevier-Vendex Film Beheer,2
,director,Manitoba Film & Sound Development Corporation,2
m,producer,Video Planning,2
m,director,"De Mann Entertainment Company, The",2
,director,Prem'er Video Fil'm,2
,composer,Ontario Film Development Corporation,2
m,writer,Centauro Films de Colombia,2
,cinematographer,Deutsche Columbia Pictures Film Produktion,2
,writer,Zipheron Design Labs,2
f,cinematographer,ARD Degeto Film,2
,writer,Independent Film Sales,2
,writer,Syrox Developments,2
f,actress,Tindell Productions,2
,producer,Global Wonders,2
f,producer,K-Beech Video,2
,writer,defa-spektrum Filmverleih,2
m,composer,Code,2
,director,Tradewind Pictures,2
,director,MMC Independent,2
,writer,Dark Thunder Productions,2
m,cinematographer,Les Productions de la Géode,2
,editor,UFA Video,2
,writer,Wide-Eyed Entertainment,2
,producer,Sidequest Studios,2
,producer,Rastar/Leider-Shapiro,2
,producer,Andes Film Production,2
f,director,Adelphia Films,2
,producer,Dezenove Som e Imagem,2
,cinematographer,Andes Film Production,2
f,producer,Adelphia Films,2
,producer,Brentwood Home Video,2
,editor,Golden Gate Pictures (II),2
m,cinematographer,Alexander/Enright & Associates,2
,producer,Arcade Pictures,2
,editor,Golden Gate Entertainment,2
f,director,Desiderata Productions,2
m,editor,Association of Independent Video and Filmmakers (AIVF),2
,writer,La Compagnie Deschamps et Makeïeff,2
,writer,Nadeo,2
,writer,Pôle Image de Liège,2
f,writer,Desiderata Productions,2
m,composer,Deluxe Combo Films Inc.,2
,producer,Adelaide Festival of Arts,2
,writer,Lakeside Concepts,2
m,producer,Conseil Général de l'Indre,2
m,editor,Zide-Perry Productions,2
f,producer,Independence Film Investments (IFI),2
f,producer,Independence Film Investments,2
,editor,Code Entertainment,2
,producer,Flinders University Screen Studies Department,2
,producer,PowerHouse Independent,2
f,producer,260 Degrees Entertainment,2
,producer,Mei Ah Entertainment Development,2
,writer,PowerHouse Independent,2
,writer,Flinders University Screen Studies Department,2
f,actress,Deep Green Films,2
f,composer,Amusement Media Academy,2
f,actress,Jiangsu Cultural Realty Development,2
m,writer,Wonderland Films,2
,producer,Cinemex Films S.A. de C.V.,2
m,director,Neue Deutsche Film (NDF),2
m,director,BigDeni Filmes,2
,producer,Transcendental Media,2
f,director,Chartoff Hendee Productions,2
f,writer,Chartoff Hendee Productions,2
f,producer,Chartoff Hendee Productions,2
m,writer,Avid Video,2
m,cinematographer,Worldwide Video,2
m,producer,Latitude Media,2
,producer,Bandersnatch films,2
m,composer,Connoisseur Video,2
m,producer,Neue Deutsche Film (NDF),2
m,writer,Sideways Productions Inc.,2
m,writer,Vestron Video,2
,director,Universal Video,2
,producer,Shudder Films,2
m,editor,Slick Devil Entertainment,2
f,director,20th Century Fox de Venezuela,2
m,cinematographer,Adelson Entertainment,2
m,producer,Resnick Interactive Development,2
m,cinematographer,Tracey Alexander Productions,2
,editor,Shudder Films,2
,producer,Diva Video Entertainment,2
,producer,Filmverlag der Autoren,2
m,director,Sarabande Productions,2
m,cinematographer,Président Films,2
,producer,Jude 1:23 Films,2
m,writer,Sergeant Cheerleader Productions,2
m,composer,Commission du Film de Bourgogne,2
,editor,Niky-Bilder,2
,writer,Finnkino Video,2
m,cinematographer,Lindele Media,2
m,composer,Popojedem,2
,writer,HC Video Productions,2
m,producer,Sergeant Cheerleader Productions,2
,director,HC Video Productions,2
m,producer,Rollin' Deep Productions,2
,writer,Herron Designs,2
,producer,Fundacion Para el Apoyo Fomento y Proteccion del Arte y la Cultura A.C. (FAFOPROAC),2
,producer,Codemasters,2
,director,Allied Artists Home Video,2
,composer,Gatorade,2
,editor,HC Video Productions,2
,director,Prisvídeo - Edições Videográficas,2
,director,Herron Designs,2
m,writer,Sony Music Video,2
m,writer,National Film School Of Denmark,2
,producer,De Beeldbrigade,2
m,composer,BMG Independents,2
m,producer,Bonafide Films,2
,editor,Royal Scottish Academy of Music and Drama,2
f,editor,M & M Vihdepalvely,2
f,actress,Pride,2
m,cinematographer,Gladden Entertainment,2
m,director,Studio Video a Televizni Tvorby,2
,writer,Hey Jude Productions,2
m,writer,Studio Video a Televizni Tvorby,2
m,director,Vaudeville Productions,2
m,composer,Lee Mendelson Productions,2
,producer,Comisión Estatal Para la Cultuta y las Artes de Jalisco,2
m,composer,ETD Home Video,2
,producer,Cooperativa de Trabajo Caloi en su Tinta,2
,producer,Schneider & Groos,2
m,writer,Ministère de la Défense,2
,producer,Warm December Productions,2
m,editor,Leader Motion Pictures,2
,writer,Warm December Productions,2
,cinematographer,Warm December Productions,2
,director,Warm December Productions,2
,editor,Warm December Productions,2
m,director,Els Films de la Rambla S.A.,2
m,director,Leader Motion Pictures,2
f,producer,Nickelodeon,2
m,writer,Departure Entertainment,2
f,writer,Niky-Bilder,2
f,producer,Niky-Bilder,2
f,director,Tartan Video,2
m,writer,Departure Studios,2
m,producer,Els Films de la Rambla S.A.,2
m,editor,Surrender Cinema,2
m,cinematographer,Golden Screen,2
m,editor,America Video Film,2
m,writer,Academy of Television Arts and Sciences (ATAS),2
,producer,Liberty or Death Productions,2
,editor,"Dama de Shanghai, La",2
m,cinematographer,Finnkino Video,2
m,writer,Felder Pomus Entertainment,2
,editor,Comisión Estatal Para la Cultuta y las Artes de Jalisco,2
,director,Roy de Haan,2
m,editor,Las producciones del patron,2
,editor,Roy de Haan,2
f,director,VTI Home Vídeo,2
,producer,Conseil Régional de Provence-Alpes Côte d'Azur,2
m,composer,Sociedad Anónima del Vídeo (S.A.V.),2
f,writer,VTI Home Vídeo,2
,composer,Raedon Video,2
,producer,Salamander Productions,2
,director,Salamander Productions,2
f,director,Entertainment in Video,2
m,producer,Leader Motion Pictures,2
m,director,Heatwave Video,2
f,actress,Kinovideoprokat,2
,producer,Dead Flower Productions,2
,producer,Baggy Underpants,2
f,cinematographer,Greek Dessert Films,2
,producer,Jade Films and Entertainment,2
m,director,Outsider Films,2
m,writer,Heatwave Video,2
m,producer,Moving Image Development Agency,2
,producer,BFS Video,2
m,cinematographer,Société Générale des Industries Culturelles du Québec (SOGIC),2
f,producer,Dead Fiancée Productions,2
m,director,Desembarco Produccións,2
,producer,Simitar Video,2
m,writer,Lindemann Entertainment Group,2
m,director,Deep River Productions,2
,editor,Simitar Video,2
,producer,Academia Jalisciense de Cinematografía,2
,producer,Atlantis Video,2
,writer,Renegade Reporting,2
m,writer,Desembarco Produccións,2
m,composer,Nederlands Fonds voor de Film,2
,director,De Efteling B.V.,2
f,producer,Golden Lions Films,2
,writer,Hidden Moon Productions,2
,director,Yodel Industries,2
,director,Studio Vandersteen,2
,director,Flanders Audiovisual Fund (VAF),2
,composer,China Vídeo,2
f,producer,Fox Home Video,2
,writer,Borden and Rosenbush Entertainment,2
m,director,Living Dead Guy Productions,2
,producer,Galaxia Digital Video,2
,director,MTV Networks de Mexico,2
,editor,MTV Networks de Mexico,2
,writer,Rollin' Deep Productions,2
,producer,Blue Screen Video and Film,2
m,editor,Les Films de l'Etang,2
,producer,Branded Entertainment/Batfilm Productions,2
m,producer,Academy Pictures,2
,editor,Thunderbean Animation,2
f,writer,Promenade Films,2
m,cinematographer,World Wide Cinema,2
m,cinematographer,Outrider Pictures,2
f,producer,Endemol Filmproduktion München GmbH,2
,writer,Röde Orm Film,2
m,producer,Wide Management,2
,writer,Röde Orm Filmproduktion AB,2
f,actress,Defender Films,2
m,cinematographer,Deehrelict,2
,editor,Röde Orm Film,2
m,cinematographer,Ciudad de la Luz,2
,producer,Point of Order Productions,2
,producer,Powder Room Films,2
,editor,Röde Orm Filmproduktion AB,2
f,actress,Hidden Journal Films,2
,writer,El Massah Video Film,2
f,writer,Columbia TriStar Home Video Hong Kong,2
,producer,New Puppet Order,2
f,composer,Leader Music,2
,producer,Anderson/Hassan Entertainment,2
m,director,Gladden Entertainment,2
m,writer,Abode,2
,director,Royal Opera House Covent Garden,2
,writer,HBO Video,2
,producer,Hong Cheng Home Video,2
m,producer,Fidelis Films,2
m,composer,Conseil Général de l'Eure,2
,producer,Pulsepounders,2
,writer,Videovision Entertainment,2
,producer,Incidental Pictures,2
,producer,Federal Film Reserve,2
m,producer,West Australian Screen Academy,2
f,writer,"Film Department, The",2
m,writer,Ministère de l'Éducation Nationale,2
f,producer,"Film Department, The",2
f,writer,Blue Gardenia Productions,2
m,producer,Les Studios de Saint Ouen,2
m,composer,Conseil Régional de Haute Normandie,2
,writer,Federal Film Reserve,2
,director,Incidental Pictures,2
f,writer,Bondesen-Graup,2
f,editor,Vendetta Films,2
m,director,Junta de Andalucía,2
m,director,Caja de Granada,2
m,director,Junta de Comunidades de Castilla-La Mancha,2
m,writer,Junta de Andalucía,2
m,writer,Nord Pas de Calais Region,2
,producer,Buena Vista Home Video (BVHV),2
f,actress,Debonair Films International,2
,director,Tri Destined Studios,2
m,composer,Escapade Films Production,2
,editor,Miramar Home Vídeo,2
m,writer,Caja de Granada,2
,writer,Demarest Films,2
f,director,Endemol Filmproduktion München GmbH,2
,producer,Cadenza Films B.V.,2
,editor,Tri Destined Studios,2
m,director,Suspended Animations,2
m,producer,Maison Descartes,2
,director,Videoville Showtime,2
,producer,independent players GmbH,2
m,producer,Ministère de l'Éducation Nationale,2
,producer,De Vliegende Hollander,2
m,writer,Suspended Animations,2
f,director,Desert Magnolia Productions,2
m,producer,Suspended Animations,2
m,director,Maison Descartes,2
f,producer,Desert Magnolia Productions,2
,writer,Made in Amman Productions,2
,producer,Maison Descartes,2
,director,"BKM, kulturelle Filmförderung des Bundes",2
,producer,Les Films de la Boissière,2
,producer,Films de l'Iris,2
,director,Made in Amman Productions,2
,producer,Fábrica Brasileira de Imagens,2
,composer,Questar Home Video,2
f,producer,Deutsche Columbia TriStar Filmproduktion,2
,director,Filmboard Berlin-Brandenburg (FBB),2
,writer,Pander Productions,2
m,producer,Productions Paul Lederman,2
,director,Versátil Home Vídeo,2
f,composer,Lumière Home Vídeo,2
f,director,Studio DEEN,2
m,producer,Nord Pas de Calais Region,2
f,director,Manga Video,2
,editor,Akademija scenskih umjetnosti u Sarajevu,2
f,producer,Manga Video,2
f,composer,CIC Video,2
,producer,Gladeyes Films,2
,director,Pander Productions,2
,editor,Made in Amman Productions,2
m,producer,Académico de Torres Vedras (ATV),2
m,director,"Grade Company, The",2
m,writer,Bardel Entertainment,2
,producer,Valley Video Services,2
f,writer,Joyful Founder,2
f,writer,Film Development Fund of Hong Kong,2
m,editor,Desembarco Produccións,2
,cinematographer,Valley Video Services,2
f,director,Casa De Luz,2
f,producer,Devinshire Jamestown Pictures,2
,producer,Conseil National de Bretagne,2
,writer,Evidence Films,2
f,writer,Casa De Luz,2
f,producer,Casa De Luz,2
m,composer,Dementia7 Studios LLC,2
m,composer,Medusa Video,2
m,composer,Miramax Home Video,2
,producer,Spicer Producciones S.A. de C.V.,2
f,cinematographer,Iron Oxide Productions,2
,editor,Valley Video Services,2
f,actress,Nikkatsu Video Films K.K.,2
m,cinematographer,Blue Yonder Films,2
m,writer,Merseyside Film Production Fund,2
,editor,Mark Borde Films,2
f,writer,Hi-Tops Video,2
m,cinematographer,Manitoba Film and Video Production Tax Credit,2
,writer,Deep River Productions,2
,cinematographer,Nouvelles Éditions de Films (NEF),2
m,director,Condor Vídeo,2
,writer,Code 99,2
,producer,CBS Video,2
m,cinematographer,Gobierno del Estado de Coahuila,2
,producer,E.I. Independent Video,2
m,producer,Dumbfounded Productions,2
f,producer,Cinema Delicatessen,2
,editor,AIP Home Video,2
f,producer,De Familie Janssen cbva,2
,producer,Coram Deo Studios,2
f,actress,Wilder Films,2
f,composer,Bezalel Academy of Arts and Design,2
,editor,Borde Releasing,2
m,editor,Burnside Entertainment,2
m,cinematographer,Medien- und Filmgesellschaft Baden-Württemberg,2
m,cinematographer,Secretaria de Turismo,2
m,cinematographer,Wide-Eyed Entertainment,2
m,writer,Maison de la Culture du Havre,2
f,actress,Shanghai Century Hero Film and Television Cultural Development,2
f,writer,Leader Motion Pictures,2
m,writer,Neuf de Coeur,2
,writer,Catmandu Branded Entertainment,2
,writer,Wilder Films,2
f,editor,Films de Force Majeure,2
m,editor,Redeemable Features,2
,writer,Index Films,2
,writer,Terminal Video,2
,editor,Deerjen Films,2
f,editor,Alliance Independent Films,2
f,director,Anderson Digital,2
,cinematographer,"Zurich University of Arts, Departement Film",2
m,writer,Sideshow Digital,2
,director,Wilder Films,2
,editor,Lindele Media,2
m,cinematographer,Televisión de Galicia (TVG) S.A.,2
m,writer,DeusExMachina Studio,2
,producer,Evidence Productions,2
,editor,Demalgamation,2
m,producer,Gag Order Films,2
m,composer,De Angelis Group,2
,writer,Evidence Productions,2
m,director,Valley Video Services,2
,director,Evidence Productions,2
m,writer,Universidade da Beira Interior,2
m,producer,Sideshow Digital,2
,writer,Videa,2
m,director,Dentsu Tec,2
m,producer,Thunder Bay Pictures,2
,producer,Truque Produtora de Cinema,2
m,cinematographer,Région Nord-Pas-de-Calais,2
,producer,Cinétudes Films,2
m,director,Golden Mean,2
m,writer,Valley Video Services,2
m,producer,Valley Video Services,2
m,director,Golden Screen Cinemas,2
m,cinematographer,Taylor-Made Productions,2
,editor,Evidence Productions,2
,producer,The Fundacion del Nuevo Cine Latinoamericano,2
m,writer,VideoServis,2
,cinematographer,Alliance Releasing Home Video,2
,producer,Outside Films,2
,writer,Outside Films,2
m,writer,Films de la Saga,2
,director,Outside Films,2
,writer,Sudden Motion Productions,2
m,producer,Las Perlas de la Virgen,2
,cinematographer,In Spades Productions,2
m,director,La Géode,2
,editor,Outside Films,2
,producer,Worldwide Evolution Films,2
,producer,Association Coopérative des Productions Audio-Visuelles (ACPAV),2
m,producer,Jade Films,2
m,writer,Randomly Designed Pictures,2
,director,Demalgamation,2
m,composer,Randomly Designed Pictures,2
,editor,Golden Girl,2
m,director,Randomly Designed Pictures,2
m,producer,Cinema Reloaded,2
,producer,Steven de Jong Producties,2
m,cinematographer,Finely Made Films & Entertainment,2
m,cinematographer,Filmgrinder Short Film Distribution,2
,editor,Golden Screen,2
,writer,Palace Video,2
m,writer,Joy Sales Film and Video Distributors,2
,composer,Demalgamation,2
m,composer,Modern Video,2
f,editor,Tenderlee Motion Pictures Company,2
,cinematographer,Demalgamation,2
m,director,Guangdong Qianhe Audio & Video,2
m,producer,Modern Video,2
m,director,Alamode Filmverleih,2
m,director,BMG Video International,2
,writer,Demalgamation,2
,producer,Demalgamation,2
,producer,Becoming Jade Films,2
m,director,Filmtrade - Spentzos Film,2
m,writer,Rodeo Film,2
m,writer,Code,2
,producer,Freedemon,2
m,editor,Student Life Dunedin,2
m,director,Jour de Fête Films,2
m,writer,Zomba Video,2
m,producer,Deer Head Productions,2
,producer,Highness Video,2
m,producer,G.E.R. (Grupo de Estudos e Realizações),2
m,director,Code,2
m,editor,VTI Home Vídeo,2
m,writer,Deehrelict,2
,director,Sirio Vide,2
m,writer,Wide Frame Films,2
,writer,Les Productions de la Lanterne,2
m,director,Videlectrix,2
,writer,Academy Entertainment,2
m,composer,Tradewind Pictures,2
,writer,Paramount Pictures Home Video,2
,director,Dennis Albrecht Filmproduktion,2
m,composer,Deepa Mehta Films,2
m,editor,De Line Pictures,2
,producer,Nederlandse Christelijke Radio Vereniging (NCRV),2
,composer,Student Life Dunedin,2
,editor,Advanced Computing Center for the Arts and Design (ACCAD) / The Ohio State University,2
m,cinematographer,MGM/UA Home Video,2
m,composer,AVU-Video-Vertriebs-GmbH,2
m,cinematographer,Filmprodukties de Luwte,2
m,producer,PolyGram Home Video,2
,producer,Alexander Garduño y Asociados,2
,producer,Modern Films Production,2
,cinematographer,Double Decher Productions,2
,writer,Alexander Garduño y Asociados,2
,editor,Voladero Espacio Cultural,2
,composer,Desembarco Produccións,2
m,writer,Arcade Pictures,2
m,writer,Rastar/Leider-Shapiro,2
m,cinematographer,Filmoteca de la UNAM,2
m,composer,ClandestCINE,2
m,composer,Institut National de l'Audiovisuel (INA),2
m,writer,Onion Underwater Productions,2
,producer,Shade Co. Ltd.,2
m,producer,DEJ Video Distribution,2
m,writer,NTV Video Corporation,2
m,director,Onion Underwater Productions,2
m,cinematographer,Wonder Works Films,2
,producer,Heavy Melody Music and Sound Design,2
m,producer,Dedica Group,2
,producer,Modern Music,2
m,writer,Escapade Films Production,2
m,director,"Tate Modern, The",2
m,writer,"Tate Modern, The",2
m,director,Dexiderius Producciones Audiovisuales S.L.,2
m,cinematographer,Secretaría de Cultura de Neuquén,2
m,cinematographer,Fox-Walden,2
,producer,Conseil Général de la Seine-Saint-Denis,2
m,cinematographer,4 Front Video,2
m,writer,Dedica Group,2
m,cinematographer,Device,2
m,producer,Idyllwild Arts Academy,2
m,cinematographer,Videosyncracy,2
m,editor,Sopa de Sobre Dibujos Animados,2
m,cinematographer,Hidden TV Productions,2
m,editor,Filmayer Vídeo,2
,writer,Nouvelles Éditions de Films (NEF),2
,composer,Deos Animation Studios,2
m,producer,Gobierno del Estado de Veracruz,2
m,producer,Videocolor,2
m,writer,Forbidden City Studios,2
m,writer,Les Films de la Suane,2
m,writer,Videodis,2
,director,Master Video,2
m,cinematographer,Totally Tasteless Video,2
m,producer,Filmes de Fundo,2
m,editor,Videomaniacs,2
m,editor,Aspa Cine-Video S.L.,2
,producer,Televisión Nacional de Chile (TVN),2
,producer,Odeon Video,2
m,director,Marauder Productions (II),2
m,writer,Marauder Productions (II),2
m,producer,Masquerade Films,2
m,producer,Marauder Productions (II),2
,producer,Pilton Video,2
,producer,740 Sound Design,2
m,writer,Valentine Video/Showtime Video Distribution,2
,writer,Sirio Vide,2
m,producer,Sony Deutschland,2
,producer,"Ville de Lausanne, La",2
,cinematographer,Advanced Computing Center for the Arts and Design (ACCAD) / The Ohio State University,2
,producer,"Ville de Renens, La",2
m,producer,Eurowide Film Production,2
m,producer,Nederlandse Christelijke Radio Vereniging (NCRV),2
m,composer,Riders on the Storm Pictures,2
m,editor,MGM/UA Home Video,2
,editor,"Ville de Lausanne, La",2
,editor,Living Dead Guy Productions,2
m,editor,Cineplex Odeon Films,2
m,writer,Deviate Pictures,2
,producer,Advanced Computing Center for the Arts and Design (ACCAD) / The Ohio State University,2
m,producer,AllHandsOnDeck,2
m,producer,Deviate Pictures,2
,editor,"Ville de Renens, La",2
m,writer,Craig Anderson Productions,2
m,director,X-Rated Kultvideo,2
m,writer,AllHandsOnDeck,2
m,director,Ivory Music & Video,2
m,producer,Dark Thunder Productions,2
m,producer,Les Films de l'Après-Midi,2
,producer,Adelson-Baumgarten Productions,2
m,writer,Coram Deo Studios,2
,director,Wonderfun,2
m,cinematographer,Delia & Mad Bull Films,2
,composer,DAVE School Students Productions,2
,producer,Neuf de Coeur,2
,producer,World Wide Nate Productions,2
,composer,Devin Entertainment,2
m,producer,Coram Deo Studios,2
,composer,Intermedia Film & Video,2
m,producer,Televisión Pública de Canarias,2
,writer,Wonder Works Films,2
m,cinematographer,Delia Films,2
m,director,AllHandsOnDeck,2
m,writer,Dexia,2
m,director,Kidex Investment Ltd.,2
m,writer,Peliculas Mexicanas en Video S.A.,2
,producer,Sociedad Anónima del Vídeo (S.A.V.),2
m,producer,Saban Home Video,2
,director,BMG Video International,2
m,composer,Metrodome Video Ltd.,2
,producer,Rede Telecine,2
m,editor,Made It Myself Pictures,2
m,director,Made It Myself Pictures,2
,writer,LNK Video,2
,producer,Independent Student Media,2
,writer,Trade Off Productions,2
m,writer,École Cantonale d'Art de Lausanne/Département Audiovisuel (ECAL/DAVI),2
,producer,Lyons Den Productions,2
,writer,Derek Flood/Sharktacos Studios,2
,producer,MTC Video,2
,writer,Independent Student Media,2
m,producer,Made It Myself Pictures,2
,editor,Leo Home Video,2
m,producer,Codex Pictures,2
m,writer,Barney Home Video,2
,editor,Golconde Producciones,2
m,editor,Globo Vídeo,2
,writer,Renegade Pictures (II),2
,director,Derek Flood/Sharktacos Studios,2
,writer,3 Sides Entertainment,2
m,director,Conseil Régional de Picardie,2
,director,Independent Student Media,2
m,writer,Golden Age Films,2
m,editor,Buena Vista International (Denmark),2
,writer,Gray Krauss Des Rochers,2
m,writer,Made It Myself Pictures,2
m,director,Golden Age Films,2
,editor,Lumina Video,2
m,producer,Deep Green Films,2
m,composer,Supercollider Ltd.,2
,editor,Media Development,2
m,director,UGC Video,2
m,cinematographer,CDE Videa,2
,editor,Videograph,2
,writer,The Grade Company,2
,producer,3 Sides Entertainment,2
,cinematographer,Demian,2
m,editor,Golden Age Films,2
m,producer,California Department of Recycling,2
,writer,Carmen Video,2
m,producer,Renegade Films,2
,producer,Films de la Saga,2
m,writer,Accolade,2
m,producer,Accolade,2
,writer,"Grade Company, The",2
m,producer,Independent Artists Unite,2
m,composer,Eurowide Film Production,2
,producer,Gray Krauss Des Rochers,2
,cinematographer,Columbia Home Video,2
m,director,Renegade Films,2
m,writer,Compagnie des Phares et Balises,2
m,composer,Région Nord-Pas-de-Calais,2
m,composer,KC Grinder Productions,2
,director,Worldvision Home Video,2
m,cinematographer,Alliance Independent Films,2
,producer,SchröderMedia HandelsgmbH,2
m,cinematographer,Made To Love Productions,2
,editor,Redeemable Features,2
m,director,Filmayer Vídeo,2
m,writer,UGC Video,2
,producer,Springboard Video,2
,producer,St. Joost Academy of Fine Arts,2
m,editor,American Pride Films Group,2
,writer,St. Joost Academy of Fine Arts,2
,director,Ignacio Benedeti Cinema,2
,director,St. Joost Academy of Fine Arts,2
m,writer,Derf Films,2
m,editor,Jordan Crowder Films,2
m,editor,AVU-Video-Vertriebs-GmbH,2
m,composer,Golden Age Films,2
m,editor,Big Idea Pictures,2
m,producer,Cine de Garage,2
m,director,Golconde Producciones,2
,composer,Dementia7 Studios LLC,2
,producer,Tragaluz Estudio de Artes Escénicas S.L.,2
m,producer,Credence Productions,2
m,producer,Media Development,2
,editor,St. Joost Academy of Fine Arts,2
m,director,Nippon Film Development and Finance,2
m,director,Device,2
,producer,Heatwave Video,2
m,producer,Point of Order Productions,2
m,writer,Lloyds Home Vídeo,2
,producer,Films de Catsilglin,2
m,producer,Credence Talent,2
m,writer,Golconde Producciones,2
m,composer,Les Films de Cléopâtre,2
m,composer,Video Data Bank,2
,writer,Cine Grande Corporation,2
,producer,Filmes de Abril,2
m,producer,Golconde Producciones,2
m,cinematographer,Televisión Federal (Telefe),2
m,cinematographer,Stampede Entertainment,2
m,composer,Avid Home Video,2
,producer,Noche de Brujas Producciones,2
,producer,Film Independent,2
m,writer,Videa,2
m,director,"Alberta Film Development Program of the Alberta Foundation for the Arts, The",2
,producer,Obshchestvennoe Rossiyskoe Televidenie (ORT),2
,composer,"Cinema Design, Belgrade",2
m,writer,Esselte Video,2
m,composer,Hi-Tops Video,2
m,cinematographer,Desperate Visions Productions,2
,writer,Dee Gee Entertainment,2
,cinematographer,Brøderbund Software,2
,producer,Instituto de Artes do Pará,2
m,writer,Sidereal Productions,2
m,producer,The Wooden Lens,2
,director,Instituto de Artes do Pará,2
,producer,MCA Planning and Development,2
,cinematographer,WonderWorks,2
,cinematographer,Manitoba Film & Sound Development Corporation,2
m,writer,Universidad Politécnica de Valencia,2
m,composer,Pirámide,2
m,composer,Ordet,2
,editor,Instituto de Artes do Pará,2
,producer,Screen Pix Home Video,2
m,editor,Tender Pixel Gallery,2
,producer,Delta Music & Entertainment,2
,cinematographer,Postmodern Times,2
,writer,Deutschfilm,2
,writer,Independent Film Development,2
m,director,ABC Family Worldwide,2
m,director,Independent Filmmakers Cooperative (IFC),2
,producer,Delta MoviesLLC,2
m,editor,Roadshow Home Video,2
,writer,Delta Movies,2
,cinematographer,Delta MoviesLLC,2
,composer,Delta MoviesLLC,2
,producer,Coop Vidéo de Montréal,2
m,composer,Conseil Général de la Charente,2
,producer,Zapata Design,2
m,composer,Conseil Régional de Poitou Charentes,2
,director,Delta MoviesLLC,2
m,composer,China Star Worldwide Distribution,2
,producer,Photographic Design Labs,2
m,director,Akademija Dramskih Umjetnosti (ADU),2
,producer,Video Maura,2
m,composer,Pandemonium,2
m,composer,Tax Shelter ING Invest de Tax Shelter Productions,2
m,writer,DMS DEBAH Films,2
m,writer,Golden Ring International,2
,producer,Ghost Code,2
,producer,Golden Harvest,2
,director,Ghost Code,2
m,director,DMS DEBAH Films,2
,editor,Coop Vidéo de Montréal,2
,producer,Amsterdamse Hogeschool voor de Kunsten,2
m,editor,Centre d'Estudis Cinematogràfics de Catalunya (CECC),2
m,director,Tender Pixel Gallery,2
m,writer,Tender Pixel Gallery,2
,editor,Ghost Code,2
,director,Lux Vide,2
m,editor,London Film Academy,2
,director,Transcendental Audio,2
m,cinematographer,Nova Home Video,2
,producer,Prelude2Cinema,2
m,composer,Matt Poidevin Pictures,2
m,writer,Unité de Programmes Cinéma,2
m,producer,Les Films de Cléopâtre,2
m,director,European Video Distributors (EVD),2
,producer,Seaside Pictures,2
,writer,Emerson Independent Video,2
,producer,Sin Perdon de Dios,2
m,actress,Golden Princess Film Production Limited,2
m,cinematographer,Deluxe Combo Films Inc.,2
m,producer,3 Shade Productions,2
m,cinematographer,Fox Lorber Home Video,2
m,actress,Chang-Wong Channel Film & Video Company,2
m,writer,Outsider Productions,2
m,writer,Xunta de Galicia,2
,director,Emerson Independent Video,2
,editor,8th Wonder Entertainment,2
m,producer,Deluxe Combo Films Inc.,2
,cinematographer,The Department of Trade and Industry of South Africa,2
,editor,Wandering Hat,2
,producer,Denver and Delilah Productions,2
,writer,Colectivo de Danza Contemporánea Rosita Nillinsky,2
,director,Globo Vídeo,2
m,writer,Columbia TriStar Home Video Hong Kong,2
m,cinematographer,Sociedade Óptica Técnica,2
m,editor,DAVE School Students Productions,2
m,editor,Collective Development,2
m,producer,Adecco,2
m,director,Equipment & Film Design,2
m,director,Pack-In-Video,2
,producer,Devil's Rock,2
,director,Colectivo de Danza Contemporánea Rosita Nillinsky,2
,producer,Penthouse Video,2
,producer,Dexterity Entertainment,2
,producer,De Angelis Group,2
m,writer,Equipment & Film Design,2
,producer,Light Year Video,2
m,director,Adecco,2
,producer,Delius Film,2
,director,Fox Home Video,2
,director,Universal Music & Video Distribution (UMVD),2
,producer,Drop spider games,2
m,composer,Odec Kid Cartoons,2
m,writer,Videorama GmbH Essen,2
m,director,Video Medien Pool (VMP) GmbH,2
,editor,"Madre del Cordero Films, La",2
m,producer,Platypus Underground,2
,director,Penthouse Video,2
m,director,Departamento de Cultura del Gobierno Vasco,2
m,producer,Tender Pixel Gallery,2
m,director,DAVE School Students Productions,2
m,director,Deluxe Combo Films Inc.,2
m,editor,Buttenschøn og Budde Entertainment Rights ApS,2
m,cinematographer,Universidad de Guadalajara,2
m,writer,DAVE School Students Productions,2
m,producer,Pack-In-Video,2
m,cinematographer,Les Films de l'Atalante,2
m,editor,Platypus Underground,2
m,producer,Zürcher Hochschule der Künste,2
,writer,Sociedade Óptica Técnica,2
,producer,Nuova Accademia delle Belle Arti (NABA),2
m,director,Valentine Video/Showtime Video Distribution,2
,writer,WonderWorld Studios,2
,producer,Instituto Superior de Cine y Artes Audiovisuales N° 10 de Santa Fe,2
m,producer,New Concorde,2
m,producer,Cosmic Video,2
m,producer,Gatorade,2
,director,Nuova Accademia delle Belle Arti (NABA),2
m,producer,CIC Home Video,2
,director,Sociedade Óptica Técnica,2
,director,Worldwide Entertainment Group (WEG),2
,writer,BMG Video International,2
,producer,Fidelio Films,2
m,cinematographer,Cineplex-Odeon Films,2
m,writer,Hidden Journal Films,2
m,composer,Library Video Company,2
,editor,Real Blonde Productions Corp.,2
,producer,Les Films de la Lymphe,2
m,director,Arcade Video,2
m,cinematographer,2 Entertain Video,2
,editor,Outsider Pictures,2
m,writer,Ministère de la Culture Italien,2
,cinematographer,Evidence Productions,2
m,writer,Taideteollinen korkeakoulu,2
,writer,Providence Entertainment,2
,producer,Van der Veken Filmwerken,2
,editor,Independent Film Development,2
m,director,Totally Tasteless Video,2
m,editor,Debonaire Films,2
m,director,Devin Entertainment,2
,producer,Columbia Academy,2
,editor,Seymour Borde & Associates,2
m,composer,Peach Video,2
m,cinematographer,Alpha Video Distributors,2
m,editor,Shades of Gray Entertainment,2
m,cinematographer,Debonaire Films,2
m,cinematographer,Shades of Gray Entertainment,2
,writer,Sendeja Films S.A.,2
m,writer,Project Trident,2
,producer,Gaumont Video,2
m,director,Industrial Development Corporation of South Africa,2
m,director,Delon Int.,2
,producer,Sendeja Films S.A.,2
m,writer,Delon Int.,2
m,producer,Delon Int.,2
m,composer,Filmayer Vídeo,2
,director,Independent Film Artists Network,2
m,editor,Ron De Cana Productions,2
,editor,Tenderloin Pictures,2
,producer,École Cantonale d'Art de Lausanne/Département Audiovisuel (ECAL/DAVI),2
m,director,Pandemic Production,2
m,director,Déjàvu Deluxe,2
m,composer,Liberty or Death Productions,2
m,producer,HoneyDew546 Productions,2
,producer,BFI Video,2
m,composer,Blue Yonder Films,2
,producer,Filmprodukties de Luwte,2
m,director,ITI Home Video,2
m,writer,New Vision de Mexico S.A.,2
,composer,Caja de Granada,2
m,writer,Déjàvu Deluxe,2
m,editor,Lee Mendelson Productions,2
m,producer,Déjàvu Deluxe,2
,composer,Junta de Andalucía,2
,writer,Chiragdeep International,2
m,writer,Coincidence Films,2
m,editor,Blue Gardenia Productions,2
m,director,Thunderbolt Productions,2
m,cinematographer,Les Films des Tournelles,2
,producer,Resonance Film & Video,2
,producer,Mixer de Medios,2
,producer,Madeleine Films,2
m,writer,Thunderbolt Productions,2
,director,Chiragdeep International,2
,producer,Cami Video Release,2
m,cinematographer,Manga Video,2
,writer,Bruno Andrade & Evilasia Poluceno,2
m,director,Added Films International,2
m,writer,Warner Home Video Inc.,2
,writer,Death By Awesome Productions,2
,writer,Hidden Films Studios,2
,producer,Edenwood,2
,producer,Identity Features,2
m,writer,Les Studios de Saint Ouen,2
m,producer,Outsider Productions,2
,director,Doomraider Mob Productions,2
,producer,Red Light District Video,2
m,writer,Conseil Général des Côtes d'Armor,2
m,director,Sueños Despiertos Prodducciones Cinematográficas S.L.,2
m,writer,Trash Video,2
,cinematographer,Independent Film Artists Network,2
m,producer,Sueños Despiertos Prodducciones Cinematográficas S.L.,2
,cinematographer,Undervisningsministeriets Tips- og Lottomidler,2
,cinematographer,Undervisningsministeriets Mediekontor,2
,producer,Fachhochschule Wiesbaden,2
m,director,Conseil Régional de Bretagne,2
,cinematographer,Egmont Fonden,2
m,director,Conseil Général des Côtes d'Armor,2
m,cinematographer,Compagnie des Films,2
m,director,Productions Paul Lederman,2
m,cinematographer,Handel Productions,2
,cinematographer,Odense Kommune,2
m,director,Universidade Federal Fluminense (UFF),2
m,cinematographer,Ministère des Affaires Étrangères,2
,producer,NDE Studios Inc.,2
,producer,Independent Film Artists Network,2
m,cinematographer,Dark Thunder Productions,2
m,composer,Independent Online Cinema,2
,cinematographer,Døvefonden,2
,writer,Depth of Field,2
,producer,Alexander Schellow,2
m,writer,Pyramid Home Video,2
m,director,Centro Técnico de Audiovisual/ MinC,2
m,writer,Dernière Frontières Films,2
,producer,Dandelion Distribution,2
,director,Bandersnatch Pictures,2
,cinematographer,Deckert Distribution,2
,editor,Wide Management,2
,producer,Jordan Crowder Films,2
m,writer,Centre Promotor de la Imatge (CPI) S.A.,2
m,writer,Filmax Distr. de Pelic. S.A.,2
m,writer,Gobierno de La Rioja,2
m,writer,Caja de Ahorros de La Rioja (Cajarioja),2
m,writer,"Gobierno de Aragón, Departamento de Cultura y Turismo",2
,producer,Big Idea Pictures,2
m,producer,Redemption Films,2
,producer,Dark Thunder Productions,2
,producer,Disorder Productions,2
m,producer,Independent Network International (INI),2
m,editor,Les Films de Cinéma,2
m,writer,Redemption Films,2
,editor,Red Light District Video,2
,producer,"Universidad del Cine, Argentina",2
,producer,Riders on the Storm Pictures,2
m,director,Redemption Films,2
,producer,Conseil Général des Côtes d'Armor,2
,writer,Al Borde Producciones,2
,producer,CIC Victor Video,2
m,composer,Alliance Releasing Home Video,2
,writer,Distant Thunder Films,2
,cinematographer,Al Borde Producciones,2
,director,Al Borde Producciones,2
,editor,Brentwood Home Video,2
m,director,Skrik Horror Video,2
,cinematographer,DeusExMachina Studio,2
,director,Riders on the Storm Pictures,2
,editor,Conseil Général des Côtes d'Armor,2
,editor,Al Borde Producciones,2
,cinematographer,M.A. Marcondes,2
m,director,Inside Track 2,2
m,cinematographer,Jour de Fête Films,2
m,director,RedEye Animation,2
,writer,Videotrónica,2
m,editor,Wanda Distribución Cinematográfica de Films S.A.,2
,producer,Eden,2
,producer,Renegade Films,2
m,editor,Opéra National de Paris,2
,director,Consorcio Audiovisual de Galicia,2
m,producer,Palace Video,2
,director,Videotrónica,2
m,editor,Amuse Video,2
,composer,Rebellion Developments Ltd.,2
m,cinematographer,NDE Productions,2
,producer,Dualstar Home Video,2
,producer,Virgin Suicides LLC,2
m,director,La Communauté Urbaine de Strasbourg,2
m,cinematographer,"Buenavista Columbia Tri Star Films de Mexico, S. de R.L. de C.V.'",2
,editor,Golden Ring International,2
m,writer,Delicious Nougat,2
,producer,Les Films de l'Après-Midi,2
m,writer,De Angelis Group,2
,writer,Meridian Video,2
m,director,Delicious Nougat,2
,writer,HiDe Films,2
m,editor,Thunder Bay Pictures,2
,producer,La Tropa de Trapo,2
,writer,Connoisseur Video,2
,editor,DeepStudios,2
,editor,Guangdong Avlight Culture Industry Development,2
m,director,Ministerie van de Vlaamse Gemeenschap,2
m,director,Imagination Worldwide,2
,director,HiDe Films,2
m,director,Berliner Filmförderung,2
m,cinematographer,Chrysalide Film,2
m,director,Pandemonium,2
m,actress,LK-TEL Vídeo,2
m,editor,Delicious Nougat,2
,editor,High Fliers Video Distribution,2
,editor,Regent Worldwide Sales,2
m,composer,G.E.R. (Grupo de Estudos e Realizações),2
m,writer,Imagination Worldwide,2
m,producer,A Droite de la lune,2
,producer,Casa De Luz,2
m,composer,Stampede Entertainment,2
,producer,Prod2demain,2
,writer,Casa De Luz,2
,producer,Parade Pictures Inc.,2
m,director,NDE Productions,2
m,composer,Nederlands Film Instituut,2
,producer,After Movies Video System,2
,producer,Cinevista Video,2
,director,Gobierno del Estado de Puebla,2
m,director,London Film Academy,2
,editor,Casa De Luz,2
m,editor,Slide Screen Entertainment,2
m,producer,Academy of Media Arts Cologne,2
m,editor,Academy of Media Arts Cologne,2
m,actress,Live Home Video,2
m,actress,Touchstone Home Video,2
m,composer,Made To Love Productions,2
m,actress,Paris Vídeo,2
m,producer,Adelaide Productions,2
m,director,Modern Tribe Communications,2
m,editor,"Deep End Digital Film Group, The",2
m,writer,Sunset Hill Video,2
m,producer,Les Films du Lendemain,2
m,actress,Buena Vista International (Sweden),2
m,producer,Modern Tribe Communications,2
m,editor,Blended Planet Pictures,2
m,writer,Italgest Video,2
,producer,Mark Borde Films,2
m,cinematographer,"Deep End Digital Film Group, The",2
m,writer,Conseil Général de la Dordogne,2
,director,Cines Unidos de Venezuela,2
m,writer,Deutsche Forschungsgemeinschaft,2
m,editor,Neue Deutsche Filmgesellschaft (NDF),2
m,editor,Red is Dead Entertainment,2
m,writer,Boy Under Willow,2
m,director,Red is Dead Entertainment,2
m,director,Boy Under Willow,2
m,editor,Boy Under Willow,2
,producer,Bingo Movie Development,2
m,editor,Warner Bros. Home Video,2
,producer,LA Independent Film & Entertainment L.I.F.E.,2
m,writer,Spiderwood Animation Productions,2
m,editor,Videotrónica,2
m,writer,Conseil Général de l'Aisne,2
m,writer,Spiderwood Studios,2
m,director,Rad Video,2
m,writer,Conseil Régional de Picardie,2
m,writer,Spiderwood Productions,2
m,writer,Academy of Media Arts Cologne,2
,producer,Beijing Xiaoma Benteng Film & TV Culture Development,2
m,director,Regent Worldwide Sales,2
m,producer,Golden Field Films,2
m,producer,Spiderwood Animation Productions,2
,director,Nistal de Luna,2
,producer,VTI Home Vídeo,2
m,producer,Golden Network Asia,2
m,producer,Spiderwood Studios,2
m,producer,Transcendental Media,2
,cinematographer,Fonds Eurimages du Conseil de l'Europe,2
m,writer,Media Design School,2
m,producer,Spiderwood Productions,2
m,producer,Dandelion Productions,2
m,producer,Film Threat Video,2
,producer,Confounded Films,2
m,writer,Rocket Pictures Home Video,2
,writer,Ringling College of Art Design,2
,producer,JFTHOI Video,2
m,composer,Studio Babelsberg Independents,2
,director,Ringling College of Art Design,2
,director,Rizzoli Corriere della Sera Home Video (RCS),2
,editor,Ringling College of Art Design,2
m,writer,Bill & Ben Video (BBV),2
m,writer,Gran Teatre del Liceu,2
m,producer,21st Century Video,2
m,producer,Amuse Video,2
m,director,Les Aventuriers de l'Image,2
m,director,Président Films,2
m,director,Euripide Productions,2
,producer,Caméra Club de Genève,2
m,editor,Primer Plano Film Group Video,2
m,writer,Les Aventuriers de l'Image,2
m,writer,Newfoundland Labrador Film and Video Industry Tax Credit Program,2
,producer,Conseil Général de l'Aisne,2
m,writer,Newfoundland and Labrador Film Development,2
m,writer,Shade Pictures,2
,producer,Noontide Filmworks,2
m,writer,Cogeco Program Development Fund,2
m,writer,Euripide Productions,2
m,producer,Wanted Worldwide,2
m,director,Bezalel Academy of Arts and Design,2
,writer,Grupo Novo de Cinema e TV,2
m,producer,Les Aventuriers de l'Image,2
,writer,Noontide Filmworks,2
m,writer,Bezalel Academy of Arts and Design,2
,composer,Handmade Flimfilms,2
m,producer,Bezalel Academy of Arts and Design,2
,cinematographer,Wonderfun,2
m,writer,Wanted Worldwide,2
m,editor,Sony Wonder,2
m,producer,Nexus Cinema e Vídeo,2
m,writer,Institut National de l'Audiovisuel (INA),2
,director,Noontide Filmworks,2
m,composer,Buttenschøn og Budde Entertainment Rights ApS,2
m,writer,Low Definition Films,2
m,producer,Veryrude Films,2
,director,VideoServis,2
,producer,Golden Network,2
m,director,designWELL,2
,director,Modern Audio (International) Ltd.,2
m,director,Low Definition Films,2
m,editor,Homemade Films,2
m,cinematographer,"Cinema Design, Belgrade",2
m,writer,Haut Monde,2
m,director,Nordisk Film Video,2
,director,Golden-Culture-Times,2
,producer,Devi Films,2
m,editor,Amazon Instant Video,2
,producer,Rolling Thunder Pictures,2
,producer,Wolfesden Actors Exchange,2
,editor,Wonderfun,2
m,writer,WunderWerk,2
,writer,RenderFilms,2
m,producer,S/S Fladen Film,2
m,director,Underground,2
,producer,Desire Media Entertainment,2
,director,Ode Visuals,2
m,writer,Ode Visuals,2
m,editor,ICF Institut Català de Finances,2
m,director,Odec Kid Cartoons,2
,editor,Noontide Filmworks,2
,editor,Ode Visuals,2
m,director,XYZ Desarrollos S.A.,2
,producer,Evergreen Video,2
,producer,Deivanai Movies,2
m,writer,Légende Entreprises,2
m,director,MGM/UA Home Video,2
m,producer,Undervisningsministeriets Tips- og Lottomidler,2
m,producer,World Wide Entertainment,2
m,composer,Redeeming Features,2
m,producer,Undervisningsministeriets Mediekontor,2
,producer,Outsider Diffusion,2
m,producer,De Warrenne Pictures,2
m,cinematographer,Inderjit Films Combine,2
m,director,Sri Balaji Video,2
m,producer,Egmont Fonden,2
m,director,Dear Skyyler Productions,2
m,producer,One Louder Productions,2
m,producer,Odense Kommune,2
m,producer,Døvefonden,2
,producer,Golden Aura Productions,2
,producer,"Dirección de Investigación, Desarrollo Tecnológico y Experimentación Cinematográfica y de Cortometraje",2
,producer,Delusers,2
m,cinematographer,Flipside Lab,2
,producer,NODE Studios,2
m,composer,Instituto de Artes do Pará,2
m,writer,Escuela de Cinema y Audiovisual Comunidad de Madrid (ECAM),2
,producer,Step-Aside Entertainment,2
,director,La Compagnie des Ondes,2
,director,José Frade Producciones Cinematográficas S.A.,2
m,director,Bingo Movie Development,2
m,director,Conseil Régional de Provence-Alpes Côte d'Azur,2
m,producer,Deep C-Star Productions,2
,composer,De Warrenne Pictures,2
m,director,"BKM, kulturelle Filmförderung des Bundes",2
,writer,Wonder View Films,2
m,producer,Alvaro Velarde Producciones,2
m,producer,Debonair Films International,2
m,producer,Popojedem,2
m,writer,Alvaro Velarde Producciones,2
m,producer,Aberdeen Soldier Productions,2
m,cinematographer,Conseil Régional de Provence-Alpes Côte d'Azur,2
m,director,Alvaro Velarde Producciones,2
,writer,Device,2
m,writer,Conseil Régional de Provence-Alpes Côte d'Azur,2
,producer,Wonderland Ave. Films,2
,composer,ABC Family Worldwide,2
m,producer,The Developers of Incredible Power,2
,director,Producciones Barba Loza S.A. de C.V.,2
,producer,Cartafilm Independent Factory,2
m,producer,Borde Releasing,2
,editor,Bona Fide Productions,2
,producer,Ecole d'Art de Uccle,2
,writer,Cartafilm Independent Factory,2
,writer,Pulsepounders,2
m,composer,Chrysalide Film,2
m,writer,Borde Releasing,2
m,producer,Paramount Video (PV),2
,producer,Defendshee Productions,2
,writer,Ecole d'Art de Uccle,2
,director,Cartafilm Independent Factory,2
m,cinematographer,Independent Online Cinema,2
m,producer,Three Degrees Off Center Productions,2
,director,Ecole d'Art de Uccle,2
,director,Gardeshet Productions,2
,editor,Cartafilm Independent Factory,2
m,editor,Columbia TriStar Home Video Hong Kong,2
,producer,Watkins World Wide,2
m,editor,2 Entertain Video,2
,writer,Blue Yonder Films,2
m,composer,Craig Anderson Productions,2
m,cinematographer,Departamento de Cultura del Gobierno Vasco,2
m,director,Borde Releasing,2
m,editor,Deckchair Productions,2
,director,Dimension Home Video,2
,editor,Idea Bank & Creation,2
m,cinematographer,Wonder Mill Films,2
,producer,Hustler Video,2
m,director,Deckchair Productions,2
m,editor,Borde Releasing,2
m,composer,Masquerade Films,2
,producer,Producciones Barba Loza S.A. de C.V.,2
m,writer,Nexus Cinema e Vídeo,2
m,director,Delta Vidéo Diffusion,2
m,writer,Deckchair Productions,2
,producer,Jade M,2
m,producer,Deckchair Productions,2
m,writer,Loterie Suisse Romande,2
,writer,Gardeshet Productions,2
,editor,Secretaría de Educación Pública,2
m,composer,IMAX Ridefilm,2
,writer,Jaded Creative Productions,2
,director,Delusers,2
m,writer,Carmen Video,2
,producer,Bayerische Landesanstalt für Aufbaufinanzierung,2
m,composer,Ogden Entertainment,2
,composer,Video Service Corporation,2
,composer,Insider Films,2
,producer,Bonafide Films,2
m,producer,Centro Cultural del Cine,2
m,producer,Cooperativa de Trabajo Felei,2
,producer,Gardeshet Productions,2
,producer,Les Films de L'Autre,2
,director,Mode Records,2
m,writer,Cinema de Bizarre,2
,producer,Studio Campedelli,2
m,composer,Dentsu Tec,2
m,writer,De Smet Films,2
m,writer,Jovem Pan Home Vídeo,2
,cinematographer,American Pride Films Group,2
m,producer,Atlas Worldwide Syndications and Distributions,2
m,writer,Cosmic Video,2
m,producer,Modernciné,2
m,composer,Nederlandse Omroepstichting (NOS),2
,producer,InterCanadian Video Sales Inc.,2
m,composer,Ministerie van de Vlaamse Gemeenschap,2
,writer,OZI Escola de Audiovisual de Brasília,2
m,director,Cinema de Bizarre,2
m,composer,Berliner Filmförderung,2
m,cinematographer,Les Films de l'Astre,2
,producer,Bootmen Productions (Hilary Linstead-Dein Perry),2
m,composer,Loterie Nationale de Belgique,2
m,writer,World Wide Nate Productions,2
m,producer,Duchy Parade Films,2
m,producer,Nickelodean Interactive,2
,writer,WonderWorks,2
m,editor,Codeblack Entertainment,2
,director,Centro Técnico de Audiovisual/ MinC,2
,producer,Video Junkie,2
m,director,High Fliers Video Distribution,2
,producer,Goldenlark Productions,2
m,composer,Ministère de la Communauté Française de Belgique,2
m,editor,C-sales Arthouse Video,2
,producer,Dead at 40 Productions,2
,editor,OZI Escola de Audiovisual de Brasília,2
m,editor,Nederlandse Film en Televisie Academie (NFTVA),2
m,editor,Nijenhuis & de Levita Film & TV B.V.,2
,director,Ivory Music & Video,2
m,cinematographer,Filmayer Vídeo,2
,producer,Hispana de Producción,2
,producer,Rendez-Vous Production,2
m,editor,Filmtrade,2
m,writer,Les Films de Cinéma,2
,producer,Team De DoDoDo,2
,producer,Deviate Pictures,2
,producer,Playboy Home Video,2
,writer,Deerbear Films,2
m,director,Stampede Entertainment,2
,writer,Trident Releasing,2
,director,Palisades Pictures,2
,producer,Red Desert Films,2
m,producer,Videoimpulse,2
,producer,Cylinder Production,2
,producer,Brynhilde Productions,2
m,director,ETD Home Video,2
,editor,Kino Kabaret International de Bruxelles,2
,producer,Dodecá,2
,writer,Nexus Cinema e Vídeo,2
m,producer,Independent Artists Collaborative,2
m,director,Bio-Tide Films (I),2
,producer,Ringleader Productions,2
,writer,Videographe of Montreal,2
,editor,Hispana de Producción,2
m,director,Toho Video,2
m,writer,Bio-Tide Films (I),2
,producer,Cunning Developments,2
m,writer,Toho Video,2
,producer,Michel de Wouters Production,2
,producer,Erotic Angel Video,2
m,producer,Deliberately Obtuse Entertainment,2
m,cinematographer,Golden Harvest Pictures (China),2
,director,Fonds National de Soutien à la Production Audiovisuelle du Luxembourg,2
m,editor,Condor Vídeo,2
m,producer,Shocking Videos,2
m,writer,Cinema Pardes,2
m,composer,Studio Arkadena,2
m,editor,Video Service Corporation,2
,producer,Derby City Productions,2
m,cinematographer,Brilliant Idea Group (BIG),2
,producer,Accorde Filmes,2
m,editor,Spirit Rider Productions,2
m,director,Flinders University Screen Studies Department,2
m,composer,Studio Video a Televizni Tvorby,2
m,cinematographer,Wide Sight Entertainment Limited,2
m,editor,Zeroinside Films,2
,writer,Accorde Filmes,2
m,producer,Defender Film Company (II),2
m,producer,Video Verité Productions,2
m,composer,Odean S.A.,2
m,composer,RCA/Columbia Pictures Video,2
,writer,Xanadeux Company,2
m,director,Delia & Mad Bull Films,2
m,composer,De Volkskrant,2
m,cinematographer,Escola Superior de Teatro e Cinema (ESTC),2
,editor,Golden Port Productions Ltd.,2
m,editor,Grandelusions Films,2
m,producer,Dreidel Films,2
m,cinematographer,Ministry of Culture of the Russian Federation,2
m,cinematographer,Thought Collide Productions,2
m,writer,Thought Collide Productions,2
,producer,Unknown Identity,2
m,editor,Under The Tower Productions,2
m,director,Wild Side Films,2
m,editor,Film Development Fund of Hong Kong,2
m,producer,Lucernafilm Video,2
m,writer,Under The Tower Productions,2
m,producer,Worldwide Video,2
,producer,Independent Film Trust,2
,editor,Goldenring Productions,2
m,editor,Faculty of Dramatic Arts Belgrade,2
m,composer,Rolling Thunder Pictures,2
,producer,Sonovídeo,2
,producer,Editude Pictures GbR,2
,producer,Desperate Visions Productions,2
m,writer,Cooperativa de Trabajo Caloi en su Tinta,2
m,editor,Perro Verde Films,2
,producer,Homemadefilms,2
m,cinematographer,De Filmfreak,2
m,editor,Medienboard Berlin-Brandenburg,2
,writer,Zuiderfilm,2
m,writer,Mode Records,2
m,composer,Conseil Régional des Pays de la Loire,2
,producer,Wildside Production,2
m,composer,Golden Harvest Pictures (China),2
,producer,Lady Marmalade Music,2
m,writer,Borderline Productions,2
,producer,Golden Art Entertainment,2
m,composer,Deal,2
,director,Alberta College of Art and Design,2
,cinematographer,First Independent Films,2
m,cinematographer,Presidenzia del Consiglio del Ministri-Dipartimento dello Spettacolo,2
m,director,Burning Grounds Independent Media,2
,composer,Autodesk,2
m,producer,Cines Unidos de Venezuela,2
m,producer,Burning Grounds Independent Media,2
m,composer,China Vídeo,2
m,producer,Anhui Cultural Audio Video Publishing CO.,2
,editor,Desperate Visions Productions,2
m,editor,Catmandu Branded Entertainment,2
m,writer,Ma.ja.de. Fiction,2
,editor,Lawrence Bender Productions,2
m,composer,Renegade Animation,2
m,producer,Centro Nacional Autónomo de Cinematografía (CNAC) (I),2
m,director,Catmandu Branded Entertainment,2
,writer,Alberta College of Art and Design,2
,producer,Shadeena Films,2
,director,Cogeco Program Development Fund,2
m,producer,Bankside Films,2
,cinematographer,Cinema de Bizarre,2
,cinematographer,Noir Worldwide,2
m,composer,Wide-Eyed Entertainment,2
,director,Blue Rider Pictures,2
m,editor,Wiedemann & Berg Filmproduktion,2
,producer,Alberta College of Art and Design,2
m,director,Hidden Journal Films,2
,writer,Handel Productions,2
m,cinematographer,Turku Polytechnic/Arts Academy,2
m,director,Delia Films,2
m,producer,Daredevil Films (II),2
,cinematographer,De Smet Films,2
m,director,Le Club des Investisseurs,2
,producer,Conseil Régional de Bretagne,2
,producer,DEJ Video Distribution,2
m,writer,Border Films,2
m,producer,Fox Kids Video,2
m,director,Région Nord-Pas-de-Calais,2
m,producer,Beijing Film Academy,2
m,director,260 Degrees Entertainment,2
m,writer,Lauren Films Video Hogar S.A.,2
m,writer,Région Nord-Pas-de-Calais,2
m,writer,260 Degrees Entertainment,2
,producer,Adelaide Productions,2
m,producer,Thunderbean Animation,2
,director,DEJ Productions,2
,producer,Compañia Internacional de las AR,2
m,producer,New Puppet Order,2
,producer,G.E.R. (Grupo de Estudos e Realizações),2
,producer,Filmes de Fundo,2
m,writer,Thunderbean Animation,2
,producer,Wounded Eye Media,2
,director,Vídeo Arte,2
m,composer,Vaishno Academy,2
m,editor,Belgrade & Cleveland Media Group,2
m,producer,Lefwander Kapitalförvaltning AB,2
m,cinematographer,"Film Department, The",2
,writer,Adelaide Productions,2
,director,Universidad Cardenal Herrera - CEU,2
m,director,Belgrade & Cleveland Media Group,2
m,cinematographer,Belgrade & Cleveland Media Group,2
m,writer,Belgrade & Cleveland Media Group,2
m,director,Universidade Lusófona de Humanidades e Tecnologias,2
,editor,Compañia Internacional de las AR,2
m,director,Tenderlee Motion Pictures Company,2
m,writer,Eden Wurmfeld Films,2
m,editor,Delia Films,2
m,editor,Académico de Torres Vedras (ATV),2
m,director,Lauren Films Video Hogar S.A.,2
m,writer,Universidade Lusófona de Humanidades e Tecnologias,2
m,editor,Tenderlee Motion Pictures Company,2
m,editor,Delia & Mad Bull Films,2
m,director,Académico de Torres Vedras (ATV),2
m,producer,Belgrade & Cleveland Media Group,2
m,cinematographer,Académico de Torres Vedras (ATV),2
,producer,M & M Vihdepalvely,2
,producer,MTV Home Video,2
m,composer,Fox Home Video,2
,producer,Dedicated Works Productions,2
m,producer,Kaleidescope Media Group,2
m,cinematographer,Darkside Films,2
m,producer,Repubblica e Cantone del Ticino,2
,producer,Vandelay Moving Picture Company,2
m,composer,Collective Development,2
m,writer,Demented Features,2
m,director,Newlink Development,2
m,producer,Newlink Development,2
m,editor,Greenwood/Cooper Video,2
,producer,Monarch Video,2
,producer,Trade One,2
,director,Bandeira Entertainment,2
m,editor,New Puppet Order,2
m,director,Nexus Cinema e Vídeo,2
,producer,MCP Video,2
,editor,Wonder Entertainment,2
m,composer,VCL Video,2
m,director,Odyssey Video,2
,producer,Polivideo,2
m,director,Cort/Madden Productions,2
,producer,Edivídeo,2
m,producer,Sony Music Video (SMV) Enterprises,2
,editor,Guangdong Qianhe Audio & Video,2
m,composer,Hidden Frontier Productions,2
m,producer,theIndianMaiden.com,2
m,composer,Undercover Productions (II),2
m,writer,Video Service Corporation,2
m,writer,120 Degree Films,2
m,producer,Valentine Video/Showtime Video Distribution,2
m,director,Simitar Video,2
m,producer,Institut Català de les Empreses Culturals (ICEC),2
m,producer,CDE Videa,2
,producer,Societé d'Exploitation et de Distribution de Films (SEDIF),2
m,cinematographer,Des Films,2
m,composer,Els Films de la Rambla S.A.,2
,producer,Nickelodean Interactive,2
,director,Polivideo,2
m,editor,Escuela Internacional de Cine y Televisión (EICTV),2
m,editor,Lanzadera Films,2
m,producer,Outsider Diffusion,2
m,writer,Film and Television Academy Potsdam-Babelsberg,2
m,producer,Vision Video Gateway Films,2
m,producer,Crown Video,2
m,producer,8th Wonder Entertainment,2
,editor,Nova Home Video,2
m,producer,Diva Video Entertainment,2
m,cinematographer,Studio Arkadena,2
m,producer,Crowded Womb Productions,2
,editor,Delta Vidéo Diffusion,2
m,actress,Les Films Alain Sarde,2
m,actress,Universe Laser & Video Co. Ltd.,2
m,actress,Cecchi Gori Home Video,2
,editor,Hochschule Luzern (HSLU) Design & Kunst/Animation,2
m,director,Lanzadera Films,2
m,producer,Golden Aura Productions,2
m,producer,Hérodiade,2
m,writer,Karbon Videoproduktion,2
m,producer,Consorzio per la Tutela del Prosecco di Conegliano-Valdobbiadene,2
m,writer,Lanzadera Films,2
m,composer,iDeal Partners Film Fund,2
m,producer,Lanzadera Films,2
m,actress,Flashstar Home Vídeo,2
,producer,Produksjonsfondet for kino og fjernsynfilm,2
m,producer,Regione del Veneto,2
m,writer,Lady Marmalade Music,2
m,editor,Unrendered Productions,2
,producer,Widestream Films,2
m,producer,Hidden Frontier Productions,2
m,editor,RCS Video,2
m,director,Karbon Videoproduktion,2
,director,Les Films de l'Atalante,2
,writer,Hidden Mission Entertainment,2
m,cinematographer,Tres Minutos Contra el Monstruo del Largometraje,2
m,producer,Inside Films,2
m,writer,International Video 80,2
,producer,BIG Home Video,2
,writer,Cascade,2
m,writer,Video 80,2
,director,Hidden Mission Entertainment,2
m,composer,Cine Video y TV,2
,producer,Bevis Film and Video,2
,director,Nederlandse Omroepstichting (NOS),2
,director,Desert Skye Entertainment,1
m,writer,Cines Unidos de Venezuela,1
,composer,Cascade,1
m,director,InsideFilms,1
,editor,Avid Video,1
,director,Avant Grade Productions,1
m,director,Desert Wind,1
m,composer,Commissão de Valores Mobiliarios,1
m,editor,Inside Films,1
,cinematographer,Wondergraf,1
,editor,Hidden Mission Entertainment,1
,writer,Wondergraf,1
m,composer,Consorcio para el Desarrollo Rural del Oriente de Asturias,1
m,director,Inside Films,1
,cinematographer,Avant Grade Productions,1
m,director,Cadenza Films B.V.,1
m,writer,Wanderlust Film,1
m,writer,Serenade Films,1
,producer,Wondergraf,1
,producer,Cascade,1
m,writer,Cadenza Films B.V.,1
m,writer,Thames Video Collection,1
m,director,Tres Minutos Contra el Monstruo del Largometraje,1
,editor,Bevis Film and Video,1
m,writer,Applause Home Video,1
m,editor,Columbia TriStar Comercio Internacional (Madeira) Ltda.,1
m,composer,20th Century Fox de Chile,1
m,composer,Beverly Detroit,1
m,editor,Golden Aura Productions,1
,editor,Avant Grade Productions,1
m,director,Golden Aura Productions,1
m,composer,Edko Video,1
m,actress,Gaumont/Columbia TriStar Home Video (GCTHV),1
m,writer,Golden Aura Productions,1
m,editor,Adelson-Baumgarten Productions,1
,director,Cascade,1
,director,Wondergraf,1
m,composer,Companhia de Imagem,1
,director,Ministerio de Cultura,1
m,cinematographer,Conseil Général de la Seine-Saint-Denis,1
,editor,USA Home Video,1
m,composer,Delphis Films,1
m,producer,Golden Network,1
,editor,Taylor-Made Productions,1
m,director,Occidental Media Corp.,1
m,producer,Shudder Films,1
m,director,Cinematografica del Sur,1
m,editor,Crowded Womb Productions,1
m,actress,Centre National de la Cinématographie (CNC),1
m,cinematographer,KGP Kranzelbinder Gabriele Production,1
m,writer,Academy of Drama & Film Budapest,1
,director,Anand Video,1
m,actress,Lux Vide,1
,producer,Showtime Video Distribution Inc.,1
m,composer,Fidelis Films,1
m,director,Academy of Drama & Film Budapest,1
m,producer,Tindell Productions,1
m,producer,Interlochen Arts Academy,1
m,director,Border Productions,1
m,editor,Interlochen Arts Academy,1
m,composer,Consultores de Comunicación Integral S.L.,1
m,writer,Custom Made Films,1
m,composer,Click Video,1
m,producer,Golden Princess Amusement Company,1
,director,Kinovideoprokat,1
,director,Trade One,1
m,director,Independent Film Development,1
,producer,Delivery System Pictures LLC,1
,producer,Right Minded Productions,1
m,actress,Schröder Media,1
m,director,"Sword of Alexander Production Companies, The",1
,producer,Ciné-Tamaris/Paramount Home Video,1
m,producer,40 Creditors and a Deferral,1
m,producer,La Tropa de Trapo,1
m,editor,Exe Video,1
m,editor,New Vision Video,1
m,writer,Belvedere Entertainment,1
m,editor,Eagle Video,1
m,editor,Accolade,1
,director,First Independent Pictures,1
,writer,Anand Video,1
,producer,Valentine Video/Showtime Video Distribution,1
m,director,Video Service Corporation,1
,producer,Kinovideoprokat,1
,director,Monarch Video,1
m,director,Custom Made Films,1
m,editor,Number One Video,1
m,producer,Custom Made Films,1
m,director,Belvedere Entertainment,1
m,editor,Tres Minutos Contra el Monstruo del Largometraje,1
m,cinematographer,Greek Dessert Films,1
m,editor,Sideways Productions Inc.,1
m,editor,Grupo Novo de Cinema e TV,1
m,editor,Hualu Electronic Audio & Video Publish Co.,1
m,producer,Wolfesden Actors Exchange,1
m,editor,Greek Dessert Films,1
m,editor,Monolith Video,1
,writer,Trade One,1
m,composer,Watkins World Wide,1
m,writer,Wolfesden Actors Exchange,1
m,director,New Puppet Order,1
m,producer,Ideacinema,1
m,director,Wolfesden Actors Exchange,1
,writer,Monarch Video,1
m,director,Crowded Womb Productions,1
m,director,Terra Video,1
m,writer,Independent Film Development,1
m,actress,Sony Pictures Video,1
m,writer,InsideFilms,1
,cinematographer,Département Fédéral de l'Intérieur,1
m,director,Exe Video,1
,writer,Dosdecatorce Producciones,1
m,producer,iWONDER Films,1
m,writer,iWONDER Films,1
m,director,iWONDER Films,1
m,writer,Opéra de Lyon,1
m,producer,Visual Garden Productions,1
m,writer,Terra Video,1
m,director,Nederlands Film Instituut,1
m,writer,Worldwide Media,1
,cinematographer,Dedicated Works Productions,1
m,director,Andrew Adelson Company,1
m,writer,Exe Video,1
,composer,Adelita Studios,1
m,editor,Eden Wurmfeld Films,1
m,editor,Instituto Politécnico de Leiria,1
m,writer,Tindell Productions,1
,director,Deluded Penguin Productions,1
m,editor,CIC Video Australia,1
m,writer,Covent Garden Pioneer FSP,1
m,director,Worldwide Media,1
m,editor,Michael Alden Productions,1
,cinematographer,Videographe of Montreal,1
m,director,Tindell Productions,1
,cinematographer,Fidelis Films,1
m,editor,Instinct Eden Rock International,1
m,writer,Théâtre Impérial de Compiègne,1
m,producer,Coop Vidéo de Montréal,1
m,composer,Codemasters Online Gaming,1
m,editor,Video Company,1
m,producer,Odec Kid Cartoons,1
m,producer,Someplace Wonderful Productions,1
m,producer,Escola Superior de Artes e Design (ESAD.CR),1
m,composer,Lloyds Home Vídeo,1
,producer,Transgression Video Productions,1
m,director,Filmverlag der Autoren,1
,writer,Deluded Penguin Productions,1
m,writer,Filmverlag der Autoren,1
m,producer,Instituto Politécnico de Leiria,1
m,editor,Tindell Productions,1
m,writer,Escola Superior de Artes e Design (ESAD.CR),1
,director,Dosdecatorce Producciones,1
m,writer,Instituto Politécnico de Leiria,1
m,writer,The Federation,1
m,writer,Transcendental Media,1
m,director,The Federation,1
m,director,"Academy of Motion Pictures, Arts & Siences Film Archive, The",1
m,editor,DIA Distributori Indipendenti,1
m,producer,Filmverlag der Autoren,1
m,producer,Desselb Productions,1
m,director,Escola Superior de Artes e Design (ESAD.CR),1
m,writer,VideoSif,1
m,director,Videocolor,1
m,cinematographer,Please Provide Pictures,1
m,composer,United American Video,1
,writer,Spiderwick Productions,1
m,director,The National Film and Video Foundation of SA,1
m,writer,Death By Awesome Productions,1
m,director,Instituto Politécnico de Leiria,1
m,director,Delta Video,1
m,director,Capital Cities/ABC Video Enterprises Inc.,1
m,director,Gobierno del Estado de Veracruz,1
m,director,Videx International,1
m,director,Wonderful Works,1
m,editor,Escola Superior de Artes e Design (ESAD.CR),1
m,cinematographer,Universidad del Cine,1
,director,Rosen/Bender Productions,1
m,composer,Galaxia Digital Video,1
m,director,Sky Eagle Worldwide Holdings,1
m,director,Cooperativa Productora Chupadero,1
,cinematographer,Cooperativa de Trabajo Kaos,1
m,composer,Cinema Reloaded,1
m,writer,S.V. Murder Mystery Movies Inc.,1
,director,Cine du Monde,1
m,cinematographer,Prod2demain,1
m,writer,Crowded Womb Productions,1
m,editor,Tordenfilm AS,1
m,producer,Tandem Multimédia,1
m,director,Outsider Productions,1
m,cinematographer,Scott Sanders Productions,1
m,writer,Gathering of Developers,1
,editor,Dosdecatorce Producciones,1
m,director,La Compagnie des Petites Merveilles,1
m,producer,Nickelodeon/MTV Networks,1
m,director,Gathering of Developers,1
m,producer,Sin City Video,1
m,cinematographer,CBS Worldwide Inc.,1
m,composer,Behaviour Worldwide,1
m,editor,Secretaria para o Desenvolvimento do Audiovisual,1
m,writer,La Compagnie des Petites Merveilles,1
m,editor,Commissão de Valores Mobiliarios,1
m,director,Angel Vídeo,1
m,director,Tall Orders Productions,1
,editor,Fantasy Home Video,1
m,director,Cité de Production Médiatique,1
m,editor,Tall Orders Productions,1
,editor,Rosen/Bender Productions,1
m,cinematographer,Fladenfilm,1
,director,WGBH Boston Video,1
m,producer,Monster Animation and Design,1
m,writer,Golden Girl,1
m,director,Tradewind Pictures,1
m,director,Golden Girl,1
m,composer,Confounded Films,1
m,director,Conseil Général de l'Eure,1
m,writer,Tradewind Pictures,1
m,director,Video Screen,1
m,cinematographer,Gobierno de la Provincia de San Luis,1
m,producer,Border Films,1
m,director,Vivivideo,1
m,producer,Arden Film,1
m,producer,I Sell My Tricks for Wooden Nickels,1
,producer,Légende Films,1
m,producer,Odeon Pictures,1
,editor,Shadeena Films,1
m,cinematographer,Death Note Film Partners,1
m,director,Memorias Del Sabio Producciones,1
m,editor,I Sell My Tricks for Wooden Nickels,1
,producer,Sony Music Video,1
,director,Digital Salade,1
m,composer,Tartan Video USA,1
m,cinematographer,Concorde Anois,1
m,composer,Terra Video,1
m,director,Conseil Régional de Haute Normandie,1
m,writer,Strident Films,1
m,cinematographer,Zentropa International Sweden,1
m,cinematographer,Vendetta Filmes,1
m,writer,Cité de Production Médiatique,1
m,writer,Golden Harvest,1
m,composer,Association Française des Cinémas d'Art et d'Essai (AFCAE),1
,producer,Producción Independiente,1
,producer,Deep See Productions,1
m,composer,Forum des Images,1
m,writer,Sky Eagle Worldwide Holdings,1
m,cinematographer,Pampa del Castillo Producciones,1
,composer,New Puppet Order,1
m,director,DEMD Productions,1
m,director,Border Films,1
m,editor,Insider Films,1
m,writer,Modern Audio (International) Ltd.,1
m,director,Pro Video Film & Distribution Kft.,1
m,producer,VideoSif,1
,cinematographer,Visual Garden Productions,1
m,writer,Platypus Underground,1
,producer,Library Video Company,1
m,writer,Nicetop Independent Ltd.,1
,director,Shadeena Films,1
m,producer,Genius Parade,1
,writer,Digital Salade,1
m,editor,Genius Parade,1
m,producer,Gladeyes Films,1
m,composer,Sunny Side Up,1
m,cinematographer,Nippon Film Development and Finance,1
m,cinematographer,"Ontario Film Development Corporation, The",1
m,producer,Les Ateliers de l'Arche,1
m,director,Persson-Mothander Film,1
,writer,Shadeena Films,1
,producer,Digital Salade,1
m,cinematographer,Undergo Entertainment,1
m,editor,Haydenfilms,1
m,writer,Please Provide Pictures,1
m,composer,Inside Films,1
m,writer,Conseil Régional de Haute Normandie,1
,cinematographer,CIC Video,1
m,director,Please Provide Pictures,1
m,cinematographer,San Francisco Museum of Modern Art,1
m,editor,Please Provide Pictures,1
m,producer,Attitude Films,1
,writer,Hérodiade,1
m,director,Filmakademie Wien,1
,writer,Producción Independiente,1
m,editor,Blue Rider Pictures,1
m,producer,Devil's Rock,1
m,producer,Dexterity Entertainment,1
m,writer,Süddeutscher Rundfunk (SDR),1
m,editor,ABC Family Worldwide,1
m,director,Süddeutscher Rundfunk (SDR),1
m,writer,A Smith Side Entertainment,1
m,cinematographer,Ministère de la Défense,1
m,cinematographer,Rascal Video,1
,producer,Cartunaria Desenhos,1
m,producer,Ma.ja.de. Fiction,1
m,writer,De Vliegende Hollander,1
m,producer,Sunset Hill Video,1
m,director,RQL Design,1
m,editor,Borderline Productions,1
m,director,De Vliegende Hollander,1
,editor,Wildside Production,1
m,director,Devil's Rock,1
m,director,Ma.ja.de. Fiction,1
m,composer,Verisimilitude,1
,cinematographer,Editude Pictures GbR,1
m,editor,Nicetop Independent Ltd.,1
m,director,Dexterity Entertainment,1
,cinematographer,Producción Independiente,1
m,writer,RQL Design,1
,director,Decca Music Group,1
m,writer,Phoenix Independent Film Makers Group,1
m,director,Nicetop Independent Ltd.,1
m,producer,Codemasters Online Gaming,1
m,director,Forum des Images,1
m,writer,Filmakademie Wien,1
m,editor,Credence Talent,1
m,cinematographer,Videomaura,1
m,cinematographer,J:COM On Demand,1
m,director,Latitude Media,1
m,cinematographer,DeltaVideo (DV),1
m,editor,Accidental Pictures,1
m,director,Borderline Productions,1
m,director,New Video Group,1
m,producer,Mei Ah Entertainment Development,1
,cinematographer,Desperate Visions Productions,1
,composer,Destiny Entertainment Productions,1
m,producer,Borderline Productions,1
,writer,Editude Pictures GbR,1
,cinematographer,Tandem Multimédia,1
m,producer,Beijing Fesco Prospect Culture Development,1
m,editor,Interama Video,1
,cinematographer,Six Feet Under Films,1
m,cinematographer,Warner-Golden Village,1
m,cinematographer,Bride For Christmas Productions,1
,cinematographer,Edivídeo,1
m,editor,Added Films International,1
m,editor,Added Entertainment,1
m,cinematographer,K-tel Video,1
m,editor,Trident Releasing,1
m,producer,Hollywood Video,1
m,cinematographer,Dead Gentlemen Productions,1
m,editor,Atelier Cinéma de Normandie (ACCAAN),1
m,producer,Million Dollar Video Corporation,1
m,composer,Adelaide Film Festival,1
m,director,Edel Distribution,1
m,editor,Digital Video Dreams,1
m,cinematographer,Arccades Vidéo,1
m,writer,CBS Worldwide Inc.,1
m,composer,RenegadeX Productions,1
,cinematographer,Becker Home Video,1
m,composer,Depths of Horror,1
m,director,RenegadeX Productions,1
m,director,Depths of Horror,1
m,editor,RenegadeX Productions,1
m,editor,Fonds National de Soutien à la Production Audiovisuelle du Luxembourg,1
m,director,Viderent,1
m,writer,Coop Vidéo de Montréal,1
m,editor,Depths of Horror,1
m,writer,La Cooperative Videoscopique de Montreal,1
m,composer,Evidence Films,1
m,producer,Tragaluz Estudio de Artes Escénicas S.L.,1
m,composer,Coop Vidéo de Montréal,1
m,director,Coop Vidéo de Montréal,1
,cinematographer,Universidad Politécnica de Valencia,1
m,editor,Centauro Films de Colombia,1
m,director,Golden Port Productions Ltd.,1
m,composer,La Cooperative Videoscopique de Montreal,1
m,director,La Cooperative Videoscopique de Montreal,1
m,cinematographer,Wonderboy Entertainment,1
m,director,Centauro Films de Colombia,1
m,editor,Irresistible Delta,1
m,cinematographer,Kulturelle Filmförderung Sachsen,1
m,producer,Thought Collide Productions,1
,editor,Commune de Beaucaire,1
m,cinematographer,"BKM, kulturelle Filmförderung des Bundes",1
m,editor,Departure Entertainment,1
m,editor,Departure Studios,1
,editor,Fox Video España S.A.,1
m,director,Strident Films,1
m,composer,New Video Group,1
m,composer,Point of Order Productions,1
m,editor,Strident Films,1
m,director,Accolade,1
m,editor,Credence Productions,1
m,director,La Maison de Ecrivains,1
m,producer,Videosino Ltd.,1
m,editor,Bingo Movie Development,1
,editor,Borden and Rosenbush Entertainment,1
m,director,Produksjonsfondet for kino og fjernsynfilm,1
,writer,Bellamonde Productions,1
m,director,Mark Borde Films,1
m,composer,Tom Snyder Productions,1
m,composer,Universal Video,1
m,composer,De Fina-Cappa,1
,producer,Commission Télévision de la Procirep,1
m,director,Irresistible Delta,1
m,actress,Hidden Staircase,1
m,cinematographer,Renegade Pictures (II),1
,writer,Capital Cities/ABC Video Enterprises Inc.,1
,producer,Edde Entertainment,1
m,writer,Conseil Général de l'Eure,1
,composer,Ciné-Tamaris/Paramount Home Video,1
m,director,Newfoundland Labrador Film and Video Industry Tax Credit Program,1
m,cinematographer,Esselte CIC Video,1
m,editor,Sky Cosmos Development,1
m,director,Newfoundland and Labrador Film Development,1
m,writer,Point of Order Productions,1
m,producer,Modern Animation,1
m,director,Point of Order Productions,1
m,writer,Modern Animation,1
m,director,Modern Animation,1
,director,Accorde Filmes,1
m,writer,Irresistible Delta,1
,cinematographer,Film Independent,1
,director,Derby City Productions,1
,producer,Casa de Produção,1
m,producer,Ivan Tsang Made This,1
m,writer,Videography Productions,1
m,director,One Louder Productions,1
m,writer,Defender Film Company (II),1
m,writer,Bayerische Film- und Fernsehförderung,1
m,cinematographer,Las Producciones del Escorpión S.L.,1
m,producer,Magnolia Hideout,1
m,writer,Magnolia Hideout,1
m,composer,Willmar Andersson AB,1
m,composer,Edde Entertainment,1
,producer,Denver MP,1
m,director,Magnolia Hideout,1
m,director,Bonneville Worldwide Entertainment,1
m,editor,Golden Network,1
m,director,Videography Productions,1
,writer,Derby City Productions,1
m,producer,PowerHouse Independent,1
m,composer,Bootmen Productions (Hilary Linstead-Dein Perry),1
m,director,Defender Film Company (II),1
m,director,Digital Video Dreams,1
,writer,Delta Video,1
,producer,Kino Kabaret International de Bruxelles,1
m,director,Accidental Pictures,1
m,producer,Deepjoy Picture,1
m,writer,Accidental Pictures,1
m,director,Deep Films,1
,writer,Kino Kabaret International de Bruxelles,1
m,writer,Undervisningsministeriets Mediesektion,1
m,editor,Academy Video,1
,writer,Andrew Adelson Company,1
m,writer,Deep Blue Pictures,1
m,producer,Consejo Para la Cultura y las Artes de Nuevo Leon (Conarte),1
m,cinematographer,Studio Hamburg WorldWide Pictures,1
m,composer,Compagnie des Films,1
m,cinematographer,Dexia,1
,producer,Videographe of Montreal,1
m,cinematographer,Movie Tax Shelter Empowered by Dexia,1
,writer,Tandem Filmproduktion,1
m,editor,Independant Development,1
m,writer,Deliberately Obtuse Entertainment,1
m,producer,B.D. Fox Independent,1
m,composer,A-1 Kino Video,1
m,composer,Xscapade Pictures Ltd.,1
m,director,Coram Deo Studios,1
m,cinematographer,Federal Film Reserve,1
,director,Kino Kabaret International de Bruxelles,1
m,director,Arkadas Sinema-Video,1
m,writer,Gweilo Video,1
m,producer,Aniade,1
m,writer,Arkadas Sinema-Video,1
,writer,Academy,1
m,director,Gweilo Video,1
,director,Suspended,1
m,director,Hyderabad Innovatives,1
m,producer,Made in Hong Kong,1
,director,Cylinder Production,1
m,cinematographer,Milestone Film & Video,1
m,producer,Dedicated Works Productions,1
m,composer,John Wilder Nightwatch Productions,1
,producer,Hallmark Video,1
m,writer,National Film Development Corporation,1
,composer,Eden Films,1
,director,Deerbear Films,1
m,director,National Film Development Corporation,1
m,editor,Band of Outsiders Films,1
m,editor,Cinevista Video,1
,editor,Milestone Film & Video,1
m,cinematographer,Fox Video España S.A.,1
m,composer,Worldvision Home Video,1
,director,Team De DoDoDo,1
m,cinematographer,Drops Filmes e Vídeo,1
m,writer,Dedicated Works Productions,1
m,cinematographer,Videoville Showtime,1
m,writer,Hyderabad Innovatives,1
,cinematographer,De Film,1
m,editor,Videoimpulse,1
,director,Hispana de Producción,1
m,writer,Independent Artists Collaborative,1
,writer,Suspended,1
m,editor,Rolling Thunder Pictures,1
,writer,Erotic Angel Video,1
m,composer,Band of Outsiders Films,1
m,director,Palace Video,1
,writer,Fox Video España S.A.,1
,writer,Eden Films,1
m,editor,Federal Film Reserve,1
m,director,M'Aidez Films,1
m,cinematographer,In Spades Productions,1
m,editor,Coded Transmission Studios,1
,writer,Team De DoDoDo,1
m,director,Dedicated Works Productions,1
,writer,Hispana de Producción,1
,producer,Suspended,1
m,writer,Schneider & Groos,1
m,director,DesperaDo,1
,producer,Eden Films,1
m,director,Landscentralen for Undervisningsmidler,1
m,director,Undervisningsministeriets Mediesektion,1
m,director,Loterie Suisse Romande,1
m,cinematographer,InDigEnt (Independent Digital Entertainment),1
,director,Cunning Developments,1
m,director,Coded Transmission Studios,1
m,composer,Antartic Video,1
m,cinematographer,Despot Pictures,1
m,writer,Consorcio para el Desarrollo Rural del Oriente de Asturias,1
m,director,Independent Artists Collaborative,1
m,composer,In Spades Productions,1
m,director,Consorcio para el Desarrollo Rural del Oriente de Asturias,1
m,cinematographer,Deer Head Productions,1
m,cinematographer,Custom Made Films,1
m,director,Supercollider Ltd.,1
m,cinematographer,Courtside Seats Productions,1
m,writer,Coded Transmission Studios,1
m,cinematographer,Sidereal Productions,1
m,editor,Supercollider Ltd.,1
,producer,"La Musée de la civilisation, Québec",1
m,writer,Delfilm,1
m,writer,DesperaDo,1
,composer,Hidden Films Studios,1
m,director,Film Development Fund of Hong Kong,1
m,cinematographer,Ciné-Tamaris/Paramount Home Video,1
,editor,Little Wonder Productions,1
m,composer,La Communauté Urbaine de Strasbourg,1
m,director,Delfilm,1
m,writer,Resident Evil CG Film Partners,1
,director,Bata Animation and Video Productions,1
,director,Videographe of Montreal,1
,director,WonderWorks,1
m,director,Golden Screen Enterprises,1
,producer,Arroba Films S.A. de C.V.,1
m,director,Les Films de l'Espoir,1
m,writer,Hallmark Video,1
m,producer,Trash Video,1
,writer,Cine Falcon Producciones S.A. de C.V.,1
,cinematographer,Filmes de Abril,1
,writer,Commissão de Valores Mobiliarios,1
m,director,Sony Deutschland,1
,producer,Academy,1
,writer,Bata Animation and Video Productions,1
m,editor,Pampa del Castillo Producciones,1
m,composer,Théâtre National de Strasbourg,1
m,producer,World Wide Nate Productions,1
m,producer,Coded Transmission Studios,1
m,editor,Lahden Muotoiluinstituutti,1
m,director,Lahden Muotoiluinstituutti,1
m,cinematographer,WMA Independent,1
,writer,Secretaria para o Desenvolvimento do Audiovisual,1
m,cinematographer,World Wide Nate Productions,1
m,director,World Wide Nate Productions,1
,producer,Bata Animation and Video Productions,1
m,director,Schneider & Groos,1
m,editor,World Wide Nate Productions,1
m,writer,Lahden Muotoiluinstituutti,1
m,composer,Ideefixe Productions,1
m,cinematographer,WGBH Boston Video,1
m,cinematographer,RiverWide Productions,1
,writer,Centro Técnico de Audiovisual/ MinC,1
m,writer,Ideogram Films,1
m,composer,Corte y Confección de películas,1
m,cinematographer,Golden Harvest,1
m,editor,Bolder Media for Boys and Girls,1
m,cinematographer,CBS/Fox Video,1
m,editor,Odeon Entertainment,1
m,director,Nederlandse Christelijke Radio Vereniging (NCRV),1
m,director,ST2 Vídeo,1
,producer,Centro Técnico de Audiovisual/ MinC,1
m,director,ABC Video,1
m,editor,Dean River Productions,1
m,cinematographer,Latitude Films,1
m,director,Modernciné,1
m,writer,Added Entertainment,1
,producer,Bellamonde Productions,1
,cinematographer,Hessische Filmförderung,1
m,writer,By the River's Side Films,1
m,writer,Shooting Star Video Distribution BV,1
m,cinematographer,Sony Deutschland,1
m,director,By the River's Side Films,1
m,writer,Sony Development,1
m,director,Sony Development,1
m,editor,Thunderbolt Productions,1
,writer,Good Worldwide,1
m,director,Core Design,1
m,producer,Ich Kann Nicht Fliegen Bilder,1
,cinematographer,Fidelio,1
m,cinematographer,Deviant Films,1
m,writer,Ich Kann Nicht Fliegen Bilder,1
m,director,Ich Kann Nicht Fliegen Bilder,1
m,director,Moody Independent,1
m,editor,no BIG deal productions,1
m,director,no BIG deal productions,1
m,editor,Hessische Filmförderung,1
m,director,8th Wonder Media Group,1
,cinematographer,Someplace Wonderful Productions,1
m,composer,Videograph,1
m,cinematographer,Raffaella De Laurentiis Productions,1
m,editor,Ich Kann Nicht Fliegen Bilder,1
m,editor,Independent Pictures (III),1
m,composer,Lumina Video,1
m,writer,8th Wonder Media Group,1
m,cinematographer,Flan de Coco Films,1
,producer,"Asociación Taller de Cine ""El Mate""",1
,director,Hustler Video,1
,writer,Les Films de L'Autre,1
,editor,Flor de Chapopote Productions,1
m,producer,8th Wonder Media Group,1
m,producer,Zapata Design,1
m,editor,Moody Independent,1
m,producer,Filmoimagen S.A. de C.V.,1
m,producer,Photographic Design Labs,1
m,cinematographer,Winson Video,1
,editor,Relatively Redeemable Productions,1
,director,Independence Film Group,1
,director,Secretaría de Educación Pública,1
,director,Flor de Chapopote Productions,1
m,cinematographer,Modern Faerietale Productions (MFT),1
m,writer,Denver and Delilah Productions,1
,editor,Didecine,1
m,cinematographer,Dean River Productions,1
m,producer,Ideogram Films,1
m,cinematographer,Nordiska TV-Samarbetsfonden,1
m,writer,Independent Student Media,1
,writer,Independence Film Group,1
,producer,Raul Cardenas Producciones,1
,writer,Secretaría de Educación Pública,1
,writer,Flor de Chapopote Productions,1
m,director,Ideogram Films,1
m,cinematographer,Pequena Central de Produções,1
m,cinematographer,Paramount Video (PV),1
m,composer,New Golden Digital,1
m,director,Jade City Internatioinal Films,1
,producer,Flor de Chapopote Productions,1
m,producer,Odyssey Group Video,1
m,director,Metro Video,1
m,director,International Video 80,1
m,director,Avid Video,1
m,editor,New Yorker Video,1
m,cinematographer,Nina Saxon Film Design,1
m,cinematographer,Cylinder Production,1
m,cinematographer,De Fina-Cappa,1
m,cinematographer,Prisvídeo,1
m,cinematographer,Intandem Films,1
m,composer,New Deal Studios,1
m,composer,Newlink Development,1
m,editor,Cinemex Films S.A. de C.V.,1
,director,"Films de l'Elysée, Les",1
m,director,Intellectual Properties Worldwide (I),1
,director,Les Films de L'Autre,1
m,writer,BWE Video,1
,director,Cine Video y TV,1
,director,Idea Bank & Creation,1
m,writer,American Video,1
m,director,BWE Video,1
m,director,American Video,1
m,director,Video 80,1
,director,Imagination Worldwide,1
m,producer,Modern Grief Productions,1
m,cinematographer,Independent Television Service (ITVS),1
m,producer,Modern Grief Distributions,1
m,cinematographer,Avid Home Video,1
m,writer,Modern Grief Productions,1
m,producer,Alianza Cinematografica Mexicana S.A. de C.V.,1
m,cinematographer,Miramar Home Vídeo,1
m,cinematographer,ABC Home Video,1
m,writer,Modern Grief Distributions,1
m,cinematographer,MTC Video,1
m,director,Modern Grief Productions,1
m,composer,De Filmfreak,1
m,director,Repubblica e Cantone del Ticino,1
m,writer,Golden Screen Enterprises,1
,writer,Met / Hodder,1
m,director,Modern Grief Distributions,1
m,director,Stone Dead FX,1
,director,4 Front Video,1
m,director,Eike Besuden Filmproduktion GmbH,1
m,cinematographer,Xin-Sheng Dai Film & Video Co.,1
m,composer,Secretaria de Turismo,1
,composer,Evidence Films,1
m,director,San Antonio Independent Christian Film Festival,1
,writer,Levelheaded Productions,1
,editor,World Wide Motion Pictures Corporation,1
m,writer,Repubblica e Cantone del Ticino,1
m,producer,Cinematografica del Prado S.A.,1
,writer,VideoSif,1
m,producer,Peliculas Mexicanas en Video S.A.,1
m,composer,Gobierno del Estado de Coahuila,1
m,writer,Tederick,1
,cinematographer,Mad.By.Design Studios,1
m,director,World Wide Entertainment,1
m,composer,Time-Life Video & Television,1
m,director,Tederick,1
m,cinematographer,Blue Gardenia Productions,1
m,editor,Tederick,1
m,producer,Sony Development,1
m,director,Behaviour Worldwide,1
m,composer,Comme des Cinémas,1
m,composer,Adelaide Productions,1
m,editor,Wonderland Films,1
m,composer,Hérodiade,1
m,writer,Extra Extremadura de Audiovisuales S.A.,1
m,cinematographer,"Omniversum, Den Haag",1
m,director,Kulturelle Filmförderung Sachsen,1
m,editor,Production Rudens,1
m,editor,Contender Entertainment Group,1
m,director,Look Vídeo,1
,writer,Oficinas Experimentais de Cinema,1
,editor,Desert Skye Entertainment,1
m,director,New Vision de Mexico S.A.,1
m,writer,Dear Skyyler Productions,1
m,cinematographer,DeVine Works,1
m,actress,Devil's Rock,1
m,editor,Bankside Films,1
m,editor,Angel Underground,1
m,producer,Cascade,1
m,producer,740 Sound Design,1
m,actress,Walden Media,1
m,composer,Frederick S. Pierce Company,1
,editor,Asociación Cine de Móstoles,1
m,composer,Desastre de Cine,1
,director,China Academy of Art,1
m,actress,Dexterity Entertainment,1
m,editor,Academy Films,1
m,editor,Expanded Entertainment,1
m,writer,Intellectual Properties Worldwide (I),1
m,editor,Halcyon Video Productions,1
m,actress,Vendetta Films,1
m,writer,Beverly Detroit,1
,director,Asociación Cine de Móstoles,1
,composer,China Academy of Art,1
m,director,Beverly Detroit,1
m,writer,Warner-Golden Village,1
m,cinematographer,Vision Video Gateway Films,1
m,cinematographer,Crown Video,1
m,director,Renegade Pictures (II),1
,writer,Asociación Cine de Móstoles,1
,cinematographer,China Academy of Art,1
m,producer,Undergo Entertainment,1
,writer,China Academy of Art,1
m,actress,Universal Home Video,1
m,editor,Dear Skyyler Productions,1
,producer,China Academy of Art,1
m,cinematographer,Bombino Video Pvt. Ltd.,1
,writer,Hessische Filmförderung,1
m,director,H&E Videos,1
,director,California Department of Recycling,1
,producer,Didecine,1
,producer,"Fonds d'Action de la Sacem, Le",1
m,cinematographer,Deluxe Australia,1
m,composer,Federalnoe Agentstvo po Kulture i Kinematografii,1
m,producer,Commune de Beaucaire,1
m,writer,Commune de Beaucaire,1
,producer,Instituto Tecnológico y de Estudios Superiores de Monterrey,1
,producer,Number One Video,1
,editor,Wolfesden Actors Exchange,1
m,composer,Nexus Cinema e Vídeo,1
m,director,Commune de Beaucaire,1
m,composer,Taylor-Made Productions,1
m,editor,Tandem Productions (II),1
m,writer,Theatre de Poche,1
,director,Pixade,1
m,composer,Rodeo Film,1
m,cinematographer,Independent Film '97,1
m,cinematographer,Video Data Bank,1
m,cinematographer,Cineplex Development,1
m,producer,Conseil Général de l'Oise,1
m,composer,SoftModel,1
m,writer,Hérodiade,1
m,cinematographer,Alfadedis Entertainment,1
m,composer,Sony Deutschland,1
m,writer,Ideal Grace Production Company,1
,writer,Instituto Tecnológico y de Estudios Superiores de Monterrey,1
,producer,Aberdeen Soldier Productions,1
m,editor,Institut Català de les Empreses Culturals (ICEC),1
m,editor,Televisión de Galicia (TVG) S.A.,1
m,cinematographer,Cecil Video Distributors Pty. Ltd.,1
m,editor,Xunta de Galicia,1
m,cinematographer,Elsevier-Vendex Film Beheer,1
m,producer,Demian Communications,1
,producer,Cinema De Balie,1
m,writer,Golden Mark Film Distribution,1
m,cinematographer,Kasander & Wigman Productions,1
m,editor,Underground,1
,director,Instituto Tecnológico y de Estudios Superiores de Monterrey,1
,writer,Pixade,1
m,director,Youngtze Film & Video Inc.,1
m,cinematographer,Stichting Produktiefonds voor Nederlandse Films,1
m,writer,Producciones Alfa Audiovisual S.A. de C.V.,1
m,composer,SNG Film / Studio Nieuwe Gronden,1
,producer,Deep C-Star Productions,1
m,director,Made in Hong Kong,1
m,editor,Low Definition Films,1
m,producer,Delta Filmverleih,1
m,director,Videosino Ltd.,1
,producer,Pixade,1
m,director,Cappa Defina Productions,1
m,composer,Alexandra Video Club,1
m,composer,PolyGram Home Video,1
m,producer,Ostdeutscher Rundfunk Brandenburg (ORB),1
,editor,Instituto Tecnológico y de Estudios Superiores de Monterrey,1
,director,Happy Accident Productions,1
,producer,Golden-Culture-Times,1
m,producer,Bright Idea Entertainment,1
m,director,Millenium Video,1
,producer,DEMD Productions,1
m,director,The Department of Radio-Television-Film University of Texas at Austin,1
,composer,4 Front Video,1
m,writer,Millenium Video,1
m,composer,Outsider Diffusion,1
m,director,Shade Pictures,1
m,composer,Downside Productions,1
,editor,Caméra Club de Genève,1
m,writer,The Department of Radio-Television-Film University of Texas at Austin,1
m,director,Evil Angel Video,1
m,editor,"Furia de Titanes II, A.I.E.",1
m,director,Beijing Goldenplate Film,1
m,director,Golden Field Films,1
,producer,China Zhongqiao Development Corporation,1
m,writer,Short Pictures Independent,1
,producer,Novyj Odeon,1
m,composer,Dee Gee Entertainment,1
m,editor,Dino de Laurentiis Cinematografica,1
m,writer,"Ringling School of Art & Design, Sarasota, Florida",1
,producer,Made In Madras,1
m,director,Suzanne DeLaurentiis Productions,1
m,cinematographer,"Ringling School of Art & Design, Sarasota, Florida",1
m,director,"Ringling School of Art & Design, Sarasota, Florida",1
m,writer,Palace Video,1
m,writer,Beijing Goldenplate Film,1
m,editor,"Ringling School of Art & Design, Sarasota, Florida",1
m,director,Becker Home Video,1
,producer,Jade City Internatioinal Films,1
m,director,Taylor-Made Productions,1
,director,The Canada Manitoba Cultural Industries Development Office (CIDO),1
m,director,Bill & Ben Video (BBV),1
m,composer,Worldwide Media,1
m,editor,Three Degrees Off Center Productions,1
m,editor,Burnside Distribution Company,1
m,producer,Desert Wind,1
m,director,Alliance Releasing Home Video,1
m,writer,Modernciné,1
m,writer,Video Palace,1
,director,Department of Cultural Affairs Taipei City Government,1
m,composer,Tandem Pictures,1
m,director,Three Degrees Off Center Productions,1
m,cinematographer,CIC Victor Video,1
m,composer,ITI Home Video,1
,producer,Ringling College of Art Design,1
,cinematographer,Academia Jalisciense de Cinematografía,1
m,composer,Légende Films,1
,writer,Department of Cultural Affairs Taipei City Government,1
m,editor,Blue Screen Video and Film,1
m,composer,La Compagnie des Indes,1
m,editor,Daredevil Films (II),1
m,cinematographer,Eden Wurmfeld Films,1
m,producer,Dandelion Distribution,1
m,director,Spiderwood Productions,1
,director,MTV Home Video,1
m,cinematographer,Michael Alden Productions,1
m,writer,Dandelion Productions,1
m,writer,Dandelion Distribution,1
,editor,Secret Hideout Films,1
m,writer,Delaware Pictures,1
m,director,Spiderwood Studios,1
m,cinematographer,Transcendental Media,1
m,director,Transcendental Media,1
m,director,Daredevil Films (II),1
m,director,Spiderwood Animation Productions,1
m,writer,Daredevil Films (II),1
m,writer,Golden Field Films,1
m,composer,Savannah College of Art & Design,1
m,editor,Transcendental Media,1
m,editor,"Omniversum, Den Haag",1
,cinematographer,Media Development,1
,writer,MTV Home Video,1
m,cinematographer,Providence Films,1
,editor,Rhode Island School of Design,1
,director,Cinexus Bordertown Cafe,1
m,director,Rendez-Vous Production,1
m,composer,Golden Screen,1
m,composer,Adelson-Baumgarten Productions,1
m,actress,Videosonic Arts,1
,editor,Empire Video,1
,composer,Rhode Island School of Design,1
m,director,Panini Video,1
m,composer,Haydenfilms,1
m,director,Cinema De Balie,1
m,director,Haus der Kunst,1
m,writer,Development & Peace,1
m,director,Dee Gee Entertainment,1
m,director,Ministère des Affaires Etrangères et Européennes,1
,producer,Rhode Island School of Design,1
m,writer,Three Degrees Off Center Productions,1
m,writer,Haus der Kunst,1
m,writer,Ministère des Affaires Etrangères et Européennes,1
m,director,Sunset Hill Video,1
m,editor,Bonneville Worldwide Entertainment,1
m,director,Blended Planet Pictures,1
,editor,Federal Hill Pictures Inc.,1
m,cinematographer,Blended Planet Pictures,1
m,writer,Blended Planet Pictures,1
m,director,Italgest Video,1
,producer,De Fina-Cappa,1
m,producer,Blended Planet Pictures,1
,director,I Sell My Tricks for Wooden Nickels,1
m,producer,Video Company,1
m,cinematographer,"American Independent Film Company, The",1
m,cinematographer,Magnolia Hideout,1
m,editor,Röde Orm Filmproduktion AB,1
m,editor,Röde Orm Film,1
m,cinematographer,Pander Productions,1
,director,Parade Pictures Inc.,1
m,editor,Italgest Video,1
m,editor,Devgan Films,1
,director,Angel Vídeo,1
m,composer,Sri Sai Deva Productions,1
m,actress,Independent Films,1
m,actress,Det Danske Filminstitut,1
m,editor,Magnolia Hideout,1
m,director,Left Handed Radio,1
,producer,Convivial Design Inc.,1
,director,Guangdong Avlight Culture Industry Development,1
,director,Made in PM,1
,writer,I Sell My Tricks for Wooden Nickels,1
m,director,Hustler Video,1
m,producer,L'Office Federal de la Culture Suisse,1
m,composer,Lady Marmalade Music,1
m,director,Röde Orm Filmproduktion AB,1
,director,Questar Home Video,1
m,producer,Association Française des Cinémas d'Art et d'Essai (AFCAE),1
m,director,Röde Orm Film,1
m,producer,Gemini Video Editions,1
m,composer,Video Collection International,1
m,producer,Röde Orm Filmproduktion AB,1
m,actress,EuroVideo,1
m,producer,Röde Orm Film,1
m,writer,Cinema De Balie,1
m,producer,Idea Generation Films,1
m,director,Derf Films,1
,cinematographer,Las Perlas de la Virgen,1
m,editor,De Baron,1
m,writer,Zondervan,1
m,actress,Warner Home Vídeo,1
m,cinematographer,Conseil Régional des Pays de la Loire,1
,writer,Prod2demain,1
m,composer,Stimuleringsfonds Nederlandse Culturele Omroepproducties,1
m,cinematographer,Cult Video,1
m,actress,Golden Village Entertainment,1
m,cinematographer,SP Sales Worldwide,1
,editor,Delivery System Pictures LLC,1
,editor,Sapir Academic Campus School of Film & Television Studies,1
m,producer,Sega Interactive Development Division,1
m,cinematographer,Deutschfilm,1
m,editor,In Spades Productions,1
,director,La Tropa de Trapo,1
m,actress,Golden Village Pictures,1
m,actress,DeA Planeta Home Entertainment,1
m,actress,20th Century Fox de Argentina,1
m,cinematographer,Wolfgang Odelga Filmproduktion GmbH,1
m,actress,Blue Yonder Films,1
,writer,Motherlode,1
m,cinematographer,Cape Fear Independent Film Network,1
,editor,Thames Video Collection,1
m,actress,Demarest Films,1
m,producer,CIC Video Australia,1
,cinematographer,Jade Films,1
m,composer,Edel Distribution,1
m,composer,Deya Films,1
m,editor,Ontario Media Development Corporation (OMDC),1
m,editor,Golden Screen,1
,director,Prod2demain,1
m,producer,Michel de Wouters Production,1
m,producer,Mirabai Films Delhi,1
m,producer,Delhi Dot Com,1
m,director,Cinémadefacto,1
m,writer,Edivídeo,1
m,writer,CH Media Berlin Brandenburg GmbH & Co. KG,1
m,writer,Centro de Estudios en Ciencias de la Comunicacion (CECC),1
m,writer,Independence Film Investments (IFI),1
m,director,Films de la Saga,1
m,producer,Department of Cultural Affairs Taipei City Government,1
m,writer,Les Productions de la Lanterne,1
m,cinematographer,Becker Home Video,1
m,writer,Cinémadefacto,1
m,producer,Deco L.A. Productions,1
m,director,Les Productions de la Lanterne,1
m,director,Media Development Authority (MDA),1
m,director,Neuf de Coeur,1
,editor,Escuela Nacional de Artes Plásticas,1
m,composer,Gag Order Films,1
,director,Gommiaproduccionindependiete,1
m,writer,Deco L.A. Productions,1
m,composer,Desert Light Productions,1
,director,Escuela Nacional de Artes Plásticas,1
m,editor,Columbia Home Video,1
,writer,Gommiaproduccionindependiete,1
,director,Motherlode,1
m,composer,Emberwilde Productions,1
,producer,Jovem Pan Home Vídeo,1
m,cinematographer,CineCentrum Deutsche Gesellschaft für Film- und Fernsehproduktion mbH,1
m,composer,Finnkino Video,1
,producer,Escuela Nacional de Artes Plásticas,1
,writer,Cinema Reloaded,1
m,writer,Karmen Video,1
m,writer,Independence Film Investments,1
m,composer,Zapata Design,1
m,cinematographer,Independence Film Investments,1
,editor,Verisimilitude,1
m,cinematographer,Independence Film Investments (IFI),1
m,director,Independence Film Investments,1
m,cinematographer,Rande/Myrdhen Entertainment,1
m,producer,Arcades Project,1
m,director,Independence Film Investments (IFI),1
m,composer,Left Handed Radio,1
m,composer,Fonds Culturel de Suissimage,1
,director,Wounded Eye Media,1
m,composer,Media Desk Suisse,1
m,composer,DIP de l'Etat du Valais,1
m,editor,Rascal Video,1
m,writer,Independent Film Sales,1
,editor,Distant Thunder Films,1
m,composer,DAC de la Ville de Genève,1
,cinematographer,Gommiaproduccionindependiete,1
m,writer,New Golden Digital,1
m,editor,Y's Ideas,1
m,editor,Rande/Myrdhen Entertainment,1
m,producer,High Definition Pictures,1
m,editor,Hellas Video,1
,editor,Hidden Films Studios,1
m,editor,Citadel Entertainment,1
m,composer,Concorde Media,1
m,writer,CineCentrum Deutsche Gesellschaft für Film- und Fernsehproduktion mbH,1
m,composer,Sony Music Video,1
,composer,Wounded Eye Media,1
m,composer,Liquid Desert,1
m,composer,Fort Video,1
m,cinematographer,Questar Home Video,1
m,cinematographer,Angel Vídeo,1
,director,Distant Thunder Films,1
m,cinematographer,La Société des Films Sirius,1
,cinematographer,Dynamic Entertainment DEH,1
m,producer,University of Art and Design Kassel,1
m,cinematographer,University of Art and Design Kassel,1
m,composer,Merseyside Film Production Fund,1
m,editor,Academia de Cine de Guadalajara (ACINEG),1
,writer,Wounded Eye Media,1
,editor,Ville de Rennes,1
m,director,Cinétudes Films,1
m,producer,GoldenTiger Productions,1
m,cinematographer,Galaxia Digital Video,1
m,director,University of Art and Design Kassel,1
,producer,Al Borde Producciones,1
m,director,Independent Network International (INI),1
m,composer,ABC Family Worldwide,1
,producer,Ville de Rennes,1
m,composer,Occidental Media Corp.,1
m,composer,Video 80,1
m,composer,Modelink,1
m,cinematographer,Avid Video,1
m,composer,Moving Image Development Agency,1
m,editor,University of Art and Design Kassel,1
m,editor,Région Champagne-Ardennes,1
m,writer,Filmes de Fundo,1
m,writer,Independent Network International (INI),1
m,editor,Pyramid Home Video,1
m,editor,de Prume Productions,1
m,cinematographer,Modern Life,1
m,producer,Filmakademie Ludwigsburg,1
,cinematographer,New Concorde,1
m,director,Pyramid Home Video,1
m,producer,Dead Serious Films,1
m,director,Filmes de Fundo,1
m,director,Kaleidescope Media Group,1
m,composer,Photographic Design Labs,1
,director,Deckert Distribution,1
m,cinematographer,Academy Films,1
m,editor,Instituto de Cultura de Yucatan,1
m,composer,Societé d'Exploitation et de Distribution de Films (SEDIF),1
m,composer,Huit et Demi Productions,1
m,editor,Compañía General de la Imagen (CGI),1
m,editor,Instituto de Tecnología de Información de Jalisco (IJALTI ),1
m,producer,Pyramid Home Video,1
m,director,Videograph,1
m,director,Lumina Video,1
,editor,Essex Vídeo España S.L.,1
m,composer,Mti Home Video,1
m,director,Vestron Video International,1
m,composer,Brynhilde Productions,1
,producer,Secretaria de Turismo,1
m,director,"Gobierno de Aragón, Departamento de Cultura y Turismo",1
m,director,Golden Harvest,1
m,composer,Derf Films,1
m,director,Caja de Ahorros de La Rioja (Cajarioja),1
m,director,Gobierno de La Rioja,1
m,writer,Videograph,1
,writer,Deckert Distribution,1
m,director,Filmax Distr. de Pelic. S.A.,1
m,writer,Lumina Video,1
m,writer,Nsavides Productions,1
m,director,Underworld Produktions GmbH,1
m,editor,Legal Video,1
m,producer,International Video Entertainment (IVE),1
m,director,Nsavides Productions,1
m,writer,Dead Serious Films,1
m,editor,Nsavides Productions,1
m,director,Dead Serious Films,1
m,director,Centre Promotor de la Imatge (CPI) S.A.,1
m,cinematographer,DVD Liider,1
m,cinematographer,SODEC,1
m,writer,Centro Técnico de Audiovisual/ MinC,1
m,cinematographer,Look Vídeo,1
,writer,Telemundo de Puerto Rico,1
,cinematographer,Instituto Latinoamericano de la Comunicacion (ILCE),1
m,writer,Universidade Federal Fluminense (UFF),1
m,editor,Gurpreet Video International,1
m,cinematographer,New Olga Videos,1
m,cinematographer,New Volga Videos,1
,editor,Orly Adelson Productions,1
m,producer,Sree Krishna Filims kozhikode,1
,producer,Despot Pictures,1
m,director,Children's Independent Television (CiTV),1
,director,Taller de Animación para niños Municipalidad de San Fernando,1
m,composer,Nederlands Filmfestival,1
,editor,Tandem Multimédia,1
m,writer,Sree Krishna Filims kozhikode,1
,editor,Fachhochschule Wiesbaden,1
m,composer,Sree Krishna Filims kozhikode,1
,writer,Bellezas de Puerto Rico,1
,cinematographer,Secretaría de Educación Pública,1
m,director,Sree Krishna Filims kozhikode,1
m,composer,20th Century Fox Video Games,1
m,editor,Ontario Media Development Corporation Film and Television Tax Credits,1
m,composer,L'Octopode,1
m,cinematographer,Rede Globo de Televisão,1
,producer,Gobierno del Estado de Coahuila,1
m,editor,Centro Técnico de Audiovisual/ MinC,1
m,editor,Universidade Federal Fluminense (UFF),1
,writer,Vil Design,1
,cinematographer,Fachhochschule Wiesbaden,1
m,cinematographer,Lourdes Enterprises,1
m,writer,Vende-se Filmes,1
,writer,Fachhochschule Wiesbaden,1
m,producer,Derby City Productions,1
,writer,NDE Studios Inc.,1
m,writer,DeriveApprodi,1
m,cinematographer,Golden Sun Films Distribution,1
m,cinematographer,HandMade Films,1
m,director,Golden Network,1
m,editor,Eco Filmes/Prisvideo,1
m,director,Independent Online Cinema,1
m,director,DeriveApprodi,1
m,cinematographer,Golden Sun Films,1
,producer,Vil Design,1
m,director,Trash Video,1
m,editor,Trash Video,1
m,composer,Maison Descartes,1
m,director,Ville de Rennes,1
m,writer,Orange Sky Golden Harvest Entertainment,1
m,composer,Independent Film Fund,1
,cinematographer,NDE Studios Inc.,1
,director,Hidden Films Studios,1
m,composer,Cinétudes Films,1
,director,Death By Awesome Productions,1
m,writer,Youngtze Film & Video Inc.,1
m,composer,CBS/Fox Video,1
m,writer,Ville de Rennes,1
m,editor,Brynhilde Productions,1
m,writer,Sideshow Pictures,1
m,director,Association of Independent Video and Filmmakers (AIVF),1
m,cinematographer,New Golden Digital,1
m,director,Sideshow Pictures,1
m,cinematographer,Sapir Academic Campus School of Film & Television Studies,1
m,cinematographer,Escapade Films Production,1
m,cinematographer,TIK Culture Development,1
m,director,Videoimpulse,1
m,producer,Davide Sada Films,1
m,writer,Davide Sada Films,1
,producer,Death By Awesome Productions,1
m,director,Davide Sada Films,1
m,composer,Wide Frame Pictures,1
m,producer,Siddhant Sachdev Films,1
m,writer,Mixer de Medios,1
,producer,Aran Endemol S.p.a.,1
m,writer,Siddhant Sachdev Films,1
m,director,Siddhant Sachdev Films,1
m,cinematographer,Video-books.gr,1
m,editor,Sudden Motion Productions,1
m,director,DEJ Video Distribution,1
,cinematographer,Rollin' Deep Productions,1
m,producer,Crea Video Oy,1
m,writer,Worldwide Video,1
,director,Meandering and Philandering,1
m,director,Mixer de Medios,1
m,cinematographer,Golden Port Productions Ltd.,1
m,producer,Seaside Pictures,1
,director,NDE Studios Inc.,1
,writer,Angel Vídeo,1
m,composer,DMA Design,1
,editor,Dumbfounded Productions,1
m,cinematographer,Underground Railroad Company,1
m,producer,ITC Home Video,1
m,editor,Manga Video,1
m,producer,10th Grade Reunion Films,1
,director,Instituto de Capacitación Cinematográfica,1
m,composer,Raedon Video,1
m,editor,Mixer de Medios,1
,director,Dedica Group,1
m,editor,10th Grade Reunion Films,1
m,composer,Shooting Star Video Distribution BV,1
m,cinematographer,Golden Sun Century Multimedia,1
,writer,Questar Home Video,1
,director,Dumbfounded Productions,1
m,composer,New Ogden Cinema,1
,writer,Instituto de Capacitación Cinematográfica,1
m,director,Added Entertainment,1
m,director,Library Video Company,1
,producer,Pendefig Ty Cefn,1
m,writer,Golden Way Films Ltd.,1
m,writer,Chang-Hong Channel Film & Video Co.,1
m,composer,Double Decher Productions,1
,cinematographer,Dumbfounded Productions,1
,writer,Golden Port Productions Ltd.,1
m,director,Rolling Thunder Pictures,1
m,writer,Frogwares Game Development Studio,1
m,composer,Déjàvu Deluxe,1
,producer,Dumbfounded Productions,1
m,director,Trigger Street Independent,1
m,producer,Youngtze Film & Video Inc.,1
m,director,Duck Decoy Production Inc.,1
m,producer,New Vision de Mexico S.A.,1
m,cinematographer,Palawood Development Inc.,1
,writer,Identity Features,1
m,composer,Nord Pas de Calais Region,1
m,writer,Videoimpulse,1
m,composer,Ministère de l'Éducation Nationale,1
m,composer,Ministère de la Culture et de la Francophonie,1
m,composer,"La Musée de la civilisation, Québec",1
m,director,Underpaid Productions,1
m,director,Karmen Video,1
m,editor,Raedon Video,1
m,director,Project Trident,1
m,writer,HoneyDew546 Productions,1
m,director,HoneyDew546 Productions,1
m,editor,Alpha Video Distributors,1
m,cinematographer,Desastre de Cine,1
m,writer,Rolling Thunder Pictures,1
m,director,Eagle Video,1
m,editor,Société des Producteurs de L'Angoa,1
,producer,Netherlands Film and Television Academy,1
m,writer,Produksjonsfondet for kino og fjernsynfilm,1
,director,The Game Des!gners Studio,1
m,composer,Regent Worldwide Sales,1
,director,Vil Design,1
m,cinematographer,Underpaid Productions,1
m,director,Mullis Capital Independent,1
m,cinematographer,ETD Home Video,1
,director,P.C. Saint Denis S.L.,1
m,director,Raedon Video,1
m,cinematographer,Project Trident,1
,director,New Deal Studios,1
m,cinematographer,Interama Video,1
m,cinematographer,Provident Films,1
,director,Sendeja Films S.A.,1
,producer,Dejavu-Filmverleih,1
m,producer,Big Game Cunders,1
m,composer,DEMD Productions,1
m,cinematographer,Indipendenti Regionali,1
,editor,Marí del Sol Ayala Producciones,1
m,producer,Atlantis Video,1
m,editor,The Department of Radio-Television-Film University of Texas at Austin,1
,director,Bruno Andrade & Evilasia Poluceno,1
m,editor,Millenium Video,1
,writer,New Deal Studios,1
m,editor,Modern Digital,1
m,writer,Atlantis Video,1
,director,Marí del Sol Ayala Producciones,1
m,composer,Golden Books Family Entertainment,1
,producer,P.C. Saint Denis S.L.,1
,producer,Video Team,1
,writer,Marí del Sol Ayala Producciones,1
m,director,TaylorMade Productions,1
,producer,Marí del Sol Ayala Producciones,1
m,director,Bright Idea Entertainment,1
,cinematographer,Transcendent,1
,editor,NDE Studios Inc.,1
m,producer,Underpaid Productions,1
m,writer,Raedon Video,1
m,writer,TaylorMade Productions,1
m,director,Atlantis Video,1
,editor,Les Films de la Lymphe,1
m,editor,Outsider Diffusion,1
m,writer,WaveGarden Arts,1
m,director,WaveGarden Arts,1
,writer,Anthony DeRouen,1
m,director,AIP Home Video,1
m,composer,Delanic Films,1
,writer,Hualu Electronic Audio & Video Publish Co.,1
m,director,CIC Home Video,1
m,composer,Seymour Borde & Associates,1
m,cinematographer,Taideteollinen korkeakoulu,1
,director,Deos Animation Studios,1
m,producer,Gideon Productions,1
m,writer,Gideon Productions,1
m,producer,Widestream Films,1
m,producer,De Espona Infografica,1
m,writer,Denial Venture,1
,director,Les Films de la Lymphe,1
m,director,Société d'Edition et de Programmes de Télévision,1
,writer,Anthony DeRouen Productions,1
m,writer,VZ-Handelsgesellschaft,1
m,director,Denial Venture,1
m,director,VZ-Handelsgesellschaft,1
m,editor,Tel Aviv University Film & Television Department,1
,writer,Les Films de la Lymphe,1
m,cinematographer,Metronome Video,1
,producer,Anthony DeRouen,1
m,editor,Mullis Capital Independent,1
m,composer,Santo Domingo Film & Music Video,1
m,composer,BWE Video,1
m,cinematographer,Tel Aviv University Film & Television Department,1
m,writer,Tel Aviv University Film & Television Department,1
,producer,Anthony DeRouen Productions,1
,writer,Tour de Force,1
m,producer,Tel Aviv University Film & Television Department,1
m,composer,American Video,1
,editor,JMC Independent Productions,1
m,composer,Independent Film '97,1
m,composer,Productora Andaluza de Programas S.A.,1
,writer,Shade Pictures,1
m,editor,Big Game Cunders,1
m,writer,Insider Films,1
m,writer,Adelstein-Parouse Productions,1
m,composer,Conseil Général de la Seine-Saint-Denis,1
,producer,Jade Productions,1
,producer,Deutsche Exotik Filmproduktion GmbH,1
m,writer,Big Game Cunders,1
,producer,Hunt Valley Development Studio,1
m,editor,Goldeco Pictures,1
m,composer,Cineplex Development,1
,producer,Film House Kiselo Dete,1
,cinematographer,Lakeside Concepts,1
m,writer,ABC Family Worldwide,1
m,producer,Avid Home Video,1
m,director,Insider Films,1
m,director,BD Garden,1
,editor,Wandering Films,1
,editor,Fidelio Films,1
m,cinematographer,120 Degree Films,1
m,director,Pip's Garden Company,1
,editor,Sérénade Distribution,1
,director,Alliance Atlantis Video,1
m,cinematographer,Big Game Cunders,1
m,director,Big Game Cunders,1
m,editor,Brøderbund Software,1
m,director,Delivery System Pictures LLC,1
m,cinematographer,Force Video,1
m,composer,Ciudad de la Luz,1
m,composer,Ministero del Turismo e dello Spettacolo,1
,director,Wandering Films,1
,director,Fidelio Films,1
,director,Sérénade Distribution,1
m,composer,Uderzo production,1
,director,MDP Worldwide,1
m,producer,Daiei Home Video,1
m,producer,Project Trident,1
m,actress,Société Générale de Gestion Cinématographique (SGGC),1
m,director,Societé d'Exploitation et de Distribution de Films (SEDIF),1
m,editor,MMC Independent,1
,writer,Wandering Films,1
,cinematographer,Fidelio Films,1
m,cinematographer,Deepjoy Picture,1
,writer,Sérénade Distribution,1
m,editor,Lumière Home Vídeo,1
m,editor,Denial Venture,1
m,producer,Cunning Developments,1
m,director,Forbidden City Films,1
m,cinematographer,Ostdeutscher Rundfunk Brandenburg (ORB),1
m,editor,VZ-Handelsgesellschaft,1
,writer,Fidelio Films,1
m,writer,Evergreen Video,1
m,composer,Diva Video Entertainment,1
m,director,ABC Film & Video,1
m,producer,Accidental Pictures,1
m,director,Odessa Films,1
m,producer,Digital Video Dreams,1
m,producer,Adelstein-Parouse Productions,1
m,director,Golden Sun Films Distribution,1
m,writer,Sincronía Films S.A. de C.V.,1
m,director,Golden Sun Films,1
m,director,Platypus Underground,1
m,composer,RCA / Columbia Pictures Video,1
m,writer,Dezenove Filmes,1
,producer,Novotrade,1
m,writer,Made in Hong Kong,1
m,director,Latitude Productions,1
m,cinematographer,Platypus Underground,1
m,director,TIK Culture Development,1
m,cinematographer,Wonderland Films,1
m,director,Golden Sun Century Multimedia,1
m,director,Delta Film,1
m,composer,Daiei Home Video,1
m,director,Ministero del Turismo e dello Spettacolo,1
,director,RendezVous Films,1
,director,Novotrade,1
m,producer,Jade Films and Entertainment,1
m,writer,De Cuernos Al Abismo,1
,producer,Süddeutscher Rundfunk (SDR),1
,director,"Madre del Cordero Films, La",1
m,producer,Instinct Eden Rock International,1
m,cinematographer,Independent Artists Collaborative,1
m,composer,Eureka Video,1
m,producer,RCA / Columbia Pictures Video,1
,writer,"Madre del Cordero Films, La",1
,director,Fox Video España S.A.,1
,editor,New Deal Studios,1
m,director,Sincronía Films S.A. de C.V.,1
m,producer,Eureka Video,1
m,director,Dezenove Filmes,1
m,writer,Zoë Mode,1
m,composer,Sidecar Films & TV,1
m,editor,Independent Television (ITV),1
m,director,SODEC,1
,writer,Lynnvander Productions,1
m,composer,Obshchestvennoye Rossijskoye Televideniye (ORT) Video,1
,editor,Independent Artists Unite,1
m,director,Ajuntament de Barcelona,1
m,director,BSM: Barcelona de Serveis Municipals,1
,writer,Dead Gentlemen Productions,1
,director,Gurpreet Video International,1
m,writer,Black Binder Films,1
,producer,Lynnvander Productions,1
m,director,De Cuernos Al Abismo,1
m,producer,Angel Vídeo,1
m,director,Black Binder Films,1
m,editor,Secretaria de Turismo,1
,editor,LNK Video,1
,director,Seaside Pictures,1
m,editor,Instituto de Capacitación Cinematográfica,1
m,actress,Force Video,1
m,editor,Sincronía Films S.A. de C.V.,1
m,editor,Black Binder Films,1
m,writer,Videosino Ltd.,1
m,actress,Rizzoli Corriere della Sera Home Video (RCS),1
,producer,Belvedere Film,1
m,director,Worldtrade Entertainment,1
m,composer,Ministère de la Défense,1
,producer,High Fidelity Films,1
m,actress,Youngtze Film & Video Inc.,1
,writer,Seaside Pictures,1
m,producer,"Constelacion Films, SA de CV",1
m,editor,Dezenove Filmes,1
m,director,Videovision Entertainment,1
m,editor,Gobierno del Estado de Coahuila,1
m,editor,"Ontario Film Development Corporation, The",1
m,actress,Golden Mark Film Distribution,1
,producer,Films del Bungalow,1
,writer,Sin Perdon de Dios,1
m,director,Think Eternal Video,1
m,director,Edelvais,1
,director,Amsterdamse Hogeschool voor de Kunsten,1
m,cinematographer,Veryrude Films,1
m,composer,Outsider Productions,1
,producer,Pandemic Studios,1
m,actress,Chang-Hong Channel Film & Video Co.,1
m,director,Unité de Programmes Cinéma,1
m,writer,Delivery System Pictures LLC,1
m,composer,Providencia,1
m,actress,4-Bidden Asia Video,1
m,actress,Obshchestvennoye Rossijskoye Televideniye (ORT) Video,1
m,actress,Wide Sight Entertainment Limited,1
,producer,Les Films des Lucioles,1
m,producer,Golden Film Ltd.,1
,editor,L'Atelier de Réalisation,1
,producer,Gathering of Developers,1
m,editor,De Cuernos Al Abismo,1
,editor,Photographic Design Labs,1
m,editor,Lanzarote Reserva de Biosfera,1
m,director,Arrow Film & Video,1
,composer,Transcendental Audio,1
,editor,La Cooperative Videoscopique de Montreal,1
m,editor,Video Screen,1
m,composer,Crown Video,1
m,editor,SVS/Triumph Home Video,1
,editor,Zapata Design,1
m,writer,Bonneville Worldwide Entertainment,1
m,editor,Alliance Atlantis Video,1
m,editor,Fábrica Brasileira de Imagens,1
,writer,Transcendental Audio,1
m,editor,Hidden Dreams Media,1
m,composer,Vision Video Gateway Films,1
m,editor,Vivivideo,1
m,cinematographer,Deep Blue Pictures,1
m,cinematographer,Model T,1
,writer,Photographic Design Labs,1
m,writer,Channel 5 Video Distribution,1
m,editor,Soyuz Video,1
,writer,Zapata Design,1
m,director,Hidden Dreams Media,1
m,cinematographer,Hidden Dreams Media,1
m,cinematographer,Border Productions,1
m,director,Defender Films,1
,producer,La Cooperative Videoscopique de Montreal,1
m,director,Deutsch-Polnische Gesellschaft Chemnitz,1
m,writer,Village Roadshow Pictures Worldwide,1
m,writer,Defender Films,1
m,writer,Deutsch-Polnische Gesellschaft Chemnitz,1
m,editor,Conseil Régional des Pays de la Loire,1
m,writer,Allied Artists Home Video,1
,editor,Schroeder Hoffman Productions,1
m,cinematographer,Independent Partners,1
m,cinematographer,Oldenburg International Filmfestival,1
,writer,Delta MoviesLLC,1
m,producer,The Content Providers Limited,1
m,composer,Maison de Cinema,1
m,editor,Branded Entertainment/Batfilm Productions,1
m,editor,Think Eternal Video,1
m,director,Warner Home Video France,1
m,producer,Hey Jude Productions,1
m,writer,Les Productions de la Géode,1
,editor,Screen Pix Home Video,1
m,editor,UAP Video GmbH,1
m,director,De Efteling B.V.,1
m,writer,Think Eternal Video,1
,producer,Barnet Brookside,1
m,writer,Outsider Diffusion,1
m,editor,Vicia Vídeo de Valencia S.L.,1
,producer,Jour de Sete Films,1
,director,Cineplex-Odeon Films,1
m,editor,RCA/Columbia Pictures International Video,1
m,editor,Warner Bros. Pictures de España,1
m,editor,Institut Valencia de Cinematografia (IVAC),1
,editor,Providence Entertainment,1
,producer,Golders Green Trinity URC,1
m,composer,De Productie,1
m,composer,Rotterdams Fonds voor de Film en Audiovisuele Media,1
m,producer,Les Productions de la Géode,1
m,writer,21st Century Video,1
m,editor,Dexia,1
m,editor,Vlaamse Gemeenschapscommissie van het Brussels Hoofdstedelijk Gewest,1
,producer,Independent Spirit Productions,1
m,composer,Defender Film Company (II),1
,director,Novyj Odeon,1
m,editor,New Video Group,1
m,editor,Tradewind Pictures,1
m,editor,Fonds Images de la Diversité,1
m,director,21st Century Video,1
,director,Renegade,1
m,editor,Fonds Film in Vlaanderen,1
m,editor,Wide Management,1
,cinematographer,Cinexus Bordertown Cafe,1
m,editor,De Filmfabriek,1
m,director,Golden Ring International,1
m,composer,Dendron Motion Pictures,1
,cinematographer,Photographic Design Labs,1
m,director,Latin American Video Archive (LAVA),1
m,cinematographer,Jade M,1
,writer,Novyj Odeon,1
m,composer,Screen Pix Home Video,1
,producer,Renegade,1
m,composer,Latin American Video Archive (LAVA),1
m,director,Deadly Films,1
m,producer,Code 7 Entertainment,1
,cinematographer,Zapata Design,1
m,director,Universidad Politécnica de Valencia,1
m,editor,Meteor Home Video,1
,cinematographer,The Canada Manitoba Cultural Industries Development Office (CIDO),1
,director,Postmodern Times,1
m,writer,Camara Municipal de Sintra,1
m,cinematographer,Latin American Video Archive (LAVA),1
m,director,Camara Municipal de Sintra,1
m,writer,Encode Media Group,1
m,director,Maison de la Culture du Havre,1
m,director,Schroeder Hoffman Productions,1
m,director,Sidereal Productions,1
m,editor,De Efteling B.V.,1
m,cinematographer,Cine Falcon Producciones S.A. de C.V.,1
m,writer,Latin American Video Archive (LAVA),1
,producer,Angel Vídeo,1
m,director,Outsider Diffusion,1
m,writer,Fidelity Films,1
m,director,Fidelity Films,1
m,cinematographer,Branded Entertainment/Batfilm Productions,1
m,composer,The Federation,1
,producer,International Traders,1
m,composer,Wardenclyffe Entertainment,1
m,writer,Big Idea Pictures,1
,editor,Ganzanderes Animation,1
m,composer,Le Village de Nuit,1
m,director,CIC Victor Video,1
m,editor,Hidden Staircase,1
m,editor,Taylor-Made Productions,1
,composer,Hollywood Video,1
m,director,Videa,1
m,producer,Decca,1
m,director,Gran Teatre del Liceu,1
m,director,Festival Lyrique de Saint-Céré et du Haut Quercy,1
,producer,Golden Horn Films,1
,director,Ganzanderes Animation,1
m,producer,Death By Awesome Productions,1
m,composer,Shiny Object Digital Video Inc.,1
m,director,Y's Ideas,1
m,producer,Nuova Accademia delle Belle Arti (NABA),1
m,composer,Federal Film Reserve,1
m,actress,Ideal Grace Production Company,1
m,writer,Nuova Accademia delle Belle Arti (NABA),1
,producer,Ideogramma E.P.E.,1
m,writer,Dentsu Motion Pictures,1
m,writer,Veryrude Films,1
m,director,Veryrude Films,1
,director,Code 99,1
m,editor,Veryrude Films,1
m,director,Nuova Accademia delle Belle Arti (NABA),1
m,producer,Videoclub Misterio,1
m,composer,Les Films de la Suane,1
,producer,Exe Video,1
m,director,Spiderwick Productions,1
m,director,Academy,1
m,composer,Red de América Latina,1
m,composer,Amazon Instant Video,1
,writer,MCA Planning and Development,1
,editor,SF Video Productions,1
m,cinematographer,Powder Room Films,1
m,editor,Nuova Accademia delle Belle Arti (NABA),1
,producer,GoldenArt Noto Productions,1
m,composer,Anderson/Hassan Entertainment,1
m,cinematographer,Deal Productions,1
,editor,Adelaide Festival of Arts,1
m,director,Bellamonde Productions,1
,cinematographer,SF Video Productions,1
m,editor,Deal Productions,1
m,cinematographer,Producciones Barba Loza S.A. de C.V.,1
m,composer,KGP Kranzelbinder Gabriele Production,1
m,composer,Endemol Deutschland,1
m,editor,American Independent Productions,1
m,writer,Palau de les Arts Reina Sofía,1
m,composer,"BKM, kulturelle Filmförderung des Bundes",1
m,cinematographer,Odyssey Group Video,1
m,director,Big Idea Pictures,1
m,editor,UFA Video,1
,cinematographer,Casa Kafka Pictures Movie Tax Shelter Empowered by Dexia,1
,cinematographer,Département des Alpes-Maritimes,1
,cinematographer,Maison de Cinema,1
m,cinematographer,Little Wonder Productions,1
m,cinematographer,Conseil Régional de Bretagne,1
,director,Springboard Video,1
m,composer,Ide Productions,1
m,director,Jordan Crowder Films,1
m,composer,Gideon Productions,1
,producer,Compania Latinoamericana de Radiodifusion,1
m,writer,Adelaide Film Festival,1
,producer,Destruction Film Productions,1
m,editor,Odyssey Group Video,1
m,editor,Inside Track 2,1
m,writer,Jordan Crowder Films,1
m,director,Lee Mendelson Productions,1
m,director,Gideon Production Group,1
m,composer,Video Screen,1
,director,Sherazade Film Development,1
m,writer,Media for Development Trust,1
,director,Cooperativa de Trabajo Felei,1
m,editor,Gideon Production Group,1
m,cinematographer,Cascade Sky Films,1
m,director,Adelaide Film Festival,1
,director,Elsevier-Vendex Film Beheer,1
,writer,Cooperativa de Trabajo Felei,1
m,editor,Renegade Films,1
m,composer,UGC Video,1
m,cinematographer,Renegade Films,1
m,director,Independent Artists Unite,1
m,writer,Academy Distribuzione,1
m,director,Academy Distribuzione,1
m,composer,SVS/Triumph Home Video,1
,editor,Demian,1
m,director,J:COM On Demand,1
,producer,Pickwick Video,1
m,director,Rede Telecine,1
m,director,Videomatica,1
,editor,Universitat de Barcelona,1
,editor,TideRock Films,1
m,cinematographer,Ministero del Turismo e dello Spettacolo,1
m,cinematographer,Rodeo Drive,1
m,editor,Nouvelles Éditions de Films (NEF),1
m,composer,Vivivideo,1
m,director,Obshchestvennoe Rossiyskoe Televidenie (ORT),1
m,writer,J:COM On Demand,1
m,producer,Delta Airlines,1
,editor,Big Idea Films,1
m,editor,FilmFour Video,1
m,cinematographer,Savannah College of Art & Design,1
,director,Universitat de Barcelona,1
,writer,SchröderMedia HandelsgmbH,1
m,writer,Renegade Films,1
m,producer,Leo Home Video,1
m,writer,Different by Design,1
m,director,Different by Design,1
,cinematographer,RCA/Columbia Pictures Video,1
m,cinematographer,Celebrity Video Distribution,1
m,composer,Consorcio Audiovisual de Galicia,1
m,director,Instituto Cubano de Radio y Televisión (ICRT),1
m,composer,"Animais - Animação, Vídeo e Publicidade",1
m,writer,Videomatica,1
m,writer,DeMarsh Studios,1
m,writer,Instituto Nacional Autónomo de Cinematografía,1
m,writer,Centro Nacional Autónomo de Cinematografía (CNAC) (I),1
m,cinematographer,Centre du Cinéma et de l'Audiovisuel de la Communauté Française de Belgique,1
,editor,Région des Pays-de-la-Loire,1
m,director,Instituto Nacional Autónomo de Cinematografía,1
m,editor,Latin American Video Archive (LAVA),1
,cinematographer,Department of Cultural Affairs Taipei City Government,1
m,director,The Pedestrain Pictures Inc.,1
,editor,Sideshow,1
,cinematographer,Brynhilde Productions,1
m,director,Pod Design,1
m,composer,Moody Independent,1
m,writer,Delfin Studio,1
m,cinematographer,Seaside Pictures,1
m,cinematographer,Distant Thunder Films,1
m,writer,The Pedestrain Pictures Inc.,1
m,writer,Pod Design,1
m,producer,Village Roadshow Pictures Worldwide,1
m,writer,Movie Tax Shelter Empowered by Dexia,1
,producer,LCA Gaiden Productions,1
m,director,Ministère de la Culture Italien,1
m,director,Denis Friedman Productions,1
,cinematographer,Derby City Productions,1
m,editor,New Ogden Cinema,1
,writer,Independent Spirit Productions,1
m,producer,Pod Design,1
m,writer,Baggy Underpants,1
,producer,Dex Entertainment,1
,composer,Lyons Den Productions,1
m,director,New Ogden Cinema,1
m,editor,Coram Deo Studios,1
m,director,Conseil Général de l'Aisne,1
m,writer,New Ogden Cinema,1
,editor,Delaney & Friends Cartoon Productions,1
,cinematographer,Tri Destined Independent,1
,director,Leo Home Video,1
,writer,Lyons Den Productions,1
m,cinematographer,Sudden Motion Productions,1
,editor,Cambium Film & Video Productions,1
,writer,Leo Home Video,1
m,director,École Cantonale d'Art de Lausanne/Département Audiovisuel (ECAL/DAVI),1
,editor,Videography Productions,1
m,writer,Flan de Coco Films,1
m,cinematographer,Independent Student Media,1
m,cinematographer,MCP Video,1
,producer,Tri Destined Independent,1
m,cinematographer,Landesman Productions,1
m,producer,Sudden Black,1
m,director,Defiant Empire,1
m,cinematographer,Under the Influence,1
,cinematographer,Videography Productions,1
m,writer,"Decca Record Company, The",1
,director,SchröderMedia HandelsgmbH,1
,director,Les Films des Trois Univers,1
m,cinematographer,Ideal Pictures Corp.,1
m,writer,Defiant Empire,1
,writer,Les Films des Trois Univers,1
m,cinematographer,Warner Home Video France,1
m,producer,Golden Books Family Entertainment,1
m,editor,Gobierno de la Provincia de San Luis,1
m,composer,Provident Films,1
m,writer,Televisión Pública de Canarias,1
m,director,Televisión Pública de Canarias,1
m,director,GoldenArt Noto Productions,1
m,writer,Maddening Loop Pictures,1
m,director,Samarkanda Cine-Vídeo S.L.,1
m,cinematographer,GoldenArt Noto Productions,1
,producer,New Vision de Mexico S.A.,1
m,director,Opéra National de Lyon,1
m,writer,New Video Group,1
m,director,RCA / Columbia Pictures Video,1
m,writer,GoldenArt Noto Productions,1
,producer,Latin American Video Archive (LAVA),1
,producer,Cosmic Video,1
,editor,Golden Hello Entertainment,1
m,cinematographer,DEFA-Studio für Trickfilme,1
m,editor,BMG Independents,1
m,director,SM Development Corporation (SMDC),1
m,composer,Independent Filmmakers Cooperative (IFC),1
m,cinematographer,Providence Entertainment,1
m,director,Showtime Video Distribution Inc.,1
,editor,Ediciones del Sur,1
m,writer,CDE Home Video,1
m,director,NBC Home Video,1
m,editor,McFadden Family Films,1
m,cinematographer,McFadden Family Films,1
m,director,Eureka Video,1
m,composer,Edenwood,1
m,producer,Deluxe Australia,1
m,director,Deviate Pictures,1
,director,"Ville de Renens, La",1
m,editor,Seymour Borde & Associates,1
m,composer,Pyramid Home Video,1
m,cinematographer,RCA / Columbia Pictures Video,1
m,cinematographer,Sendeja Films S.A.,1
,director,"Ville de Lausanne, La",1
m,cinematographer,Showtime Video Distribution Inc.,1
,writer,"Ville de Renens, La",1
m,cinematographer,Blue Screen Video and Film,1
,writer,"Ville de Lausanne, La",1
m,cinematographer,Valentine Video/Showtime Video Distribution,1
m,writer,RCA / Columbia Pictures Video,1
,cinematographer,Wilderness Films,1
m,producer,Super Deluxe,1
,director,Mexcinema Video Corp.,1
m,cinematographer,Pyramid Home Video,1
,director,Emmerson Denney Films,1
m,writer,Super Deluxe,1
m,producer,Macari / Edelstein,1
m,writer,Showtime Video Distribution Inc.,1
m,director,Super Deluxe,1
m,cinematographer,Paradigm Hyde Films,1
m,writer,Million Dollar Video Corporation,1
m,writer,Eureka Video,1
m,writer,Deivanai Movies,1
m,editor,Meandering and Philandering,1
m,editor,Super Deluxe,1
m,director,Deivanai Movies,1
,writer,Emmerson Denney Films,1
m,director,Videodis,1
m,cinematographer,Devi Films,1
m,director,Independent Film Group,1
,producer,Denis Friedman Productions,1
m,director,Million Dollar Video Corporation,1
m,editor,Sender Freies Berlin (SFB),1
m,director,Olhos de Cão Produções Cinematográficas,1
m,director,Les Films de la Suane,1
m,writer,Pulsepounders,1
m,producer,Abode,1
,producer,Bonton Home Video,1
m,editor,Marauder Productions (II),1
,cinematographer,Grandelusions Films,1
,editor,Hochschule der Bildenden Künste Saar,1
,director,Nouvelles Éditions de Films (NEF),1
m,cinematographer,FilmFour Video,1
m,cinematographer,Compagnie Internationale de Communication,1
m,director,Ontario Media Development Corporation Film and Television Tax Credits,1
m,director,Forbidden City Studios,1
m,cinematographer,Xscapade Pictures Ltd.,1
m,editor,Cappa Defina Productions,1
m,cinematographer,Tandem Productions (II),1
m,cinematographer,Adelson-Baumgarten Productions,1
,director,Tartan Video USA,1
m,director,Handel Productions,1
m,composer,Guangdong Avlight Culture Industry Development,1
m,writer,"Vigor Mortis - Video, stage & words",1
m,composer,Benjamín Olalde Producciones,1
m,director,"Vigor Mortis - Video, stage & words",1
,producer,Viderent,1
m,writer,Consultores de Comunicación Integral S.L.,1
,director,Hochschule der Bildenden Künste Saar,1
m,editor,DeFazio & DeFazio Productions,1
m,director,20th Century Fox de Chile,1
m,director,Consultores de Comunicación Integral S.L.,1
,producer,Palace Video,1
m,producer,Handel Productions,1
m,editor,"Vigor Mortis - Video, stage & words",1
,cinematographer,Scanner-Rhodes Productions,1
,cinematographer,Hochschule der Bildenden Künste Saar,1
m,cinematographer,RCA/Columbia-Hoyts Home Video,1
m,cinematographer,Verdecchi Film,1
m,composer,Golden Way Films Ltd.,1
,writer,Hochschule der Bildenden Künste Saar,1
m,director,Transgression Video Productions,1
,writer,Deya Films,1
m,producer,RenderFarm Graphics,1
m,cinematographer,Eureka Video,1
m,director,Federal Hill Pictures Inc.,1
,producer,Hochschule der Bildenden Künste Saar,1
m,cinematographer,Sin Perdon de Dios,1
m,director,"Kinovideoobedinenie ""Krupniy Plan""",1
,writer,Filmtrade - Spentzos Film,1
m,writer,Pictures Dept.,1
m,director,De:SIGN,1
m,editor,KGP Kranzelbinder Gabriele Production,1
m,cinematographer,Sunny Side Up,1
m,editor,Studio Arkadena,1
m,writer,Atelier Cinéma de Normandie (ACCAAN),1
m,cinematographer,Nickel Odeón Dos,1
,producer,Les Films de la Concorde,1
m,writer,De:SIGN,1
m,writer,Aniade,1
m,composer,Little Wonder Productions,1
,editor,York Home Video,1
m,director,Hallmark Video,1
m,cinematographer,Real Blonde Productions Corp.,1
m,director,Escapade Films Production,1
,producer,Jiangsu Cultural Realty Development,1
m,composer,Delicious the Film,1
,cinematographer,Renegade Worldwide,1
m,cinematographer,Kinovideoprokat,1
m,director,Vox Video,1
m,director,Rastar/Leider-Shapiro,1
m,composer,Beijing Forbidden City Film Co.,1
,producer,Thought Collide Productions,1
m,composer,Nikkatsu Video Films K.K.,1
,editor,Grupo 13 de Julio,1
m,producer,Delicious the Film,1
,producer,Defender Films,1
,producer,Desperate Pictures,1
m,writer,Le Studio de Creation Cinematographique du Ministere de la Culture,1
m,editor,Video Verité Productions,1
m,composer,Renegade Films,1
m,director,Arcade Pictures,1
m,editor,Légende Films,1
,cinematographer,Bayerische Landeszentrale für neue Medien (BLM),1
m,composer,Pecho Grande,1
m,writer,Sridevi Art Movies,1
m,editor,Warner Home Video Inc.,1
m,director,Video Verité Productions,1
,director,Voladero Espacio Cultural,1
,director,Grupo 13 de Julio,1
m,composer,Video Verité Productions,1
,producer,Gruppo Edebe',1
m,cinematographer,Another Dimension of an Idea,1
m,cinematographer,Delphis Films,1
,writer,Voladero Espacio Cultural,1
,writer,Grupo 13 de Julio,1
,producer,"Constelacion Films, SA de CV",1
,producer,Voladero Espacio Cultural,1
,producer,Grupo 13 de Julio,1
m,writer,Video Verité Productions,1
,director,Deya Films,1
m,director,Campede of Stattle,1
m,editor,Universidad Politécnica de Valencia,1
m,writer,Raffaella De Laurentiis Productions,1
m,composer,World Wide Cinema,1
m,director,Academy Pictures,1
m,composer,Rede Telecine,1
m,cinematographer,Deutsche Film (DEFA),1
m,writer,Shanghai Century Hero Film and Television Cultural Development,1
,director,Devi Films,1
m,cinematographer,Filmverlag der Autoren,1
m,cinematographer,CH Media Berlin Brandenburg GmbH & Co. KG,1
m,cinematographer,Added Entertainment,1
m,composer,Delhi Dot Com,1
,director,Dead Cat Films,1
m,composer,Mirabai Films Delhi,1
,director,Covent Garden Pioneer FSP,1
m,director,Bonton Home Video,1
,director,Alexander Genievsky,1
m,director,Essex Vídeo España S.A.,1
,producer,SuperExploder,1
m,director,Youth Film Studio of Beijing Film Academy,1
,writer,Alamode Filmverleih,1
m,cinematographer,Added Films International,1
m,director,Frederator Studios,1
m,director,Maple Shade Films,1
,writer,Dead Cat Films,1
m,producer,Deehrelict,1
,writer,Alexander Genievsky,1
m,director,Wide Frame Films,1
m,editor,Ringleader Productions,1
m,composer,Deehrelict,1
,director,Central Independent Television,1
m,director,Deehrelict,1
m,editor,Deehrelict,1
m,writer,BFS Video,1
m,writer,Cinétudes Films,1
m,cinematographer,Dendron Motion Pictures,1
m,producer,Essex Vídeo España S.A.,1
m,editor,De Palacio Films,1
m,composer,Delta Music & Entertainment,1
m,cinematographer,BD Garden,1
m,editor,Winstar TV & Video,1
m,director,Cascade Sky Films,1
m,director,Le Studio de Creation Cinematographique du Ministere de la Culture,1
m,editor,G.E.R. (Grupo de Estudos e Realizações),1
m,editor,Institut National de l'Audiovisuel (INA),1
m,composer,Scheherazade,1
m,editor,Zomba Video,1
,editor,Becoming Jade Films,1
m,cinematographer,Akintunde Productions,1
f,editor,Concorde Filmed Entertainment,1
m,writer,Filmtrade - Spentzos Film,1
,director,Big Idea Films,1
m,actress,Ministerio de Cultura,1
m,writer,DIA Distributori Indipendenti,1
m,actress,ICF Institut Català de Finances,1
,cinematographer,Becoming Jade Films,1
m,actress,Generalitat de Catalunya - Institut Català de les Indústries Culturals (ICIC),1
,editor,Edivídeo,1
,writer,Big Idea Films,1
m,editor,Légende Entreprises,1
m,actress,Televisió de Catalunya (TV3),1
m,writer,Cascade Sky Films,1
m,writer,Alamode Filmverleih,1
m,director,Warner Home Video Inc.,1
,writer,Becoming Jade Films,1
,producer,Big Idea Films,1
m,director,Shanghai Century Hero Film and Television Cultural Development,1
m,director,Rodeo Film,1
m,producer,Glyndebourne,1
m,composer,New Yorker Video,1
m,writer,Destiny,1
m,producer,Gobierno del Estado de Chiapas,1
,editor,Alexandra Video Club,1
m,composer,SpiderCircle Films,1
m,producer,Les Films de l'Astrophore,1
m,composer,"Kinovideoobedinenie ""Krupniy Plan""",1
m,composer,Added Films International,1
m,director,Ediciones del Sur,1
m,cinematographer,Nova Scotia Film Development Corporation,1
m,writer,"Sword of Alexander Production Companies, The",1
,director,Devils Avalanche Films,1
,director,In Spades Productions,1
m,writer,Medien Ideen,1
,producer,Filme de Papel,1
m,director,Medien Ideen,1
m,director,CDE Home Video,1
,writer,Imagination Worldwide,1
m,cinematographer,Office Fédéral de la Culture,1
m,editor,Medien Ideen,1
,director,Rocket Pictures Home Video,1
m,writer,Edko Video,1
m,composer,Jade Productions,1
m,cinematographer,Arcade,1
,cinematographer,Devils Avalanche Films,1
m,composer,Citadel,1
m,cinematographer,Destiny Entertainment Productions,1
,writer,Rocket Pictures Home Video,1
m,cinematographer,Production de Films SD,1
m,cinematographer,Pip's Garden Company,1
,writer,Filme de Papel,1
,writer,In Spades Productions,1
m,producer,Wandering Hat,1
m,producer,Videofilm,1
m,director,Edko Video,1
m,composer,Demeusy Pictures,1
,producer,Goldeco Pictures,1
m,director,Golden Film Ltd.,1
m,director,Famous Video,1
,director,Robert Golden Films,1
f,actress,DMVE Culture Development Co. Ltd.,1
,producer,Anim CDE,1
m,cinematographer,GMA Records Home Video,1
,producer,Women Under the Influence Films,1
,producer,Brothers of the Order,1
m,cinematographer,Media Development,1
,director,Worldwide Evolution Films,1
,producer,Art Center College of Design,1
m,cinematographer,Point.360 - Westside,1
m,writer,Videofilm,1
m,cinematographer,Région des Pays-de-la-Loire,1
m,writer,Koba Films Video,1
m,director,Videofilm,1
,writer,Robert Golden Films,1
m,writer,Modern Times,1
m,composer,Deutsche Columbia Pictures Film Produktion,1
m,composer,Thunder Bay Pictures,1
m,director,Ogden Entertainment,1
m,producer,Wide-Eyed Entertainment,1
,director,Filme de Papel,1
m,director,Producciones Rodas S.A. de C.V.,1
m,writer,Fidelio,1
m,producer,ABC Home Video,1
m,cinematographer,L'Office Federal de la Culture Suisse,1
m,editor,Felder Pomus Entertainment,1
m,producer,Fidelio,1
,writer,BenderSpink,1
m,producer,Like Minded Media,1
m,cinematographer,Resonance Film & Video,1
m,director,ABC Home Video,1
m,composer,Devgan Films,1
m,director,Ontario Film Development Corporation,1
,director,Thunderhead Productions,1
,director,Psychedelic Offspring Productions,1
m,director,Mexcinema Video Corp.,1
m,director,Ideacinema,1
m,writer,Video Vigilantes,1
m,director,Ric de Barros Productions,1
m,writer,Randum Video,1
m,composer,CH Media Berlin Brandenburg GmbH & Co. KG,1
,director,Academia de Cine de Guadalajara (ACINEG),1
m,director,Video Vigilantes,1
,editor,Homemadefilms,1
f,editor,Odeon Films,1
f,producer,Modern Life,1
,writer,Thunderhead Productions,1
,producer,ITC Home Video,1
m,director,Randum Video,1
m,editor,Video Vigilantes,1
m,cinematographer,Ivory Music & Video,1
m,cinematographer,Flashpoint Academy,1
m,editor,Randum Video,1
,director,Homemadefilms,1
m,editor,Golden Screen Cinemas,1
,director,Deerjen Films,1
f,producer,Zomba Video,1
m,editor,First Independent Films,1
f,editor,Alexander Schellow,1
f,editor,Théâtre National de Strasbourg,1
,editor,Palace Video,1
,director,Instituto de Tecnología de Información de Jalisco (IJALTI ),1
,writer,Homemadefilms,1
,writer,Deerjen Films,1
,writer,Academia de Cine de Guadalajara (ACINEG),1
f,producer,DeFamilieJanssen (DFJ),1
m,composer,Krauss-DeGrazier,1
,writer,Instituto de Tecnología de Información de Jalisco (IJALTI ),1
f,producer,Under Dog Distribution,1
m,composer,Productions Paul Lederman,1
m,cinematographer,C.R.R.A.V. Nord Pas de Calais,1
m,writer,Modelink,1
f,director,Under Dog Distribution,1
f,actress,Tecnologico de Monterrey Campus,1
m,producer,Delusion Pictures,1
m,director,Metronome Video,1
,director,Step-Aside Entertainment,1
m,director,Resonance Film & Video,1
,writer,Step-Aside Entertainment,1
m,producer,SP Sales Worldwide,1
m,writer,SP Sales Worldwide,1
,cinematographer,Gobierno del Estado de Veracruz,1
,cinematographer,"Constelacion Films, SA de CV",1
m,producer,Video Palace,1
m,director,Video Palace,1
,cinematographer,Videocolor,1
f,producer,Verdecchi Film,1
f,editor,Monarch Home Video,1
,cinematographer,DeFazio & DeFazio Productions,1
m,writer,Sri Sai Deva Productions,1
m,cinematographer,Trade Off Productions,1
m,editor,High Fliers Video Distribution,1
f,editor,The Czech Republic State Fund for Support and Development of Cinematography,1
m,editor,Flan de Coco Films,1
f,editor,Delfilm,1
f,producer,J:COM On Demand,1
f,producer,Der Tagesspiegel,1
,editor,Alexander Genievsky,1
,director,Defendshee Productions,1
f,producer,Comme des Cinémas,1
m,editor,LNK Video,1
f,actress,Videos.Com Incorporated,1
,director,AIP Home Video,1
,cinematographer,Alexander Genievsky,1
,writer,Defendshee Productions,1
f,writer,Videos.Com Incorporated,1
m,cinematographer,Rainbow Home Video,1
,writer,AIP Home Video,1
m,director,CBS/Fox Video,1
f,cinematographer,Videos.Com Incorporated,1
f,director,Videos.Com Incorporated,1
f,editor,Videos.Com Incorporated,1
f,actress,RenderFilms,1
f,director,Dimension Home Video,1
f,producer,Wardenclyffe Entertainment,1
m,editor,Brooklyn Independent Studios,1
f,actress,Bardel Distribution,1
m,producer,'Wide'Screen Productions,1
m,producer,Deluded Penguin Productions,1
m,producer,Région Champagne-Ardennes,1
m,producer,Baggy Underpants,1
f,producer,Lindemann Entertainment Group,1
f,editor,Ministère de la Défense,1
f,editor,Societé d'Exploitation et de Distribution de Films (SEDIF),1
m,director,Jade Productions,1
f,producer,Leader Media,1
f,writer,Columbia TriStar Comercio Internacional (Madeira) Ltda.,1
f,composer,USA Home Video,1
m,director,L'Office Federal de la Culture Suisse,1
f,composer,Odessa Entertainment,1
,director,Théâtre Musical de Paris Châtelet,1
f,editor,DEREVO,1
f,producer,Schneider & Groos,1
m,producer,Eike Besuden Filmproduktion GmbH,1
m,editor,La Tropa de Trapo,1
f,producer,WonderPhil Productions,1
m,director,Prisvídeo,1
m,writer,Moving Image Development Agency,1
,editor,Department of Cultural Affairs Taipei City Government,1
m,writer,Grendel Productions Inc.,1
m,composer,Rocket Pictures Home Video,1
f,producer,CIC Video I/S,1
,editor,Burnside Entertainment,1
m,composer,Eagle Video,1
f,producer,Joyful Founder,1
f,director,Film Development Fund of Hong Kong,1
,writer,B.D. Fox Independent,1
f,director,Joyful Founder,1
m,composer,Hyderabad Innovatives,1
,editor,Maria Fernanda Gutierrez Serralde Producciones,1
m,writer,Two Independent BV,1
,producer,Escola de Comunicação e Artes da USP,1
,producer,Líbranos de la Inicuidad,1
f,producer,Wide Sight Entertainment Limited,1
m,cinematographer,Two Independent BV,1
,director,Transcendent,1
f,actress,Landesman Productions,1
f,composer,Spentzos Film Home Video,1
m,director,Two Independent BV,1
m,editor,Two Independent BV,1
,director,Films de l'Iris,1
,editor,Questar Home Video,1
,editor,Model T,1
f,composer,Eco Filmes/Prisvideo,1
,writer,Maria Fernanda Gutierrez Serralde Producciones,1
f,composer,"Films de l'Elysée, Les",1
f,composer,Warner Home Video France,1
f,writer,Video Service Corporation,1
,producer,Providencia,1
,writer,Transcendent,1
f,composer,Anderson Digital,1
f,producer,Ontario Film Development Corporation,1
,writer,Films de l'Iris,1
f,actress,Vlaamse Gemeenschapscommissie van het Brussels Hoofdstedelijk Gewest,1
,director,Model T,1
,director,Akademija scenskih umjetnosti u Sarajevu,1
,producer,Maria Fernanda Gutierrez Serralde Producciones,1
f,composer,Nickelodeon Animation Studios,1
f,composer,Frederator Incorporated,1
m,producer,Deckert Distribution,1
m,director,Video Collection International,1
m,cinematographer,Les Films à Fleur de Peau,1
f,actress,De Filmfabriek,1
,writer,Model T,1
,cinematographer,Akademija scenskih umjetnosti u Sarajevu,1
f,composer,Nickelodeon Network,1
f,composer,CIC-Taft Home Video,1
,producer,Model T,1
,writer,Akademija scenskih umjetnosti u Sarajevu,1
f,composer,Sociedad General de Cine (SOGECINE) S.A.,1
f,composer,Blue Yonder Films,1
,producer,Akademija scenskih umjetnosti u Sarajevu,1
f,composer,Ministère de la Communauté Française de Belgique,1
,composer,Twister Digital Video,1
m,writer,20th Century Fox de Chile,1
f,producer,ABC Film & Video,1
f,composer,Universal Studios Home Video,1
f,actress,Delta Airlines,1
,composer,Videomatica,1
m,cinematographer,Downside Productions,1
,composer,Metal Blade Records,1
f,editor,Nederlands Fonds voor de Film,1
f,composer,Filmboard Berlin-Brandenburg (FBB),1
f,composer,SF Video,1
f,composer,BMG Independents,1
f,producer,Les Films de l'Astrophore,1
m,editor,Memorias Del Sabio Producciones,1
f,producer,Ripley's Home Video,1
f,actress,Desire Media Entertainment,1
f,director,Redeemable Features,1
f,director,Delux Productions,1
m,writer,Mexcinema Video Corp.,1
m,producer,De Angelis Group,1
f,director,Quanta Centro de Produções Cinematográficas,1
,director,Tri Destined Independent,1
m,cinematographer,Beverly Detroit,1
,editor,Transvídeo,1
f,director,Lumière Home Vídeo,1
f,editor,Centre du Cinéma et de l'Audiovisuel de la Fédération Wallonie-Bruxelles,1
f,editor,Des Films,1
m,composer,Gaumont Video,1
m,writer,"Furia de Titanes II, A.I.E.",1
,writer,DAVE School Students Productions,1
f,editor,Casa Kafka Pictures Movie Tax Shelter Empowered by Dexia,1
m,producer,Memorias Del Sabio Producciones,1
f,editor,Tour de Force,1
m,composer,Black Powder Media Inc.,1
f,producer,CIC Home Video,1
m,composer,Courtside Seats Productions,1
f,producer,Video Team,1
f,producer,Blue Gardenia Productions,1
,producer,Odeon Entertainment,1
m,producer,Pandering to Karma Productions,1
m,editor,Secretaría de Cultura de Neuquén,1
f,director,Blue Gardenia Productions,1
,director,Videovision Entertainment,1
f,producer,Mullis Capital Independent,1
f,actress,Davide Sada Films,1
f,composer,Golden Ticket Films,1
f,writer,SBS Independent,1
,producer,Defiant Empire,1
f,director,SBS Independent,1
m,producer,NODE Studios,1
f,producer,Sideshow Cinema,1
m,director,Nord Pas de Calais Region,1
m,producer,New Olga Videos,1
f,composer,Alpha Denshi Co. Ltd.,1
,producer,DeVine Works,1
m,producer,Ministero del Turismo e dello Spettacolo,1
m,director,Abode,1
m,director,Ministère de l'Éducation Nationale,1
f,composer,Flan de Coco Films,1
f,director,Scala Thunder,1
m,composer,Schokolade Filmproduktion GmbH,1
m,writer,Medien- und Filmgesellschaft Baden-Württemberg,1
m,director,Medien- und Filmgesellschaft Baden-Württemberg,1
m,editor,Medien- und Filmgesellschaft Baden-Württemberg,1
m,producer,Universitat de Barcelona,1
m,writer,Universitat de Barcelona,1
f,director,Amazon Instant Video,1
m,cinematographer,Douglas Anderson School of the Arts,1
m,composer,Universitat de Barcelona,1
,director,Cannes Home Vídeo,1
f,actress,Interlude Pictures,1
m,writer,Riverside Entertainment Group,1
m,writer,Navidi-Wilde Productions Ltd.,1
f,producer,Alexandra Video Club,1
f,writer,Verdecchi Film,1
f,writer,Cinemex Films S.A. de C.V.,1
m,writer,Defiant Pictures,1
,editor,Movies Independent,1
f,producer,Bankside Films,1
f,actress,Beijing Goldenplate Film,1
,composer,Academy for Future Science,1
m,editor,Obshchestvennoye Rossijskoye Televideniye (ORT) Video,1
m,director,Riverside Entertainment Group,1
m,director,Navidi-Wilde Productions Ltd.,1
f,producer,Thunderbird Films,1
m,director,Defiant Pictures,1
,director,Dreidel Films,1
f,writer,Globo Vídeo,1
,cinematographer,Movies Independent,1
f,actress,Dead Flower Productions,1
f,actress,Cascade Sky Films,1
,producer,Deck 13 Interactive,1
m,cinematographer,Mirabai Films Delhi,1
f,producer,Cascade Sky Films,1
m,cinematographer,Delhi Dot Com,1
f,director,Degeto Film,1
m,cinematographer,Ontario Media Development Corporation Film and Television Tax Credits,1
f,director,Odessa Films,1
,director,Tandem Filmproduktion,1
f,writer,Troma Team Video,1
f,producer,Huit et Demi Productions,1
m,composer,"Constelacion Films, SA de CV",1
,cinematographer,Federal Hill Pictures Inc.,1
f,producer,Something Weird Video (SWV),1
f,editor,A&E Home Video,1
,editor,"Animais - Animação, Vídeo e Publicidade",1
m,director,Producciones Torreón S.A. de C.V.,1
,director,"Animais - Animação, Vídeo e Publicidade",1
,writer,"Animais - Animação, Vídeo e Publicidade",1
,producer,"Animais - Animação, Vídeo e Publicidade",1
f,editor,Miramar Home Vídeo,1
f,editor,New Video,1
,director,Noche de Brujas Producciones,1
m,producer,Film Studio Animacijas Brigade,1
,writer,Noche de Brujas Producciones,1
f,writer,Belvedere Film,1
,cinematographer,Tecnologico de Monterrey Campus,1
m,director,Courtside Seats Productions,1
,director,Obsidian Order,1
m,writer,Dynamic Entertainment DEH,1
f,actress,Unité de Programmes Cinéma,1
,director,Rollin' Deep Productions,1
m,composer,Animacijas Brigade,1
f,producer,Wanda Distribución Cinematográfica de Films S.A.,1
m,director,RCA Home Video,1
m,director,InterCanadian Video Sales Inc.,1
f,director,Greek Dessert Films,1
,director,Jaded Creative Productions,1
f,editor,Hellas Cosmos Video,1
m,composer,Three Degrees Off Center Productions,1
,writer,MTV Networks de Mexico,1
m,composer,Frederator Studios,1
,director,Centre National du Cinéma et de L'image Animée (CNC),1
m,writer,Dead Cat Films,1
m,editor,Mitteldeutsches Filmkontor (MDF),1
,editor,Aslander Productions,1
,director,Aslander Productions,1
,producer,Aslander Productions,1
m,editor,Concorde Filmed Entertainment,1
,editor,Strident Films,1
f,actress,Niky-Bilder,1
,editor,Ryder Seeler Productions,1
f,editor,Amazon Instant Video,1
m,cinematographer,Lanzarote Reserva de Biosfera,1
,producer,Academy of Drama & Film Budapest,1
,editor,Undergrace,1
,director,Undergrace,1
,producer,DUDE,1
,cinematographer,Undergrace,1
m,writer,Video 10 Distributors,1
,producer,Undergrace,1
f,actress,Bright Idea Entertainment,1
m,cinematographer,Video 10 Distributors,1
m,cinematographer,Ayngaran Video,1
f,actress,Siddhant Sachdev Films,1
f,cinematographer,Regent Worldwide Sales,1
f,cinematographer,New Deal Productions,1
m,director,Video 10 Distributors,1
m,cinematographer,Sri Balaji Video,1
m,cinematographer,Abordar - Casa de Películas,1
,director,Hollywood Pictures Home Video,1
m,composer,Scala Thunder,1
,director,Hidden Moon Productions,1
f,cinematographer,Paramount Home Video,1
f,producer,Companhia de Imagem,1
,writer,Yodel Industries,1
m,editor,Zürcher Hochschule der Künste,1
,director,Nijenhuis & de Levita Film & TV B.V.,1
,director,Volderin Entertainment,1
f,actress,Independent Artists Collaborative,1
f,director,Den Danske Filmskole,1
m,cinematographer,Devyank Arts,1
f,writer,Greek Dessert Films,1
,producer,Please Provide Pictures,1
,director,Renegade Reporting,1
m,composer,FilmFour Video,1
,writer,Atlantis Video,1
f,actress,Minneapolis College of Art & Design,1
f,writer,Minneapolis College of Art & Design,1
,director,Academia Jalisciense de Cinematografía,1
,writer,Academia Jalisciense de Cinematografía,1
f,composer,Greek Dessert Films,1
f,director,Lourdes Enterprises,1
,editor,Bruder Releasing (BRI),1
,director,Jour de Sete Films,1
m,composer,Shalimar Videos,1
f,director,Minneapolis College of Art & Design,1
,director,Simitar Video,1
,writer,Jour de Sete Films,1
,director,Bruder Releasing (BRI),1
,director,Academy Entertainment,1
f,writer,Syrox Developments,1
,producer,Bruder Releasing (BRI),1
,cinematographer,B.D. Fox Independent,1
,producer,Shiny Object Digital Video Inc.,1
,producer,Underhill Films,1
m,composer,De/Center Communications Inc.,1
,director,Alianza Cinematografica Mexicana S.A. de C.V.,1
m,cinematographer,Cine Grande Corporation,1
,director,Cinematografica del Prado S.A.,1
f,writer,Primer Plano Film Group Video,1
f,writer,Generalitat de Catalunya,1
m,composer,Monolith Video,1
,producer,Alianza Cinematografica Mexicana S.A. de C.V.,1
,producer,Cinematografica del Prado S.A.,1
f,producer,Contender Films,1
f,director,Generalitat de Catalunya,1
m,producer,Triade Films,1
,writer,Modern Films Production,1
f,director,Primer Plano Film Group Video,1
,director,Connoisseur Video,1
,director,Meridian Video,1
f,actress,Den Norske Filmskolen,1
m,producer,Doomraider Mob Productions,1
,director,Dead Flower Films,1
f,actress,Van der Veken Filmwerken,1
,producer,Kaleidescope Media Group,1
,composer,Baggy Underpants,1
,producer,SM Development Corporation (SMDC),1
,director,Dead Flower Productions,1
f,writer,Blvd St Germain des Pres,1
,writer,Dead Flower Films,1
,writer,Dead Flower Productions,1
f,director,Blvd St Germain des Pres,1
f,producer,Two Independent BV,1
m,writer,Soft on Demand,1
f,writer,Ontario Film Development Corporation,1
m,writer,Rendez-vous Pictures,1
f,producer,Ciné-Tamaris/Paramount Home Video,1
,cinematographer,United American Video,1
m,composer,Zondervan,1
,cinematographer,Wardenclyffe Entertainment,1
f,writer,Ciné-Tamaris/Paramount Home Video,1
m,producer,Las producciones del patron,1
,cinematographer,Robert Golden Films,1
m,director,Happy Accident,1
m,writer,Las producciones del patron,1
m,director,Las producciones del patron,1
f,writer,Winstar TV & Video,1
,producer,Escuela de Cinema y Audiovisual Comunidad de Madrid (ECAM),1
m,composer,Goldenring Productions,1
m,director,Rendez-vous Pictures,1
f,director,Ciné-Tamaris/Paramount Home Video,1
,director,Rawhide Pictures,1
f,director,Winstar TV & Video,1
,writer,Rawhide Pictures,1
f,editor,Ciné-Tamaris/Paramount Home Video,1
f,producer,Golden Gate Pictures (II),1
m,cinematographer,Brooklyn Independent Studios,1
m,cinematographer,Made in PM,1
,producer,Independent Cinema Association of the Philippines,1
f,producer,Golden Gate Entertainment,1
m,editor,Pasadena Films,1
,producer,Parade Productions,1
,director,Provideo Production House,1
,producer,Wide Angle Media,1
,director,Vladislav Delonge Production,1
m,cinematographer,DesperaDo,1
f,editor,Escuela Internacional de Cine y Televisión (EICTV),1
m,writer,Bride Productions,1
m,director,Felder Pomus Entertainment,1
m,cinematographer,Wonderland Ave. Films,1
,producer,Davide Sada Films,1
m,producer,iDeal Partners Film Fund,1
m,editor,InterCanadian Video Sales Inc.,1
m,cinematographer,Macari / Edelstein,1
f,writer,Dernière Frontières Films,1
,cinematographer,Render Insensible,1
m,writer,Thunderbird Films,1
m,writer,Schroeder Hoffman Productions,1
m,director,Departure Studios,1
m,director,Departure Entertainment,1
,editor,Liberty or Death Productions,1
f,writer,Les Derniers de Classe,1
f,director,Dernière Frontières Films,1
,director,"Dama de Shanghai, La",1
m,writer,Videomaura,1
,writer,"Dama de Shanghai, La",1
f,director,Les Derniers de Classe,1
,director,Tribeca Flashpoint Media Arts Academy,1
m,director,Videomaura,1
,producer,Blunderland,1
f,actress,Nightshade Productions,1
,producer,The London Film & Video Development Agency (LFVDA),1
m,director,Decima Rosa,1
m,cinematographer,Golden-Culture-Times,1
m,cinematographer,Golden Way Films Ltd.,1
,editor,Academia Jalisciense de Cinematografía,1
m,cinematographer,Shanghai Century Hero Film and Television Cultural Development,1
,producer,Productions Paul Lederman,1
,producer,Les Films de l'Ours,1
m,composer,Code Productions,1
,producer,Super Deluxe,1
m,editor,Rendez-vous Pictures,1
,producer,Tres Minutos Contra el Monstruo del Largometraje,1
f,editor,Dernière Frontières Films,1
m,writer,Rhode Island School of Design,1
f,actress,Crude Experiments,1
,cinematographer,Rudderpost Films,1
,producer,Sideshow Pictures,1
f,editor,Les Derniers de Classe,1
f,producer,Wayfinder Films,1
m,composer,Desert Skye Entertainment,1
f,producer,Les Films de la Suane,1
,writer,Atlas Worldwide Syndications and Distributions,1
,producer,Atlas Worldwide Syndications and Distributions,1
m,producer,Ministère de la Défense,1
,writer,Delfin Studio,1
m,editor,Cinematografica Distributori Indipendenti (CDI),1
f,editor,Niky-Bilder,1
m,editor,America Video,1
f,producer,Thunderhead Films,1
f,actress,De:SIGN,1
f,writer,Lizard Cinema Trade,1
f,director,Le Dernier Cri,1
f,producer,Independent,1
m,editor,Cort/Madden Productions,1
f,writer,Nishimura Motion Picture Model Makers Group,1
,director,Universidad de Cine,1
,writer,Universidad de Cine,1
f,producer,Wiedemann & Berg Television,1
m,editor,Cooperativa de Trabajo Kaos,1
,producer,Vodeotv,1
m,composer,Lourdes Enterprises,1
,director,Comisión Estatal Para la Cultuta y las Artes de Jalisco,1
m,director,Conseil Général de la Dordogne,1
f,producer,Les Films de Beyrouth,1
m,editor,Buena Vista Home Video (BVHV),1
,editor,Look Vídeo,1
,director,Providence Entertainment,1
f,producer,Ministère Libanais de la Culture,1
f,producer,Compagnie des Films,1
f,producer,Interama Video,1
m,editor,Conseil Général de la Dordogne,1
f,actress,Priapic Video,1
m,writer,Delta Airlines,1
m,director,Delta Airlines,1
,director,America Video,1
m,cinematographer,Camara Municipal de Sintra,1
m,producer,ABC Video,1
f,producer,Latitude Media,1
,producer,Mexcinema Video Corp.,1
f,writer,Deepjoy Picture,1
f,producer,The Canada Manitoba Cultural Industries Development Office (CIDO),1
f,actress,Blockade Entertainment,1
m,writer,Bonafide Films,1
f,producer,Villa del Cine,1
m,director,Bonafide Films,1
f,writer,Villa del Cine,1
,cinematographer,Alpha Video Distributors,1
f,writer,Cines Unidos de Venezuela,1
,producer,Outsider Productions,1
,editor,Fundacion Para el Apoyo Fomento y Proteccion del Arte y la Cultura A.C. (FAFOPROAC),1
f,writer,Instituto Cubano del Arte e Industrias Cinematográficos (ICAIC),1
,editor,Francisco Hernández Ascencio Producciones,1
f,director,Villa del Cine,1
m,cinematographer,Vendetta Pictures,1
,director,Codemasters,1
f,director,Cines Unidos de Venezuela,1
m,composer,De Vliegende Hollander,1
m,composer,Conseil Régional de Bretagne,1
f,director,Instituto Cubano del Arte e Industrias Cinematográficos (ICAIC),1
,cinematographer,Fundacion Para el Apoyo Fomento y Proteccion del Arte y la Cultura A.C. (FAFOPROAC),1
,director,Francisco Hernández Ascencio Producciones,1
,director,iDeal Partners Film Fund,1
f,writer,Equipment & Film Design,1
,writer,Video Medien Pool (VMP) GmbH,1
f,actress,Gommiaproduccionindependiete,1
m,composer,Fábrica Brasileira de Imagens,1
f,director,Equipment & Film Design,1
f,producer,Deco L.A. Productions,1
,writer,Francisco Hernández Ascencio Producciones,1
f,editor,York Home Video,1
m,composer,Ovídeo TV S.A.,1
,producer,Francisco Hernández Ascencio Producciones,1
f,actress,Ric de Barros Productions,1
,producer,Delta Filmverleih,1
,writer,Two Independent BV,1
,editor,Underground,1
,composer,HC Video Productions,1
f,writer,Deco L.A. Productions,1
,producer,La Maison de Ecrivains,1
f,writer,Surrey Institute of Art & Design,1
f,producer,Neue Deutsche Filmgesellschaft (NDF),1
f,producer,Deviant Films,1
f,producer,Code Productions,1
f,writer,Code Productions,1
m,director,Ministère de la Défense,1
f,producer,Devils Avalanche Films,1
m,cinematographer,Ide Productions,1
,producer,Niky-Bilder,1
f,writer,Ministère de la Défense,1
m,cinematographer,Underworld Produktions GmbH,1
,editor,Point.360 - Westside,1
f,actress,Denver and Delilah Productions,1
,producer,Lucernafilm Video,1
f,producer,Denver and Delilah Productions,1
f,writer,Ecole Nationale Supérieure des Arts Décoratifs (ENSAD),1
f,writer,Autour de Minuit Productions,1
f,composer,Ecole Nationale Supérieure des Arts Décoratifs (ENSAD),1
,producer,Desert Light Productions,1
,producer,Aurum Design,1
m,cinematographer,DEJ Video Distribution,1
f,composer,Autour de Minuit Productions,1
,producer,Point.360 - Westside,1
f,composer,Kino International Video,1
f,director,Autour de Minuit Productions,1
m,cinematographer,Eike Besuden Filmproduktion GmbH,1
,cinematographer,Shudder Films,1
f,editor,Ecole Nationale Supérieure des Arts Décoratifs (ENSAD),1
,writer,Shudder Films,1
f,composer,Les Films du Lendemain,1
m,director,Animacijas Brigade,1
m,producer,Bootmen Productions (Hilary Linstead-Dein Perry),1
m,editor,Animacijas Brigade,1
f,editor,Autour de Minuit Productions,1
m,director,Bootmen Productions (Hilary Linstead-Dein Perry),1
f,director,Oldenburg International Filmfestival,1
m,director,Minerva Video,1
,director,Alliance Video,1
f,actress,Videofilm,1
m,cinematographer,Destined Media,1
f,director,Independent Partners,1
m,director,Sideways Productions Inc.,1
m,writer,New Vision Video,1
m,cinematographer,Big Sky Video,1
,director,HBO Video,1
m,writer,Uderzo production,1
,composer,De Espona Infografica,1
,director,Office Border Co.,1
,director,40 Creditors and a Deferral,1
f,producer,Surrey Institute of Art & Design,1
,director,Polygram Video and Master Film,1
,director,Thames Video Collection,1
f,editor,Surrey Institute of Art & Design,1
m,cinematographer,Brothers of the Order,1
m,cinematographer,Exclusief Film en Video,1
,writer,Office Border Co.,1
,writer,40 Creditors and a Deferral,1
m,director,Uderzo production,1
f,director,Surrey Institute of Art & Design,1
m,producer,Wide Frame Films,1
f,actress,Identidade Produções,1
,producer,Thames Video Collection,1
f,writer,WonderWorks,1
,composer,Fox Video España S.A.,1
m,cinematographer,TCU Student Filmmakers Association,1
m,director,CBS Video,1
,director,PowerHouse Independent,1
m,cinematographer,Academy Distribuzione,1
f,writer,Nea Kinisi Video,1
f,composer,ARD Degeto Film,1
f,writer,Meteor Home Video,1
f,cinematographer,Sony Video,1
f,cinematographer,20th Century Fox de Argentina,1
m,composer,Kinovideoprokat,1
f,cinematographer,LK-TEL Vídeo,1
f,director,"Alberta Film Development Program of the Alberta Foundation for the Arts, The",1
m,writer,Société des Producteurs de L'Angoa,1
,writer,Academy Video,1
m,producer,AIP Home Video,1
m,director,Société des Producteurs de L'Angoa,1
f,director,WGBH Boston Video,1
,producer,Desert Skye Entertainment,1
f,director,PBS Video,1
m,cinematographer,Devils Avalanche Films,1
,writer,Independant Development,1
f,producer,Golden Girl,1
f,composer,Nintendo Entertainment Analysis and Development (EAD) (I),1
m,cinematographer,Thunderbolt Productions,1
m,director,Starmaker Video,1
m,cinematographer,Warner Home Video Inc.,1
,director,Deraco Productions,1
f,writer,ITI Home Video,1
m,writer,The University of Central Arkansas Dept. of Fine Arts and Communication,1
m,producer,Films del Bungalow,1
f,writer,Independence Film Investments,1
,writer,Antartic Video,1
,editor,macideas,1
m,cinematographer,The University of Central Arkansas Dept. of Fine Arts and Communication,1
m,director,The University of Central Arkansas Dept. of Fine Arts and Communication,1
,editor,Lakeside Concepts,1
m,director,Films del Bungalow,1
m,producer,Supercollider Ltd.,1
,director,Adela Media,1
m,editor,The University of Central Arkansas Dept. of Fine Arts and Communication,1
m,producer,Irresistible Delta,1
,director,macideas,1
m,composer,Videomatica,1
,director,Lakeside Concepts,1
f,writer,Independence Film Investments (IFI),1
m,composer,Project Trident,1
f,producer,Desiderata Productions,1
m,cinematographer,Delirium,1
f,composer,Independence Film Investments,1
m,producer,Association of Independent Video and Filmmakers (AIVF),1
,director,Pôle Image de Liège,1
,director,Nadeo,1
,director,La Compagnie Deschamps et Makeïeff,1
f,composer,Discovery Film & Video Distribution,1
f,composer,Independence Film Investments (IFI),1
f,writer,Universidad Nacional Autónoma de México (UNAM),1
f,editor,Independence Film Investments,1
,director,Dep Distribution,1
f,director,Universidad Nacional Autónoma de México (UNAM),1
m,cinematographer,La Maison de Ecrivains,1
f,editor,Independence Film Investments (IFI),1
m,writer,Strong Video,1
m,cinematographer,Lisa Demberg Productions,1
m,writer,Queeriosity Video Project,1
m,composer,Queeriosity Video Project,1
m,director,Caballero Home Video,1
,composer,Nahdet Masr Films,1
m,composer,Cape Fear Independent Film Network,1
,director,Thunder Bay Pictures,1
,editor,Andes Film Production,1
f,cinematographer,Degeto Film,1
m,director,Queeriosity Video Project,1
f,producer,Lyons Den Productions,1
m,director,Forbidden Films,1
f,cinematographer,Lyons Den Productions,1
,director,Andes Film Production,1
,director,Brynhilde Productions,1
,producer,Jorden Electronics,1
f,editor,Lyons Den Productions,1
m,director,E.I. Independent Video,1
m,producer,Blvd St Germain des Pres,1
f,writer,Tempe Video,1
,producer,Filmförderung Hessen,1
,writer,Thunder Bay Pictures,1
,writer,Andes Film Production,1
,writer,Brynhilde Productions,1
m,cinematographer,Les Films de l'Arlequin,1
f,director,Tempe Video,1
m,writer,Federal Hill Pictures Inc.,1
m,producer,Triad Video,1
f,actress,Centro Cultural del Cine,1
m,composer,Natural Wonders Productions,1
,editor,Underworld Produktions GmbH,1
m,writer,Triad Video,1
m,director,Triad Video,1
m,editor,Triad Video,1
f,composer,Nederlands Film Instituut,1
,producer,Videofield International,1
,director,Nikkatsu Video Films K.K.,1
m,cinematographer,Consorzio per la Tutela del Prosecco di Conegliano-Valdobbiadene,1
m,cinematographer,Regione del Veneto,1
,director,Dark Thunder Productions,1
,producer,Institut des Arts de Diffusion IAD (Louvain-la-Neuve),1
m,composer,Macari / Edelstein,1
,composer,Deep Side Production,1
m,composer,Aniade,1
,producer,Empire Videos,1
,writer,Nikkatsu Video Films K.K.,1
f,composer,Cinema Delicatessen,1
f,actress,Conseil Général de la Drôme,1
f,actress,Ville de Valence,1
f,director,Obshchestvennoe Rossiyskoe Televidenie (ORT),1
m,composer,NTV Video Corporation,1
f,actress,Idea Generation Films,1
m,composer,Ghosthouse Underground,1
,editor,Rank Home Video,1
m,editor,Deya Films,1
f,producer,Gladeyes Films,1
m,writer,Generalitat de Catalunya,1
f,actress,Bandersnatch films,1
,director,ZylinderMeisters,1
,producer,Beijing Fesco Prospect Culture Development,1
,director,Zipheron Design Labs,1
,cinematographer,Desert Wind,1
m,director,Modern Digital,1
f,director,Gladeyes Films,1
m,writer,America Video Film,1
f,actress,theIndianMaiden.com,1
m,writer,Burnside Distribution Company,1
,producer,ZylinderMeisters,1
f,producer,Edel Media & Entertainment,1
f,actress,"Ava Le Fou Brigade, The",1
f,writer,SoftModel,1
m,composer,Cinema Products Video,1
m,writer,America Video,1
m,cinematographer,China Film Media Asia Audio Video Distribution Co.,1
m,producer,Universidad Cardenal Herrera - CEU,1
m,writer,Code 7 Entertainment,1
m,editor,Cinema Products Video,1
m,cinematographer,Light Year Video,1
m,cinematographer,Big Idea Films,1
f,director,SoftModel,1
f,writer,Deviant Pictures,1
f,actress,Forum des Images,1
m,composer,Stichting Produktiefonds voor Nederlandse Films,1
,producer,Adelante Tv Films,1
,editor,Delusion Pictures,1
,director,Wandering Eye Pictures,1
f,producer,Celebrity Video Distribution,1
,director,Burnside Entertainment,1
f,writer,Pip's Garden Company,1
f,producer,Deep River Productions,1
,writer,ABC Film & Video,1
f,producer,Insider Films,1
,director,Delusion Pictures,1
m,composer,Olhos de Cão Produções Cinematográficas,1
f,editor,World Wide Deb Films,1
f,producer,ABC Family Worldwide,1
,director,Roadshow Home Video,1
,composer,Delusion Pictures,1
m,director,Sociedad Anónima del Vídeo (S.A.V.),1
m,editor,Cineplex-Odeon Home Video,1
,director,Academy of Fine Arts Munich,1
f,producer,Sridevi Productions,1
m,producer,Desert Skye Entertainment,1
,writer,Delusion Pictures,1
,writer,Academy of Fine Arts Munich,1
m,producer,KuSLonely Designer,1
,producer,"Furia de Titanes II, A.I.E.",1
f,producer,Desperate Pictures,1
,producer,Academy of Fine Arts Munich,1
m,writer,KuSLonely Designer,1
f,writer,Zomba Video,1
,composer,Ron De Cana Productions,1
f,producer,8th Wonder Entertainment,1
,cinematographer,Moreno Vídeo,1
m,director,KuSLonely Designer,1
f,writer,Liberty or Death Productions,1
f,producer,Pondera,1
f,producer,Snowden Fine Animation,1
,cinematographer,HVA Vídeos,1
f,writer,Snowden Fine Animation,1
f,director,Merseyside Film Production Fund,1
,cinematographer,Filmförderung Hessen,1
f,director,Andhra Pradesh State AIDS Control Society,1
,director,Glyndebourne,1
m,director,Video Maura,1
m,editor,KuSLonely Designer,1
,composer,Underground Film & TV Productions,1
,producer,"Dead Will Rise Studio, The",1
f,director,Snowden Fine Animation,1
,producer,Lava Video,1
m,composer,Underground,1
m,director,Hellas Video,1
m,composer,S/S Fladen Film,1
,composer,Thunder Road Pictures,1
,editor,Office Border Co.,1
,director,Attention to Detail (ATD),1
,director,Freunde der Deutschen Kinemathek,1
,cinematographer,Cinemex Films S.A. de C.V.,1
f,producer,Wonder Mill Films,1
m,cinematographer,Persson-Mothander Film,1
f,producer,Odeon Entertainment,1
m,writer,Bandersnatch films,1
,writer,Freunde der Deutschen Kinemathek,1
m,writer,Cami Video Release,1
f,director,Deviant Pictures,1
m,writer,New York International Film and Video Festival,1
m,director,Burnside Distribution Company,1
f,writer,Trademark Films,1
m,writer,Adela Media,1
m,cinematographer,Bandersnatch films,1
f,producer,A Smith Side Entertainment,1
f,director,H&E Videos,1
f,producer,Deviant Pictures,1
m,editor,Video Medien Pool (VMP) GmbH,1
f,producer,Fantasy Home Video,1
m,director,Bandersnatch films,1
m,director,New York International Film and Video Festival,1
,editor,Pan Vision Publishing Video,1
f,editor,Hemdale Home Video,1
m,editor,Bandersnatch films,1
m,composer,Blue Gardenia Productions,1
m,editor,New York International Film and Video Festival,1
m,composer,Spiderwick Productions,1
f,writer,Fantasy Home Video,1
f,actress,no BIG deal productions,1
f,director,World Wide Deb Films,1
f,director,Fantasy Home Video,1
f,writer,Ministry of Culture of the Russian Federation,1
,producer,Interlochen Arts Academy,1
,director,Red Devil Productions,1
f,actress,Dead Serious Films,1
f,producer,Videography Productions,1
m,composer,Lefwander Kapitalförvaltning AB,1
m,producer,Vishaldeep International,1
,director,CNR Video,1
,editor,Decraien Films,1
,writer,Red Devil Productions,1
m,writer,Concorde Anois,1
f,cinematographer,PlayArte Home Vídeo,1
m,producer,Red Desert Films,1
m,composer,Mail Order Comedy,1
,director,Decraien Films,1
f,cinematographer,Media for Development Trust,1
m,writer,Frederick S. Pierce Company,1
,cinematographer,Behaviour Worldwide,1
m,editor,Latitude Productions,1
f,actress,Shooting Star Video Distribution BV,1
f,writer,Shooting Star Video Distribution BV,1
f,writer,ABC Video,1
m,director,Double Decher Productions,1
,writer,Avid Home Video,1
m,producer,Academy Distribuzione,1
f,actress,Cooperativa Productora Chupadero,1
,editor,Suspended Animations,1
f,editor,Mitteldeutsche Medienförderung (MDM),1
,director,Anthony DeRouen,1
,cinematographer,Eden Productions,1
,editor,Made on a Bank Loan Production,1
m,cinematographer,Hérodiade,1
f,producer,Vende-se Filmes,1
f,writer,Légende Films,1
,director,Anthony DeRouen Productions,1
f,producer,Light Year Video,1
f,director,Société Générale des Industries Culturelles du Québec (SOGIC),1
f,writer,CBS Worldwide Inc.,1
f,producer,Odeon Rybarczyk Productions,1
m,writer,De Film,1
,director,Amazon Instant Video,1
,director,New Horizons Home Video,1
f,composer,Concorde Home Entertainment,1
f,composer,Academy Entertainment,1
f,producer,Modern Audio (International) Ltd.,1
m,director,A-1 Kino Video,1
f,editor,Wide Pictures,1
m,director,Desert Eagle Productions,1
m,composer,"Fonds d'Action de la Sacem, Le",1
m,director,De Film,1
,director,Photographic Design Labs,1
f,producer,Sincronía Films S.A. de C.V.,1
f,producer,Dezenove Filmes,1
f,writer,Voladero Films,1
m,producer,BFS Video,1
f,producer,Dezenove Som e Imagem,1
f,writer,Théâtre National de Strasbourg,1
f,writer,Consejo Para la Cultura y las Artes de Nuevo Leon (Conarte),1
,producer,DefCon One Productions,1
f,director,Voladero Films,1
f,writer,A&E Home Video,1
m,editor,Wonderworld Studios,1
,director,Zapata Design,1
,cinematographer,Academy Pictures,1
,cinematographer,TideRock Films,1
,writer,Time-Life Video & Television,1
f,producer,De Cuernos Al Abismo,1
f,producer,Kiss of Death Productions,1
m,composer,Sender Freies Berlin (SFB),1
,editor,Suzanne DeLaurentiis Productions,1
m,director,Secretaria da Cultura da Prefeitura Municipal de São Vicente,1
m,editor,Secretaria da Cultura da Prefeitura Municipal de São Vicente,1
m,director,PBS Home Video,1
f,director,Théâtre National de Strasbourg,1
f,director,Consejo Para la Cultura y las Artes de Nuevo Leon (Conarte),1
f,editor,3 Sides Entertainment,1
m,cinematographer,Schroeder Hoffman Productions,1
m,cinematographer,Obshchestvennoye Rossijskoye Televideniye (ORT) Video,1
m,cinematographer,Producciones Torreón S.A. de C.V.,1
f,producer,World Wide Multi Media,1
,director,Film Studio INDEKS,1
,director,Jorden Electronics,1
m,writer,Les Films de l'Isle,1
f,director,La Communauté Urbaine de Strasbourg,1
m,director,Les Films de l'Isle,1
f,producer,Skillset Screen Academy Wales,1
,director,LA Independent Film & Entertainment L.I.F.E.,1
m,writer,Arrow Film & Video,1
f,producer,Branded Entertainment/Batfilm Productions,1
m,writer,Videovision Entertainment,1
m,director,Videoload,1
m,director,Maria Grüner Kindertheater,1
m,editor,Maria Grüner Kindertheater,1
,writer,Film Studio INDEKS,1
m,composer,Cinematografica del Sur,1
m,composer,Conseil Général de l'Aisne,1
f,director,Cascade Film,1
m,cinematographer,Vestron Video International,1
m,composer,Conseil Régional de Picardie,1
,director,Conquistador Worldwide Media,1
,producer,Cité de Production Médiatique,1
,writer,Conquistador Worldwide Media,1
m,editor,Arkadas Sinema-Video,1
m,composer,Sendeja Films S.A.,1
m,writer,Mascot Video,1
f,cinematographer,World Wide Deb Films,1
m,cinematographer,Conseil Général de la Dordogne,1
m,editor,Instituto Nacional Autónomo de Cinematografía,1
f,producer,Brentwood Home Video,1
,editor,Defender Film Company (II),1
m,director,Mascot Video,1
m,cinematographer,New Yorker Video,1
f,producer,New Golden Digital,1
m,director,Instinct Eden Rock International,1
f,director,Vishaldeep International,1
f,actress,Homemadefilms,1
f,editor,"Ontario Film Development Corporation, The",1
m,cinematographer,Bankside Films,1
m,cinematographer,Filmoteca del Centro Universitario de Estudios Cinematográficos de la UNAM,1
m,cinematographer,Departure Studios,1
m,cinematographer,Departure Entertainment,1
,producer,Wanted Worldwide,1
,producer,University of Art and Design Kassel,1
m,cinematographer,Imagination Worldwide,1
m,producer,La Vinadella,1
,director,Postmodern,1
,composer,Laguna Videospiele,1
m,writer,La Vinadella,1
,director,Columbia Academy,1
,director,Delius Film,1
m,editor,América Vídeo,1
f,writer,Département de la Drôme,1
m,writer,Player Home Video,1
f,actress,Tokyo Raiders,1
,director,Canadian Independent Film and Video Fund,1
f,producer,Dandelion Distribution,1
,writer,Canyon Vídeo,1
f,producer,Merseyside Film Production Fund,1
,cinematographer,Postmodern,1
,writer,Columbia Academy,1
,writer,Delius Film,1
m,writer,Videoload,1
f,writer,DeepEnd Productions,1
m,director,La Vinadella,1
m,composer,Stowarzyszenie Twórców Filmu Animowanego Eksperymentalnego i Video Studio A,1
,writer,Postmodern,1
,writer,Canadian Independent Film and Video Fund,1
,producer,Canyon Vídeo,1
,producer,Postmodern,1
f,writer,Latitude Films,1
m,producer,Golden Boy Productions,1
,writer,Sony Deutschland,1
f,director,DeepEnd Productions,1
m,composer,Junta de Comunidades de Castilla-La Mancha,1
f,director,Latitude Films,1
f,producer,Videovox Stúdió,1
f,producer,Desastre de Cine,1
f,producer,JMC Independent Productions,1
,producer,Anand Video,1
m,director,Cine Grande Corporation,1
f,producer,Outsider Pictures,1
,producer,Modern Audio (International) Ltd.,1
f,writer,Institut Català de les Empreses Culturals (ICEC),1
m,director,Seymour Borde & Associates,1
,cinematographer,Playboy Home Video,1
f,director,JMC Independent Productions,1
,producer,Medien Ideen,1
f,actress,Veryrude Films,1
f,director,Outsider Pictures,1
m,writer,Good Worldwide,1
,director,Single Handed Films,1
m,director,Good Worldwide,1
m,director,Leader Media,1
,writer,Inspidea,1
,producer,Denzel Film Investment,1
,cinematographer,Fort Video,1
,director,Fundacion Para el Apoyo Fomento y Proteccion del Arte y la Cultura A.C. (FAFOPROAC),1
,editor,Vishaldeep International,1
f,director,Orly Adelson Productions,1
,editor,Double Decher Productions,1
f,actress,Independent Pictures (II),1
f,producer,Despot Pictures,1
f,producer,Cosmic Video,1
f,actress,Ideal World Productions,1
,writer,Single Handed Films,1
f,producer,Independent Artists Collaborative,1
f,actress,Déjàvu Deluxe,1
f,actress,Render Insensible,1
,editor,Winson Video,1
,producer,Single Handed Films,1
,editor,ABC Home Video,1
f,editor,Arcade Movie Company,1
m,composer,Fidecine,1
f,director,Render Insensible,1
,producer,Pictures Dept.,1
m,composer,"Gobierno de Aragón, Departamento de Cultura y Turismo",1
f,composer,MTI Home Video,1
f,cinematographer,Divisa Home Video,1
f,cinematographer,C/FP Video,1
,director,Haut Monde,1
,producer,Triade Films,1
,producer,Pundersons Gardens,1
,cinematographer,Outrider Pictures,1
,editor,Filmoimagen S.A. de C.V.,1
m,composer,Caja de Ahorros de La Rioja (Cajarioja),1
m,producer,Unknown Video,1
f,writer,Golders Green Trinity URC,1
,writer,Haut Monde,1
,director,Amuse Video,1
,director,Filmoimagen S.A. de C.V.,1
,director,Becker Home Video,1
,writer,Filmoimagen S.A. de C.V.,1
,director,Denhem Wealth Holdings,1
f,writer,Barnet Brookside,1
f,writer,Providencia,1
m,producer,Player Home Video,1
,cinematographer,Pandering to Karma Productions,1
f,writer,Bodega Films,1
f,director,Providencia,1
m,cinematographer,Fades 2 Black Media Group,1
m,composer,Gobierno de La Rioja,1
f,actress,Diagonalakademin,1
,producer,Inside Films,1
,writer,Delanic Films,1
,editor,Les Aventuriers de l'Image,1
,producer,Filmstudio Demarsh,1
m,director,Player Home Video,1
f,writer,Nordisk Film Video,1
m,producer,Canyon Vídeo,1
,editor,Les films de la Gaïole,1
,director,Les Aventuriers de l'Image,1
,writer,Santo Domingo Film & Music Video,1
,director,Les films de la Gaïole,1
,writer,Les Aventuriers de l'Image,1
,writer,Les films de la Gaïole,1
f,director,Nordisk Film Video,1
m,writer,Dedalus,1
m,cinematographer,Dedalus,1
f,producer,Underground,1
,producer,Deepjoy Picture,1
m,director,Dedalus,1
f,writer,Films del Bungalow,1
m,editor,Dedalus,1
,producer,La Compagnie des Indes,1
,cinematographer,Fisher/Remde Productions,1
m,cinematographer,Craig Anderson Productions,1
f,producer,BoulderLight Pictures,1
,director,Sky Cosmos Development,1
m,editor,Hallmark Video,1
m,cinematographer,Rocket Pictures Home Video,1
f,producer,Undergroundfilm.com,1
m,director,Inspidea,1
f,writer,Société des Producteurs de L'Angoa,1
m,cinematographer,Hollywood Independents,1
,producer,Région des Pays-de-la-Loire,1
m,cinematographer,Sideways Productions Inc.,1
,writer,Sky Cosmos Development,1
f,director,Société des Producteurs de L'Angoa,1
,cinematographer,Michel de Wouters Production,1
m,editor,Cadenza Films B.V.,1
f,actress,Ville de Strasbourg,1
m,director,Ideefixe Productions,1
m,editor,XYZ Desarrollos S.A.,1
f,editor,Camara Municipal de Sintra,1
m,producer,Golden Screen Enterprises,1
m,composer,Jorden Electronics,1
m,composer,Filmax Distr. de Pelic. S.A.,1
f,editor,Maison de la Culture du Havre,1
m,cinematographer,Ideefixe Productions,1
,director,Film Independent,1
,editor,DeepEnd Productions,1
f,actress,Le Deuxième Souffle Films & Associés,1
,director,Angel Underground,1
,director,Zomba Video,1
,editor,Phoenix Independent Film Makers Group,1
f,writer,Gweilo Video,1
f,director,Cannes Home Vídeo,1
m,cinematographer,RQL Design,1
,writer,Film Independent,1
,writer,Angel Underground,1
,director,Phoenix Independent Film Makers Group,1
f,actress,Cine de Garage,1
m,editor,Video Palace House of Distribution,1
m,editor,RQL Design,1
m,director,Desastre de Cine,1
,writer,Les Productions de la Guéville,1
f,producer,Centro Cultural del Cine,1
,writer,Conseil Régional de Bretagne,1
,writer,4 Front Video,1
f,writer,"University of Art and Design Helsinki, Media Lab",1
,producer,Gobierno de la Provincia de San Luis,1
m,writer,Undergo Entertainment,1
f,writer,Turun Taideakatemia,1
f,cinematographer,Turun Taideakatemia,1
f,director,Turun Taideakatemia,1
f,editor,Turun Taideakatemia,1
f,cinematographer,Les Films de l'Etang,1
f,cinematographer,New Video Group,1
,cinematographer,10th Grade Reunion Films,1
m,director,Dentsu Productions Ltd.,1
f,cinematographer,Fonds National de Soutien à la Production Audiovisuelle du Luxembourg,1
,director,Golden Shadow Pictures,1
f,cinematographer,Tradewind Pictures,1
,director,JFTHOI Video,1
,producer,Six Feet Under Films,1
m,director,Pan Vision Publishing Video,1
f,cinematographer,Centre du Cinéma et de l'Audiovisuel de la Communauté Française de Belgique,1
,cinematographer,Golden Shadow Pictures,1
f,producer,Golden Network Asia,1
f,actress,MonstreDe2Caps,1
m,director,Undergo Entertainment,1
m,composer,Centre Promotor de la Imatge (CPI) S.A.,1
f,actress,Ecole Supérieure des Métiers Artistiques (ESMA),1
m,composer,Sincronía Films S.A. de C.V.,1
,composer,Ontario Media Development Corporation Film and Television Tax Credits,1
m,composer,Dezenove Filmes,1
f,editor,Cité de Production Médiatique,1
m,cinematographer,Secretaría de Cultura del Gobierno del Estado de Jalisco,1
,director,West Video,1
f,director,Sony Pictures Worldwide Acquisitions (SPWA),1
m,composer,Equipment & Film Design,1
f,writer,Caradecão Filmes,1
f,writer,Centro Cultural del Cine,1
,writer,Meandering and Philandering,1
m,composer,De Cuernos Al Abismo,1
f,actress,Left Handed Radio,1
,producer,Pequena Central de Produções,1
f,producer,Fort Video,1
,writer,Bootmen Productions (Hilary Linstead-Dein Perry),1
,director,Latvijas Kulturas Akademija,1
f,cinematographer,Centro Cultural del Cine,1
,director,Evidence Films,1
,director,Fox-Walden,1
f,producer,Left Handed Radio,1
f,producer,Wandering Films,1
m,cinematographer,Delta Films,1
m,director,Borden and Rosenbush Entertainment,1
,editor,Esselte CIC Video,1
f,editor,Left Handed Radio,1
f,editor,Instituto de Crédito Oficial (ICO),1
,director,Walden Media,1
,editor,Wolfgang Odelga Filmproduktion GmbH,1
,director,20th Century Fox Film de Mexico,1
f,editor,Desastre de Cine,1
f,editor,Instituto de la Cinematografía y de las Artes Audiovisuales (ICAA),1
f,editor,Institut Català de les Empreses Culturals (ICEC),1
f,writer,World Wide Deb Films,1
m,director,Compagnie des Phares et Balises,1
m,writer,Greenwood/Cooper Video,1
m,director,Buena Vista Home Video (BVHV),1
f,editor,ICF Institut Català de Finances,1
m,director,Playboy Home Video,1
f,producer,VideoSif,1
m,director,Unknown Video,1
m,writer,RCA Home Video,1
f,writer,BIG Home Video,1
f,cinematographer,New Ogden Cinema,1
m,writer,"Fonds d'Action de la Sacem, Le",1
f,editor,Grandelusions Films,1
m,composer,Denis Friedman Productions,1
f,director,BIG Home Video,1
m,writer,Wiedemann & Berg Television,1
,editor,Riverside Productions,1
f,writer,Double Wide Media,1
,director,Sociedad General de Televisión (Sogetel),1
f,actress,Orissa Film Development Corporation,1
f,director,Double Wide Media,1
,editor,Hand Made Heroes Film & Television,1
f,producer,Denial Venture,1
f,producer,Disorder Productions,1
,director,Caméra Club de Genève,1
f,producer,VZ-Handelsgesellschaft,1
,cinematographer,Antartic Video,1
,composer,Mad.By.Design Studios,1
f,editor,CNR Film & Video,1
,cinematographer,Riverside Productions,1
m,cinematographer,CBS Video,1
m,cinematographer,E.I. Independent Video,1
,director,Hand Made Heroes Film & Television,1
m,cinematographer,VideoSif,1
f,editor,Dualstar Home Video,1
f,writer,Gideon Production Group,1
f,writer,Tri Destined Independent,1
,director,Vende-se Filmes,1
f,cinematographer,Gideon Production Group,1
m,director,Deadline Film AS,1
f,writer,Tri Destined Studios,1
f,editor,Deutsche Film- und Fernsehakademie Berlin (DFFB),1
m,composer,Academy of Amusement Media,1
,producer,Meteor Home Video,1
f,director,Gideon Production Group,1
,writer,Vende-se Filmes,1
f,producer,Brideshead Films,1
f,producer,Generalitat de Catalunya,1
f,producer,Video Medien Pool (VMP) GmbH,1
m,cinematographer,Perro Verde Films,1
f,producer,VTI Home Vídeo,1
f,producer,De Moyer Entertaiment,1
m,director,Commission Télévision de la Procirep,1
m,cinematographer,Agence Nationale pour la Cohésion Sociale et l'Egalité des Chances (ACSE),1
f,writer,De Moyer Entertaiment,1
f,director,De Moyer Entertaiment,1
f,actress,Anthony DeRouen Productions,1
m,cinematographer,Fonds Images de la Diversité,1
f,producer,40 Creditors and a Deferral,1
,cinematographer,Team Video Plus,1
f,director,Turner Home Video,1
f,editor,De Moyer Entertaiment,1
,editor,RiverWide Productions,1
f,actress,Anthony DeRouen,1
f,cinematographer,Norddeutscher Rundfunk (NDR),1
m,producer,Office Border Co.,1
,director,DeFamilieJanssen (DFJ),1
,director,RiverWide Productions,1
f,producer,Instituto Nacional Autónomo de Cinematografía,1
,producer,RiverWide Productions,1
m,cinematographer,London Film Academy,1
f,producer,Universidad Nacional Autónoma de México (UNAM),1
f,producer,Trademark Films,1
f,producer,Escuela de Cinematografía y Actuación de Monterrey The Films Workshops,1
,producer,International Video Entertainment (IVE),1
f,cinematographer,iDeal Partners Film Fund,1
m,producer,Polygram Video and Master Film,1
f,actress,The Wooden Lens,1
f,actress,"Centro de Proyectos Cinematográficos del ITESM, Campus Monterrey",1
,producer,Hand Made Heroes Film & Television,1
,director,Liquid Amber Design,1
f,writer,Escuela de Cinematografía y Actuación de Monterrey The Films Workshops,1
f,producer,Studio Babelsberg Independents,1
f,producer,Sideshow,1
f,director,Oficinas Experimentais de Cinema,1
,writer,Liquid Amber Design,1
m,producer,Ektoderm,1
,cinematographer,Producciones Alfa Audiovisual S.A. de C.V.,1
m,cinematographer,NBC Home Video,1
,producer,Producciones Alfa Audiovisual S.A. de C.V.,1
,director,Independent Film Sales,1
m,cinematographer,Independent Film Sales,1
f,actress,Deck of Cards Entertainment,1
f,producer,Euripide Distribution,1
m,composer,Riverside Productions,1
m,cinematographer,Deepa Mehta Films,1
f,actress,Underdog Media,1
f,producer,Frederator Studios,1
m,writer,Les Cinémas de la Zone,1
m,writer,Lanterna de Pedra Filmes,1
f,producer,Underdog Media,1
,director,China Vídeo,1
m,director,Les Cinémas de la Zone,1
m,director,Lanterna de Pedra Filmes,1
f,writer,Underdog Media,1
m,composer,Aldebaran Films Ltd.,1
,cinematographer,National Film Development Corporation,1
m,editor,Les Cinémas de la Zone,1
f,director,Underdog Media,1
m,writer,Deer Head Productions,1
f,director,Frederator Studios,1
,director,Media Development Authority (MDA),1
m,editor,Galaxia Digital Video,1
f,producer,Société Générale des Industries Culturelles du Québec (SOGIC),1
m,director,Deer Head Productions,1
m,editor,Lanterna de Pedra Filmes,1
f,writer,Tandem Filmproduktion,1
m,composer,"Ville de Lausanne, La",1
f,producer,Office Fédéral de la Culture,1
f,writer,Alberta Film Development Program of the Alberta Government,1
f,producer,Télévision Suisse-Romande (TSR),1
m,editor,Edenwood,1
m,writer,Polygram Video and Master Film,1
,director,Federal Film Reserve,1
m,editor,Nu Visión de Argentina,1
m,composer,Central de Producciones Audiovisuales S.L.,1
m,composer,"Ville de Renens, La",1
f,writer,Nu Visión de Argentina,1
m,writer,Ektoderm,1
f,producer,Swing Home Vídeo,1
,director,A-1 Kino Video,1
f,cinematographer,Roadside Attractions,1
f,producer,Delicious the Film,1
f,writer,Delicious the Film,1
m,director,Ektoderm,1
f,director,HandMade Films,1
f,producer,Gideon Productions,1
,cinematographer,Thunderhead Productions,1
m,writer,Adesif Productions,1
m,editor,Ektoderm,1
m,editor,Short Pictures Independent,1
m,editor,Video Team,1
,editor,Vestron Video International,1
f,director,Delicious the Film,1
,writer,World Wide Entertainment,1
f,director,Verdecchi Film,1
,editor,Transcendental Audio,1
m,director,Adesif Productions,1
m,writer,Edenwood,1
,producer,Trianon Vídeo,1
m,cinematographer,The Federation,1
,director,Regent Worldwide Sales,1
,producer,South African Film and Video Services,1
f,editor,Sony Deutschland,1
,editor,Like Minded Media,1
,writer,Gag Order Films,1
m,editor,Studio Film Bilder,1
f,writer,"BKM, kulturelle Filmförderung des Bundes",1
,producer,World Wide Entertainment,1
f,composer,Monarch Home Video,1
m,cinematographer,Queeriosity Video Project,1
m,director,Edenwood,1
,writer,Regent Worldwide Sales,1
f,producer,John Wilder Nightwatch Productions,1
,director,Like Minded Media,1
f,writer,John Wilder Nightwatch Productions,1
,producer,Underground Railroad Company,1
,writer,Like Minded Media,1
m,writer,Sony Music Video (SMV) Enterprises,1
f,director,Centro Técnico de Audiovisual/ MinC,1
f,composer,High Fliers Video Distribution,1
m,editor,Nishimura Motion Picture Model Makers Group,1
,editor,Universidad de Monterrey,1
,cinematographer,Academia de Cine de Guadalajara (ACINEG),1
,editor,Irreverente Video Digital,1
,producer,Producciones Tijuana S.A. de C.V.,1
m,director,Ro De Film,1
f,director,Universidade Federal Fluminense (UFF),1
,director,Universidad Politécnica de Valencia,1
f,writer,Abordar - Casa de Películas,1
,director,Universidad de Monterrey,1
,cinematographer,Instituto de Tecnología de Información de Jalisco (IJALTI ),1
,director,Irreverente Video Digital,1
,director,Secretaría de Cultura de Neuquén,1
,composer,Rainbow Home Video,1
,writer,Universidad Politécnica de Valencia,1
,writer,Universidad de Monterrey,1
,cinematographer,Irreverente Video Digital,1
m,director,Pro Video,1
,producer,Universidad de Monterrey,1
,writer,Irreverente Video Digital,1
f,producer,Essex Vídeo España S.A.,1
m,director,Rainbow Home Video,1
,producer,Irreverente Video Digital,1
f,cinematographer,Detour Films,1
m,writer,Sideshow,1
m,director,Endemol Deutschland,1
m,producer,Maria Grüner Kindertheater,1
,composer,Alliance Video,1
m,writer,Conseil Général de la Seine-Saint-Denis,1
m,director,Conseil Général de la Seine-Saint-Denis,1
,producer,Les Films de la Colombe,1
m,director,Exclusief Film en Video,1
,director,Alpha Denshi Co. Ltd.,1
f,producer,Essex Vídeo España S.L.,1
f,writer,Sociedad Anónima del Vídeo (S.A.V.),1
f,producer,Forbidden Films,1
f,writer,Swing Home Vídeo,1
m,writer,Russian Federation of Cinematography,1
m,director,Sonovídeo,1
m,director,"Fonds d'Action de la Sacem, Le",1
f,director,Swing Home Vídeo,1
m,composer,Jade M,1
,editor,Video Production Services,1
,producer,Alpha Denshi Co. Ltd.,1
f,producer,AVU-Video-Vertriebs-GmbH,1
f,writer,Conseil Régional des Pays de la Loire,1
,director,Video Production Services,1
f,writer,Academia de Filmes,1
,cinematographer,Video Production Services,1
,writer,Nuova Accademia delle Belle Arti (NABA),1
f,actress,Noorderlicht Film,1
,producer,Video Production Services,1
,director,United American Video,1
,writer,United American Video,1
,producer,Deepak Arts,1
f,cinematographer,CIC Vídeo,1
f,editor,Evidence Films,1
,producer,Mascot Video,1
,director,Deer Path Productions,1
,producer,Ideefixe Productions,1
,director,Wide Wonder Productions,1
f,cinematographer,Home Box Office Home Video (HBO),1
,writer,Hand Made Heroes Film & Television,1
m,composer,CDE Home Video,1
,director,Serenade Films,1
,writer,Wide Wonder Productions,1
,writer,Deer Path Productions,1
m,producer,Golden Gate Pictures (II),1
,writer,Serenade Films,1
m,producer,Golden Gate Entertainment,1
f,producer,Modesto Film,1
,cinematographer,Stone Dead FX,1
f,editor,Filmtrade - Spentzos Film,1
,director,Dandelion Productions,1
m,writer,Video Stoodeyä,1
,director,Secret Hideout Films,1
,producer,Spiderwood Productions,1
f,actress,Detour Films,1
,editor,MTI Video,1
,writer,Secret Hideout Films,1
f,editor,Alamode Filmverleih,1
f,composer,TimeCode NOLA,1
,producer,Spiderwood Studios,1
,director,MTI Video,1
,cinematographer,Defiant Pictures,1
,producer,Spiderwood Animation Productions,1
m,director,Sideshow Digital,1
f,producer,Cadence Pictures,1
,cinematographer,Riverside Entertainment Group,1
f,writer,Maple Shade Films,1
f,producer,Golden Books Family Entertainment,1
,producer,Demeusy Pictures,1
,cinematographer,Undertow Pictures,1
m,producer,Wonderboy Entertainment,1
,director,Nu Visión de Argentina,1
m,composer,Pip's Garden Company,1
m,director,Sideshow,1
,editor,Canal 6 de Julio,1
f,editor,Ardent Films,1
,director,Denver MP,1
f,editor,Trimark Video,1
f,writer,Fonds National de Soutien à la Production Audiovisuelle du Luxembourg,1
,director,Hey Jude Productions,1
,editor,Blanca Medellín Producciones,1
,editor,Stellarblade,1
,producer,Red de América Latina,1
,director,Canal 6 de Julio,1
,writer,Denver MP,1
m,composer,Seaside Pictures,1
,director,Blanca Medellín Producciones,1
,director,Stellarblade,1
f,producer,Destiny Image Films,1
,writer,Canal 6 de Julio,1
f,director,Destiny Image Films,1
,cinematographer,Studio Hamburg WorldWide Pictures,1
,writer,Blanca Medellín Producciones,1
,cinematographer,Stellarblade,1
,producer,Canal 6 de Julio,1
,producer,Blanca Medellín Producciones,1
f,director,Fonds National de Soutien à la Production Audiovisuelle du Luxembourg,1
f,editor,Destiny Image Films,1
m,writer,Esselte CIC Video,1
,writer,Pyramid Home Video,1
f,producer,Wilderness Films,1
,editor,Light Year Video,1
m,writer,Goldenring Productions,1
,editor,Independent Cinema Association of the Philippines,1
,editor,Blonde Melon,1
,producer,Camara Municipal de Sintra,1
,producer,Delaware Pictures,1
f,actress,Videoasia,1
,director,Eva Merz PhotoDesign,1
m,cinematographer,Golden Gate Pictures (II),1
,writer,Eva Merz PhotoDesign,1
m,editor,Sideshow Digital,1
,producer,Eva Merz PhotoDesign,1
,producer,Sérénade Distribution,1
,director,Dualstar Home Video,1
,producer,RQL Design,1
f,writer,Wilderness Films,1
,writer,Rudderpost Films,1
m,producer,Right Minded Productions,1
f,editor,Video Palace House of Distribution,1
,editor,Horwitz Independent Productions,1
m,producer,Producciones Rodas S.A. de C.V.,1
m,cinematographer,Golden Gate Entertainment,1
f,writer,DeriveApprodi,1
,director,Antartic Video,1
m,editor,Sendel Producciones,1
m,director,Wizard Video,1
m,editor,Lauren Films Video Hogar S.A.,1
,director,Horwitz Independent Productions,1
,cinematographer,Jour de Sete Films,1
m,editor,Sideshow,1
f,producer,By the River's Side Films,1
m,cinematographer,Obsidian Order,1
,writer,Horwitz Independent Productions,1
,editor,Les Productions de la Géode,1
m,editor,Les Films de la Baleine,1
m,writer,Ric de Barros Productions,1
,director,Applause Home Video,1
f,producer,Modelink,1
m,director,Right Minded Productions,1
,editor,Videal GmbH,1
m,director,Golden Gate Pictures (II),1
,director,Borderland Productions,1
,producer,AkademskiFilmski Centar Dom Kulture Studentski Grad (AFC),1
f,actress,Sky Eagle Worldwide Holdings,1
,editor,Raedon Video,1
m,composer,Denial Venture,1
,director,York Home Video,1
,writer,Borderland Productions,1
,producer,Akademski Filmski centar Dom Kulture Studentski Grad (AFC),1
f,producer,Videovision Entertainment,1
f,director,Instituto de la Cinematografía y de las Artes Audiovisuales (ICAA),1
m,composer,VZ-Handelsgesellschaft,1
f,cinematographer,The London Film & Video Development Agency (LFVDA),1
m,director,Wonderboy Entertainment,1
m,writer,Modern Digital,1
m,writer,Wandering Star Pictures,1
f,producer,Voladero Espacio Cultural,1
m,editor,Right Minded Productions,1
m,director,Wandering Star Pictures,1
,producer,Noorderlicht Film,1
f,director,The London Film & Video Development Agency (LFVDA),1
f,producer,Centre du Cinéma et de l'Audiovisuel de la Communauté Française de Belgique,1
,producer,Den Norske Filmskolen,1
m,director,Golden Gate Entertainment,1
m,composer,Underdog Productions,1
,writer,Bevis Film and Video,1
f,producer,The Czech Republic State Fund for Support and Development of Cinematography,1
m,editor,Wonderboy Entertainment,1
f,actress,Pundersons Gardens,1
,director,Voladero Films,1
f,actress,Video 10 Distributors,1
m,cinematographer,Videovision Entertainment,1
,writer,Voladero Films,1
m,cinematographer,Sendel Producciones,1
,director,"Constelacion Films, SA de CV",1
f,producer,Conseil Régional des Pays de la Loire,1
,producer,Fundação de Serralves,1
f,writer,Intellectual Properties Worldwide (I),1
m,director,Sony Music Video (SMV) Enterprises,1
m,director,Sendel Producciones,1
m,writer,ITC Home Video,1
m,cinematographer,Arrow Film & Video,1
f,composer,DeepStudios,1
m,composer,Cooperativa de Trabajo Felei,1
m,director,ITC Home Video,1
,cinematographer,"Ville de Renens, La",1
f,writer,Ide Productions,1
f,writer,Odyssey Video,1
,cinematographer,"Ville de Lausanne, La",1
m,cinematographer,Tandem Films,1
f,composer,Navidi-Wilde Productions Ltd.,1
f,producer,Like Minded Media,1
f,actress,DeepEnd Productions,1
m,writer,Bright Idea Entertainment,1
,producer,DEREVO,1
f,writer,Like Minded Media,1
m,director,independent players GmbH,1
m,cinematographer,Tide Rock Entertainment,1
m,cinematographer,Living Dead Guy Productions,1
m,composer,Demarest Films,1
f,composer,Metropolitan Film & Video,1
m,cinematographer,Multivideo,1
m,composer,Wellmade Entertainment,1
m,composer,"Furia de Titanes II, A.I.E.",1
,director,Diagonalakademin,1
m,composer,Universidad Politécnica de Valencia,1
,producer,Tempe Video,1
f,composer,Nina Saxon Film Design,1
m,producer,Forbidden City Films,1
f,composer,Mandeville Films,1
,editor,Thunderhead Films,1
,cinematographer,Diagonalakademin,1
m,producer,Idea Bank & Creation,1
f,composer,Sony Deutschland,1
,writer,Diagonalakademin,1
f,composer,Fox Video,1
,writer,Thunderhead Films,1
,producer,Diagonalakademin,1
f,composer,Krause & Schneider Multimedia (KSM),1
f,composer,Videoservice,1
,director,Gobierno de la Provincia de San Luis,1
f,composer,Compañía General de la Imagen (CGI),1
m,composer,Carolina Torn Asunder Inc.,1
m,producer,Truque Produtora de Cinema,1
f,composer,Roadshow Entertainment Video,1
,producer,Ministère de la Culture Italien,1
m,producer,Worldtrade Entertainment,1
f,composer,Worldwide Entertainment Group (WEG),1
f,composer,Vídeo Arte,1
,director,Dezenove Som e Imagem,1
m,writer,Truque Produtora de Cinema,1
m,editor,Association Française des Cinémas d'Art et d'Essai (AFCAE),1
,director,Brandon Whiteside Productions,1
f,writer,Verisimilitude,1
,director,Levelheaded Productions,1
,editor,New York International Film and Video Festival,1
,director,Media Design Interactive (MDI),1
f,director,Verisimilitude,1
m,director,Truque Produtora de Cinema,1
,director,New York International Film and Video Festival,1
,producer,Media Design Interactive (MDI),1
,writer,Dezenove Som e Imagem,1
,producer,International Video 80,1
m,composer,President Films,1
,writer,New York International Film and Video Festival,1
f,composer,Palisades-Tartan Acquisitions,1
m,composer,LNK Video,1
,editor,Deepak Arts,1
m,writer,Eden Arts,1
f,composer,Instituto de Crédito Oficial (ICO),1
m,writer,Ardent Films,1
f,composer,Filmförderungsanstalt (FFA),1
,producer,"Filmógrafo, Estúdio de Cinema de Animação do Porto, Lda.",1
,producer,High-Definition Motion Pictures,1
m,director,Merseyside Film Production Fund,1
,director,"Hijos de Su Madre, Los",1
f,producer,Legal Video,1
m,editor,Lloyds Home Vídeo,1
,cinematographer,Denise Quesnel,1
f,composer,Instituto de la Cinematografía y de las Artes Audiovisuales (ICAA),1
f,writer,Consorzio per la Tutela del Prosecco di Conegliano-Valdobbiadene,1
f,composer,Ripley's Home Video,1
,writer,"Hijos de Su Madre, Los",1
f,composer,Wild Side Vidéo,1
,producer,"Hijos de Su Madre, Los",1
,editor,Secretaría de Cultura del Gobierno del Estado de Jalisco,1
f,writer,Regione del Veneto,1
m,cinematographer,Buena Vista Home Video (BVHV),1
,editor,Instituto Superior de Cine y Artes Audiovisuales N° 10 de Santa Fe,1
m,director,Moving Image Development Agency,1
f,producer,Sky Eagle Worldwide Holdings,1
f,director,Spentzos Film Home Video,1
f,writer,Dolmen Home Video,1
m,director,Xanadeux Company,1
f,editor,Questar Home Video,1
m,editor,"American Independent Film Company, The",1
f,editor,Angel Vídeo,1
m,director,Eden Arts,1
m,composer,Inside Track 2,1
f,editor,Ontario Media Development Corporation (OMDC),1
f,editor,Tandem Communications,1
f,writer,Spiderwood Animation Productions,1
f,writer,Spiderwood Studios,1
m,composer,The Very Idea Inc.,1
,writer,TimeCode NOLA,1
,editor,Fox/Lorber Video,1
,cinematographer,Fifty Three Degrees North,1
,editor,Detour Films,1
f,writer,Spiderwood Productions,1
,editor,Adelaide Film Festival,1
f,editor,Fox-Walden,1
,producer,TimeCode NOLA,1
,director,Fox/Lorber Video,1
,writer,Detour Films,1
m,composer,Eden,1
m,editor,Canyon Vídeo,1
f,editor,Les Films de l'Arlequin,1
,writer,Fox/Lorber Video,1
,director,Village Roadshow Pictures Worldwide,1
,producer,Fox/Lorber Video,1
m,composer,Wonderland Ave. Films,1
f,actress,Under The Tower Productions,1
m,writer,Alfadedis Entertainment,1
m,cinematographer,Conseil Général de l'Aisne,1
f,actress,Movies Independent,1
m,director,Nishimura Motion Picture Model Makers Group,1
f,producer,Sydney Underground Film Festival,1
f,writer,Sydney Underground Film Festival,1
m,composer,"Dun Laoghaire Institute of Art, Design and Technology (DLIADT)",1
f,director,"Filmógrafo, Estúdio de Cinema de Animação do Porto, Lda.",1
m,editor,Metropolitan Film & Video,1
f,director,Sydney Underground Film Festival,1
,director,Centauro Films de Colombia,1
f,editor,Verenigde Arbeiders Radio Amateurs (VARA),1
,editor,Beneath the Facade Productions,1
f,writer,Video Team,1
,director,Code 7 Entertainment,1
m,cinematographer,Adela Media,1
,director,Beneath the Facade Productions,1
f,cinematographer,Liberty or Death Productions,1
f,writer,Mullis Capital Independent,1
,writer,Beneath the Facade Productions,1
m,writer,Concorde Media,1
,producer,Beneath the Facade Productions,1
,producer,Corte y Confección de películas,1
m,cinematographer,Kino International Video,1
f,writer,Medusa Video,1
m,cinematographer,Productions Desmichelles,1
f,director,Medusa Video,1
m,producer,Villa del Cine,1
f,producer,Consorcio Audiovisual de Galicia,1
f,producer,Gardenia Films,1
f,writer,Gardenia Films,1
f,writer,Golden Shadow Pictures,1
,cinematographer,Delta Airlines,1
,editor,Belvedere Entertainment,1
f,director,Gardenia Films,1
f,actress,Collectif des riders et Réalisateurs,1
f,director,Golden Shadow Pictures,1
m,cinematographer,Secretaria para o Desenvolvimento do Audiovisual,1
,editor,120 Degree Films,1
m,cinematographer,Commissão de Valores Mobiliarios,1
,producer,RCA/Columbia Pictures Video,1
f,writer,Phoenix Independent Film Makers Group,1
f,director,Der KurzFilmVerleih,1
,director,Anderson/Hassan Entertainment,1
f,director,Little Gaddesden Productions,1
,cinematographer,Hong Cheng Home Video,1
,editor,Accidental Frame,1
f,director,Ideal World Productions,1
,editor,Benjamín Olalde Producciones,1
,producer,Opéra National de Lyon,1
m,producer,Cinefile Videos,1
f,producer,Pro Video Film & Distribution Kft.,1
,cinematographer,Accidental Frame,1
f,producer,Belvedere Entertainment,1
m,composer,Paramount Pictures Home Video,1
m,composer,Faculty of Dramatic Arts Belgrade,1
f,producer,Barney Home Video,1
m,cinematographer,Independencia Productions,1
m,writer,Cinefile Videos,1
,director,Barcode Films,1
,director,Kindergarten Media,1
,director,A&E Home Video,1
,editor,Sendeja Films S.A.,1
f,writer,Studio Campedelli,1
,editor,Self Destructive Films,1
m,writer,Campede of Stattle,1
f,actress,Arcades Project,1
,producer,Kindergarten Media,1
,cinematographer,Universidad de Cine,1
,director,Self Destructive Films,1
f,producer,Videographe of Montreal,1
,editor,I Made A Movie Studios,1
,cinematographer,Self Destructive Films,1
f,writer,Videographe of Montreal,1
,writer,Self Destructive Films,1
,cinematographer,Villa del Cine,1
,writer,Triad Video,1
f,actress,Wide Angle Media,1
,producer,"Klapa 22, Belgrade",1
m,composer,Boy Under Willow,1
f,producer,Courtside Seats Productions,1
,producer,Federal Hill Pictures Inc.,1
m,composer,Rank Home Video,1
,producer,Sunny Side Up,1
,producer,Famous Video,1
f,writer,Beijing Goldenplate Film,1
,producer,Triad Video,1
m,director,Golden Films,1
f,actress,Golden Boy Productions,1
m,composer,Miguel Ángel García de la Calera Elizarralde,1
m,editor,Internationale Filmproduktion Stella-del-Sud Third,1
m,composer,La Compagnie Deschamps et Makeïeff,1
m,composer,Nadeo,1
f,producer,Deal Productions,1
,producer,Dubbledee Pictures,1
,cinematographer,Caméra Club de Genève,1
,director,American Desi Productions,1
f,producer,Deadline Film AS,1
f,producer,Deck of Cards Entertainment,1
f,writer,Viva Video,1
,director,Orissa Film Development Corporation,1
f,writer,Jade Productions,1
,writer,American Desi Productions,1
m,composer,"Academy of Motion Pictures, Arts & Siences Film Archive, The",1
,producer,Orissa Film Development Corporation,1
f,actress,Code 7 Entertainment,1
m,composer,Pôle Image de Liège,1
f,writer,Xanadeux Company,1
,director,Nickelodeon Digital Animation Studios,1
m,director,Concorde Media,1
f,composer,Columbia TriStar Warner Filmes de Portugal,1
m,composer,Hessische Filmförderung,1
m,producer,HilfertyHouse / Wundergeez,1
,writer,Nickelodeon Digital Animation Studios,1
m,director,HilfertyHouse / Wundergeez,1
m,composer,Grendel Productions Inc.,1
f,actress,Liquid Amber Design,1
,cinematographer,Shade Pictures,1
,director,Newfull Development Company,1
f,composer,Det Danske Filminstitut,1
,director,PBS Home Video,1
,editor,Handel Productions,1
m,composer,Bonton Home Video,1
,director,Edde Entertainment,1
m,cinematographer,Brentwood Home Video,1
,producer,Video Company,1
,editor,Noorderwind,1
f,producer,Fidecine,1
f,writer,Théâtre Musical de Paris Châtelet,1
m,director,Den Danske Filmskole,1
,director,RCA/Columbia-Hoyts Home Video,1
f,actress,Delirium,1
,producer,CIC Video Australia,1
,director,Noorderwind,1
,writer,Newfull Development Company,1
f,producer,Deutsche Columbia Pictures Film Produktion,1
f,actress,Escola Superior de Artes e Design (ESAD.CR),1
,writer,Noorderwind,1
m,cinematographer,BBC Worldwide,1
,producer,Noorderwind,1
,cinematographer,John Wilder Nightwatch Productions,1
m,director,Burnside Entertainment,1
,producer,Samarkanda Cine-Vídeo S.L.,1
f,actress,Instituto Politécnico de Leiria,1
m,composer,Brandella Films,1
f,director,Universidad de Guadalajara,1
m,composer,Jour de Fête Films,1
m,writer,Pack-In-Video,1
f,editor,Ministère de la Culture de la Republique Française,1
m,composer,Filmes de Fundo,1
f,editor,Creative Light Worldwide,1
f,editor,InDigEnt (Independent Digital Entertainment),1
f,producer,Eden,1
m,editor,HilfertyHouse / Wundergeez,1
,director,Renegade Worldwide,1
f,director,Didecine,1
,producer,Exclusief Film en Video,1
f,actress,Miguel Ángel García de la Calera Elizarralde,1
f,editor,Caradecão Filmes,1
,editor,Modern World Entertainment,1
,director,Ride The Warble Films,1
f,composer,CanWest Western Independent Producers Fund,1
,director,Scanner-Rhodes Productions,1
,director,Modern World Entertainment,1
,writer,Ride The Warble Films,1
f,producer,Vishaldeep International,1
f,actress,GoldenTiger Productions,1
,writer,Renegade Worldwide,1
f,director,Team Video Plus,1
f,producer,Bandersnatch Pictures,1
,composer,Modern World Entertainment,1
,producer,Ride The Warble Films,1
f,writer,Bandersnatch Pictures,1
,cinematographer,Modern World Entertainment,1
,producer,Renegade Worldwide,1
f,director,Savannah College of Art & Design,1
f,producer,macideas,1
,writer,Modern World Entertainment,1
,producer,Modern World Entertainment,1
m,composer,HC Video Productions,1
,producer,Cult Video,1
f,producer,Secretaría de Educación Pública,1
f,producer,Departamento de Cultura del Gobierno Vasco,1
m,writer,Handmade Flimfilms,1
,cinematographer,Wonderboy Entertainment,1
f,producer,Instituto del Cine,1
,producer,TCU Student Filmmakers Association,1
m,cinematographer,Handmade Flimfilms,1
,producer,Le Village de Nuit,1
,cinematographer,Instituto Superior de Cine y Artes Audiovisuales N° 10 de Santa Fe,1
,cinematographer,Morell Design Corporation,1
m,director,Handmade Flimfilms,1
,producer,Fantasy Home Video,1
m,editor,Handmade Flimfilms,1
m,cinematographer,Cinematografica del Sur,1
,director,Modesto Film,1
,director,"Omniversum, Den Haag",1
f,producer,Universidad de Guadalajara,1
f,writer,Universidad de Guadalajara,1
,writer,Modesto Film,1
m,producer,Ric de Barros Productions,1
,writer,Sideways Productions Inc.,1
f,composer,Home Box Office Home Video (HBO),1
f,editor,Universidad de Guadalajara,1
f,producer,Hellas Cosmos Video,1
m,cinematographer,Video Company,1
f,producer,Citadel,1
,producer,Adesif Productions,1
,director,defa-spektrum Filmverleih,1
,writer,Rebellion Developments Ltd.,1
f,producer,Région Nord-Pas-de-Calais,1
m,cinematographer,CIC Video Australia,1
f,producer,Hyderabad Innovatives,1
m,composer,120 Degree Films,1
,director,Xscapade Pictures Ltd.,1
,director,Delaware Pictures,1
m,composer,De Moyer Entertaiment,1
m,cinematographer,Jade Productions,1
f,director,Deliberately Obtuse Entertainment,1
m,director,Velarde Films S.L.,1
f,actress,Nickelodeon Digital Animation Studios,1
f,director,Mirabai Films Delhi,1
m,director,General Video,1
,producer,De Volkskrant,1
f,director,Nea Kinisi Video,1
,editor,Sydney Underground Films,1
f,director,Delhi Dot Com,1
m,editor,Videomaura,1
,director,Fifty Three Degrees North,1
,producer,Tides Foundation,1
,producer,Le Studio de Creation Cinematographique du Ministere de la Culture,1
,director,Sydney Underground Films,1
,writer,Fifty Three Degrees North,1
,producer,Funders Workgroup for Sustainable Production and Consumption,1
,writer,Sydney Underground Films,1
f,director,World Wide Cinema,1
,producer,La Générale de Production,1
,producer,Fifty Three Degrees North,1
m,editor,The Federation,1
,producer,L'Académie de France à Rome (Villa Médicis),1
f,producer,Deadly Films,1
,producer,American Video,1
f,producer,Schaf oder Scharf Film,1
,director,Demian Film,1
m,director,Taurus Film Video GmbH,1
,editor,Denise Quesnel,1
,producer,Delirium,1
,producer,Deep Side Production,1
f,writer,Schaf oder Scharf Film,1
f,director,Schaf oder Scharf Film,1
f,actress,Asociación Cine de Móstoles,1
,cinematographer,Wanda Distribución Cinematográfica de Films S.A.,1
,director,Nickelodeon/MTV Networks,1
,producer,Videoasia,1
,producer,BWE Video,1
,writer,Demian Film,1
m,editor,Scott Sanders Productions,1
f,director,Ovídeo TV S.A.,1
,director,Denise Quesnel,1
m,writer,Empire Video,1
,editor,Sociedade Independente de Comunicação (SIC),1
f,editor,Jade Productions,1
,producer,Demian Film,1
m,director,Empire Video,1
f,actress,Decraien Films,1
f,producer,Decraien Films,1
m,composer,Orissa Film Development Corporation,1
,producer,Denise Quesnel,1
m,composer,Skillset Screen Academy Wales,1
m,producer,Widescream Producciones,1
f,producer,Media Development,1
f,producer,Région des Pays-de-la-Loire,1
,cinematographer,Salto de Eje Producciones Cinematográficas S.L.,1
,director,Centre d'Estudis Cinematogràfics de Catalunya (CECC),1
,writer,Library Video Company,1
,director,Les Ateliers de l'Arche,1
f,director,Filmverlag der Autoren,1
m,editor,Motherlode,1
,writer,Centre d'Estudis Cinematogràfics de Catalunya (CECC),1
,director,Independent Productions,1
,producer,De Filmfabriek,1
f,producer,C.R.R.A.V. Nord Pas de Calais,1
,director,Instituto de la Cinematografía y de las Artes Audiovisuales (ICAA),1
m,writer,Underground Railroad Company,1
,director,Fonds Film in Vlaanderen,1
,director,Cooperativa de Trabajo Caloi en su Tinta,1
m,director,Underground Railroad Company,1
,producer,Vlaamse Gemeenschapscommissie van het Brussels Hoofdstedelijk Gewest,1
,director,Euripide Productions,1
,writer,Independent Productions,1
f,writer,Universidad Autonoma de Barcelona (UAB),1
m,director,Golden Horn Films,1
f,cinematographer,Universidad Autonoma de Barcelona (UAB),1
m,composer,Hong Cheng Home Video,1
f,actress,Band of Outsiders Films,1
,producer,Independent Productions,1
f,director,Universidad Autonoma de Barcelona (UAB),1
,producer,Wunderbar Films,1
f,editor,Universidad Autonoma de Barcelona (UAB),1
,editor,Delphic Insight,1
f,editor,Bootmen Productions (Hilary Linstead-Dein Perry),1
,editor,Independent Student Media,1
,editor,Filme de Papel,1
m,director,RCA/Columbia-Hoyts Home Video,1
,editor,Dead Flower Films,1
m,editor,Underground Railroad Company,1
,director,Soyuz Video,1
m,editor,Endemol Deutschland,1
,director,Delphic Insight,1
,producer,Dead Flower Films,1
,producer,Videomax,1
,writer,Delphic Insight,1
m,director,Columbia TriStar Comercio Internacional (Madeira) Ltda.,1
,producer,Delphic Insight,1
,writer,OhRadevski,1
m,producer,Ro De Film,1
m,director,International Traders,1
m,editor,Concorde Media,1
m,producer,Pro Video,1
,director,The Very Idea Inc.,1
m,director,Corte y Confección de películas,1
,producer,Lourdes Enterprises,1
,writer,The Very Idea Inc.,1
f,composer,Conquistador Worldwide Media,1
m,producer,Ideal Standard Film,1
,producer,Deviant Pictures,1
m,editor,Lindemann Entertainment Group,1
f,writer,Central de Producciones Audiovisuales S.L.,1
,cinematographer,Coram Deo Studios,1
f,writer,Filmverlag der Autoren,1
f,director,Creativos Asociados de Radio y Televisión (CARTEL),1
m,producer,Companhia de Imagem,1
,writer,Underground,1
f,director,Central de Producciones Audiovisuales S.L.,1
,cinematographer,Diva Video Entertainment,1
f,director,Deutsche Film (DEFA),1
,editor,Media for Development Trust,1
f,writer,Video Data Bank,1
,director,Fisher/Remde Productions,1
m,editor,Deluxe Australia,1
,director,Tecnologico de Monterrey Campus,1
m,writer,Widescream Producciones,1
,writer,macideas,1
,writer,"Omniversum, Den Haag",1
,director,GMA Records Home Video,1
,writer,Fisher/Remde Productions,1
m,director,Widescream Producciones,1
m,composer,The Canada Manitoba Cultural Industries Development Office (CIDO),1
,producer,Fisher/Remde Productions,1
m,composer,Cinexus Bordertown Cafe,1
m,editor,Corte y Confección de películas,1
,producer,Corazón de Melón,1
,director,Ateliers de Baere,1
f,producer,Video Data Bank,1
m,writer,Decima Rosa,1
m,director,Companhia de Imagem,1
f,director,Video Data Bank,1
m,composer,Ideogram Films,1
f,editor,Video Data Bank,1
f,producer,Autour de Minuit Productions,1
f,producer,Canyon Vídeo,1
,director,Media for Development Trust,1
,writer,Media for Development Trust,1
f,actress,Codemasters Online Gaming,1
,writer,MMDP Munich Movie Development & Production GmbH & Co. Project KG,1
f,actress,In Spades Productions,1
f,cinematographer,PBS Home Video,1
,producer,Palawood Development Inc.,1
f,composer,Cannes Home Vídeo,1
f,actress,Please Provide Pictures,1
m,composer,Hidden Forest Studios,1
,writer,Citadel,1
f,director,Compañía General de la Imagen (CGI),1
,writer,Didecine,1
,editor,ITC Home Video,1
,writer,"Dirección de Investigación, Desarrollo Tecnológico y Experimentación Cinematográfica y de Cortometraje",1
m,writer,Raul Cardenas Producciones,1
m,editor,Delta Pictures,1
f,composer,Home Video Hellas (HVH),1
,cinematographer,Defender Film Company (II),1
m,editor,WMA Independent,1
m,producer,Render Insensible,1
f,actress,Deep See Productions,1
,producer,Emily Carr Institute of Art + Design,1
,cinematographer,Beneath the Facade Productions,1
,producer,Vassar College Drama & Film Department,1
f,producer,Dead Serious Films,1
m,director,Les Films de la Boissière,1
,cinematographer,de Prume Productions,1
m,composer,Jonas al dente,1
m,editor,Super Grande Films,1
,writer,Les Productions de la Géode,1
m,composer,Odeon Pictures,1
m,writer,Goldeco Pictures,1
m,writer,TVS Endemann,1
,writer,Escola de Imaxe e Son,1
,producer,de Prume Productions,1
,cinematographer,Dead at 40 Productions,1
m,writer,Infodel Media,1
,editor,The Fundacion del Nuevo Cine Latinoamericano,1
,editor,Idea Generation Films,1
,director,"Alberta Film Development Program of the Alberta Foundation for the Arts, The",1
,cinematographer,Red Devil Productions,1
f,editor,Gag Order Films,1
,writer,Consellería de Cultura e Comunicación Social,1
,director,Idea Generation Films,1
,writer,Pasadena Films,1
m,writer,Scheherazade,1
,editor,Gobierno del Estado de Chiapas,1
,writer,Idea Generation Films,1
f,actress,Les Films de l'Isle,1
,writer,Insider Films,1
,producer,Consellería de Cultura e Comunicación Social,1
,producer,Idea Generation Films,1
m,director,La Esquina del Cine,1
m,director,Raul Cardenas Producciones,1
f,cinematographer,Les Films de l'Arlequin,1
,producer,Les Films des Trois Univers,1
,producer,Instituto Cubano del Libro,1
,director,Movies Independent,1
m,director,TVS Endemann,1
m,writer,Prelude2Cinema,1
,producer,Gideon Production Group,1
m,director,Infodel Media,1
f,composer,Happy Accident Productions,1
,writer,Movies Independent,1
m,editor,Forbidden City Studios,1
,producer,Earthly Delights Films,1
f,producer,Sociedade Independente de Comunicação (SIC),1
m,cinematographer,Prelude2Cinema,1
m,director,Prelude2Cinema,1
m,writer,Independent Pictures (III),1
,cinematographer,Nexus Cinema e Vídeo,1
,editor,PolyGram Home Video,1
m,director,Independent Pictures (III),1
f,cinematographer,Netherlands Film and Television Academy,1
,editor,Radiant Design,1
,editor,"Ava Le Fou Brigade, The",1
f,writer,Hart Sharp Video,1
,producer,Independencia Productions,1
,editor,After Movies Video System,1
m,cinematographer,Little Gaddesden Productions,1
m,editor,Maison de Cinema,1
f,writer,Deepa Mehta Films,1
,producer,Taller de la Luz,1
m,writer,La Esquina del Cine,1
f,director,Deepa Mehta Films,1
,director,After Movies Video System,1
,editor,Corazón de Melón,1
m,writer,Guerilla Wanderers Films,1
f,director,Shemaroo Video Pvt. Ltd.,1
f,editor,Cine-Clube de Avanca,1
,writer,After Movies Video System,1
m,producer,Independencia Productions,1
,producer,Consejo Nacional de Fomento Educativo,1
m,editor,Casa Kafka Pictures Movie Tax Shelter Empowered by Dexia,1
,producer,Radiant Design,1
,producer,Underjord Produktion,1
m,cinematographer,Peliculas Mexicanas en Video S.A.,1
m,editor,Escuela de Cine de Chile,1
m,writer,Avex Mode,1
m,director,Guerilla Wanderers Films,1
m,cinematographer,Trade One,1
,director,Government of Albera Students Finance Board,1
m,producer,Zoë Mode,1
,producer,Ass Video,1
m,cinematographer,740 Sound Design,1
f,writer,New Video,1
m,director,Producciones Alfa Audiovisual S.A. de C.V.,1
,director,Alberta Film and Video Arts Fund,1
m,editor,Jovem Pan Home Vídeo,1
m,producer,Région des Pays-de-la-Loire,1
f,composer,Cineplex Odeon Films,1
f,composer,Tartan Video,1
m,editor,Les Films de la Suane,1
,cinematographer,Emerson Independent Video,1
,composer,Frederick Films,1
f,composer,Cineplex-Odeon Home Video,1
,editor,Providencia,1
m,editor,Velarde Films S.L.,1
f,composer,New Video,1
m,director,Michael Alden Productions,1
m,editor,General Video,1
m,editor,Groupement National des Cinémas de Recherche (GNCR),1
f,producer,Fox-Walden,1
,producer,Character Builders,1
f,writer,Junta de Comunidades de Castilla-La Mancha,1
m,editor,Taurus Film Video GmbH,1
m,producer,C.R.R.A.V. Nord Pas de Calais,1
,editor,SM Development Corporation (SMDC),1
,editor,Cinema Vendetta,1
,producer,Suspended Animations,1
,producer,Instituto de Capacitación Cinematográfica,1
,producer,Scott Sanders Productions,1
,editor,Rudderpost Films,1
f,writer,Atelier Cinéma de Normandie (ACCAAN),1
,director,Rudderpost Films,1
f,writer,Ciudad de la Luz,1
m,composer,Universidad Autonoma de Barcelona (UAB),1
m,producer,Süddeutscher Rundfunk (SDR),1
,editor,Deer Head Productions,1
m,cinematographer,Monarch Video,1
f,director,Atelier Cinéma de Normandie (ACCAAN),1
,producer,Devyank Arts,1
,producer,The Game Des!gners Studio,1
,editor,Independent Stories,1
,producer,Independent Stories,1
,editor,Crea Video Oy,1
,director,Crea Video Oy,1
,writer,Crea Video Oy,1
f,editor,The Canada Manitoba Cultural Industries Development Office (CIDO),1
f,director,J.J. Sedelmaier Productions,1
,director,Media Desk Hellas,1
,producer,Fade 2 Black Films,1
,writer,Media Desk Hellas,1
f,actress,Emily Carr Institute of Art + Design,1
f,editor,Cinexus Bordertown Cafe,1
,cinematographer,Szupermodern,1
,writer,Landesman Productions,1
,producer,Szupermodern,1
,producer,Landesman Productions,1
,editor,ABC Film & Video,1
f,writer,Cosmic Video,1
,producer,Maison de la Culture du Havre,1
f,producer,Emily Carr Institute of Art + Design,1
,producer,Joyful Founder,1
,producer,Secretaria da Cultura da Prefeitura Municipal de São Vicente,1
,cinematographer,Golden Tooth Productions,1
,producer,Greenerside Productions,1
,writer,DED Films,1
m,composer,Made in PM,1
,director,Palau de les Arts Reina Sofía,1
f,director,Coop Vidéo de Montréal,1
f,writer,Videomaura,1
,cinematographer,Samarkanda Cine-Vídeo S.L.,1
,cinematographer,Pilton Video,1
,cinematographer,Edinburgh Skillset Screen and Media Academy,1
f,writer,Bayerische Landesanstalt für Aufbaufinanzierung,1
,producer,Grupo de León,1
f,actress,G-mode,1
f,producer,Derby City Productions,1
,producer,Polygram Video and Master Film,1
,editor,Gladeyes Films,1
,editor,Medien- und Filmgesellschaft Baden-Württemberg,1
f,composer,Metrodome Video Ltd.,1
m,director,Instituto de Artes do Pará,1
,producer,Ideal World Productions,1
m,editor,Something Weird Video (SWV),1
f,producer,Sideshow Pictures,1
m,writer,Cinema Vendetta,1
m,composer,Cinema Vendetta,1
m,composer,Delta Films,1
m,cinematographer,Undercover Productions (II),1
m,writer,AKB Delovaya Rossiya,1
,cinematographer,Deerjen Films,1
,editor,DeVine Works,1
,producer,Universidade de Aveiro,1
m,editor,Deutsche Columbia TriStar Filmproduktion,1
,producer,Just For Kids Video,1
m,producer,Collectif des riders et Réalisateurs,1
,cinematographer,Wrong Ideas,1
,producer,Wrong Ideas,1
m,composer,Studio Film Bilder,1
m,director,Collectif des riders et Réalisateurs,1
,director,Raffaella De Laurentiis Productions,1
,cinematographer,Amazon Instant Video,1
,director,Widestream Films,1
,writer,Widestream Films,1
f,producer,Delante Films,1
m,composer,Cadence Pictures,1
,producer,Bournemouth & Poole College of Art and Design,1
m,editor,Collectif des riders et Réalisateurs,1
,producer,HC Video Productions,1
,editor,Academy of Fine Arts in Poznan,1
,director,Academy of Fine Arts in Poznan,1
,cinematographer,Academy of Fine Arts in Poznan,1
,writer,Academy of Fine Arts in Poznan,1
,producer,Academy of Fine Arts in Poznan,1
m,cinematographer,Cinema Products Video,1
,cinematographer,Ritter Video Group,1
f,editor,Hollywood Pictures Home Video,1
f,producer,Blunderland,1
f,producer,BMG Models,1
f,writer,BMG Models,1
f,director,Filmax Home Video,1
,writer,Production de Films SD,1
,director,Pampa del Castillo Producciones,1
f,writer,Coop Vidéo de Montréal,1
m,cinematographer,Internationale Filmproduktion Stella-del-Sud Third,1
m,writer,Grupo de León,1
,editor,Dezenove Som e Imagem,1
m,director,Cinema Vendetta,1
f,actress,Commission Superieure Technique de l'image et du son,1
,producer,New Sensations Video,1
,editor,World Wide Web,1
f,director,ABC Video,1
,editor,Collectif des riders et Réalisateurs,1
m,director,Grupo de León,1
,director,World Wide Web,1
,director,Collectif des riders et Réalisateurs,1
,cinematographer,World Wide Web,1
,cinematographer,Collectif des riders et Réalisateurs,1
,producer,Trash Video,1
f,editor,DEJ Video Distribution,1
,editor,Pablo Santiago Santander Amezcua Producciones,1
m,cinematographer,The Canada Manitoba Cultural Industries Development Office (CIDO),1
m,director,The Canada Manitoba Cultural Industries Development Office (CIDO),1
m,director,Denver and Delilah Productions,1
,producer,Théâtre National de Strasbourg,1
m,editor,The Canada Manitoba Cultural Industries Development Office (CIDO),1
,director,Pablo Santiago Santander Amezcua Producciones,1
,composer,De La Salle - College of Saint Benilde,1
,writer,Pablo Santiago Santander Amezcua Producciones,1
,producer,Pablo Santiago Santander Amezcua Producciones,1
f,editor,Prisvídeo - Edições Videográficas,1
f,producer,Ministère de la Culture et de la Francophonie,1
,producer,Kino International Video,1
f,producer,Ministère de la Culture Italien,1
f,actress,Stone Dead FX,1
m,producer,Oficinas Experimentais de Cinema,1
,director,Lisa Demberg Productions,1
f,actress,Watkins World Wide,1
m,writer,Tandem Pictures,1
,cinematographer,Undergroundfilm.com,1
,editor,Kuvataideakatemia,1
m,writer,Columbia TriStar Comercio Internacional (Madeira) Ltda.,1
,director,Canyon Vídeo,1
m,director,Ritter Video Group,1
m,writer,High Definition Pictures,1
,director,Kuvataideakatemia,1
m,editor,Videodis,1
f,actress,Arsenal Institute for Film and Video Art,1
m,director,Filmförderung Hessen,1
f,producer,Time-Life Video & Television,1
m,producer,Modern Faerietale Productions (MFT),1
,composer,Kuvataideakatemia,1
m,writer,Modern Faerietale Productions (MFT),1
,cinematographer,Kuvataideakatemia,1
m,director,Modern Faerietale Productions (MFT),1
,producer,Universidad de Cine,1
f,producer,Thought Collide Productions,1
f,editor,Pyramide Productions,1
,editor,Les Films de la Colombe,1
,writer,Kuvataideakatemia,1
,producer,Kuvataideakatemia,1
f,actress,Academy of Amusement Media,1
f,editor,Warner Home Video France,1
m,director,Tigers Den Studios,1
m,director,"United States Department of Defense, The",1
m,composer,International Video Entertainment (IVE),1
f,producer,Trianon Vídeo,1
,cinematographer,Desert Light Productions,1
f,writer,La Compagnie Deschamps et Makeïeff,1
,producer,Papyrus Design Group,1
f,writer,Nadeo,1
f,writer,Pôle Image de Liège,1
,writer,Deep Blue Pictures,1
,director,Alexander Schellow,1
m,composer,Serenade Films,1
f,director,Eden Wurmfeld Films,1
f,director,La Compagnie Deschamps et Makeïeff,1
,director,Delta Filmverleih,1
f,director,Nadeo,1
f,director,Pôle Image de Liège,1
m,director,Scott Sanders Productions,1
m,composer,Deer Path Productions,1
f,director,Spark Worldwide,1
,cinematographer,Alexander Schellow,1
,producer,Alamode Filmverleih,1
f,actress,Borderline Productions,1
f,producer,SP Sales Worldwide,1
,writer,Delta Filmverleih,1
f,writer,Vision Video Gateway Films,1
m,director,Delirium,1
,producer,Filmtrade - Spentzos Film,1
m,writer,Les Films de la Capucine,1
m,writer,Sideshow Cinema,1
,editor,NxtLvL Fight & Flight Design,1
,editor,Bride For Christmas Productions,1
f,writer,Crown Video,1
,producer,Massive Development,1
,editor,Hochschule für Bildende Künste Braunschweig,1
,writer,Videoscope Fernseh-Film GmbH,1
m,director,Sideshow Cinema,1
,cinematographer,Maria Grüner Kindertheater,1
m,writer,NBC Home Video,1
,director,Ryder Seeler Productions,1
,cinematographer,Ideogram Films,1
,cinematographer,NxtLvL Fight & Flight Design,1
,producer,Commune de Beaucaire,1
,director,Jade M,1
,director,Hochschule für Bildende Künste Braunschweig,1
m,writer,Golden Horn Films,1
,producer,Maria Grüner Kindertheater,1
m,producer,DeepStudios,1
,writer,Hochschule für Bildende Künste Braunschweig,1
,writer,Jade M,1
,producer,Hochschule für Bildende Künste Braunschweig,1
,director,20th Century Fox de Venezuela,1
,director,Thunderbird Films,1
,director,Deep River Productions,1
f,director,Vision Video Gateway Films,1
m,producer,Ville de Rennes,1
,director,MMDP Munich Movie Development & Production GmbH & Co. Project KG,1
,producer,Ministère de l'Éducation Nationale,1
,producer,Nord Pas de Calais Region,1
m,writer,International Traders,1
m,producer,Les Films de la Capucine,1
,writer,Bonton Home Video,1
,editor,Atitude Produções,1
f,director,Crown Video,1
m,editor,Carolina Torn Asunder Inc.,1
,producer,Golden Harvest Entertainment,1
f,editor,Flashstar Home Vídeo,1
f,director,Leader Music,1
m,composer,Nova Scotia Film Development Corporation,1
,producer,Film Dept.,1
,cinematographer,Atitude Produções,1
,director,Golden Ticket Films,1
m,director,Detour Films,1
f,director,Cineplex-Odeon Home Video,1
,producer,Otto Desenhos Animados,1
,director,Taller de la Luz,1
f,producer,Maddenmedia,1
m,editor,Delirium,1
,writer,Taller de la Luz,1
,director,Someplace Wonderful Productions,1
,writer,BD Garden,1
,editor,Transcendental Media,1
m,editor,Fox Lorber Home Video,1
,writer,Someplace Wonderful Productions,1
,writer,Savannah College of Art & Design,1
m,producer,Destiny Image Films,1
m,director,Caradecão Filmes,1
f,writer,Maddenmedia,1
m,director,Dedicat Films,1
m,cinematographer,Les Films de la Capucine,1
f,cinematographer,Maddenmedia,1
,editor,Dendron Motion Pictures,1
f,cinematographer,Rundfunk Berlin-Brandenburg (RBB),1
m,composer,Mitteldeutsches Filmkontor (MDF),1
f,director,Maddenmedia,1
f,producer,Blue Screen Video and Film,1
m,cinematographer,Xanadeux Company,1
,cinematographer,Salt City Home Video,1
m,director,Les Films de la Capucine,1
m,director,Rascal Video,1
f,producer,Rocket Pictures Home Video,1
,editor,Cineplex-Odeon Films,1
m,producer,Detour Films,1
f,producer,Independent Film Fund,1
m,editor,Les Films de la Capucine,1
f,producer,Three Degrees Off Center Productions,1
f,producer,Underground Films,1
m,producer,BigDeni Filmes,1
m,writer,Detour Films,1
,producer,Sidecar Films & TV,1
f,composer,Modern Digital,1
f,composer,Videoville Showtime,1
m,writer,Light Year Video,1
f,composer,Filmax Home Video,1
,cinematographer,Terra Video,1
m,composer,Detour Films,1
,producer,Pampa del Castillo Producciones,1
m,producer,Phoenix Independent Film Makers Group,1
,director,Tandem Films,1
,director,SoftModel,1
f,director,"University of the Arts, Philadelphia",1
,producer,CBS / Fox Video,1
,writer,SoftModel,1
m,cinematographer,Coop Vidéo de Montréal,1
f,producer,Tall Orders Productions,1
,producer,SoftModel,1
m,producer,Screen Pix Home Video,1
m,producer,Gathering of Developers,1
m,director,Tandem Pictures,1
,producer,Extra Extremadura de Audiovisuales S.A.,1
m,director,Light Year Video,1
f,writer,Tall Orders Productions,1
,director,High-Definition Motion Pictures,1
f,writer,Generalitat de Catalunya - Institut Català de les Indústries Culturals (ICIC),1
f,writer,"University of the Arts, Philadelphia",1
m,producer,Gobierno del Estado de Michoacán,1
f,actress,Ideami,1
m,writer,Gobierno del Estado de Michoacán,1
m,director,Gobierno del Estado de Michoacán,1
f,producer,Youth Film Studio of Beijing Film Academy,1
m,writer,Character Builders,1
m,producer,Bayerische Landesanstalt für Aufbaufinanzierung,1
m,director,Deep Blue Pictures,1
m,director,Character Builders,1
m,composer,Koba Films Video,1
,producer,AZ Digital Video Dreams,1
,director,Blue Screen Video and Film,1
m,producer,Escuela Internacional de Cine y Televisión (EICTV),1
f,cinematographer,Arsenal Institute for Film and Video Art,1
f,director,Arsenal Institute for Film and Video Art,1
,director,Reaction Independent Studios,1
,cinematographer,I Made A Movie Studios,1
,producer,Borderland Productions,1
,editor,Deep Space Cartoons,1
f,editor,Arsenal Institute for Film and Video Art,1
f,actress,GoldenArt Noto Productions,1
,cinematographer,Videal GmbH,1
f,writer,Women Under the Influence Films,1
,producer,I Made A Movie Studios,1
,director,Wandering Hat,1
,director,Deep Space Cartoons,1
m,cinematographer,Warner On Demand,1
m,composer,Delius Film,1
,writer,Wandering Hat,1
,composer,Deep Space Cartoons,1
,editor,Macari / Edelstein,1
,writer,Deep Space Cartoons,1
f,producer,Hidden Films Studios,1
m,composer,Les Films de L'Autre,1
,cinematographer,Skillset Screen Academy Wales,1
m,cinematographer,Behaviour Worldwide,1
f,director,Women Under the Influence Films,1
,producer,Marauder Productions (II),1
m,producer,Cité de Production Médiatique,1
,producer,Pandering to Karma Productions,1
,director,Eden,1
m,editor,Dynamic Entertainment DEH,1
,director,Le Deuxième Souffle Films & Associés,1
f,producer,Abordar - Casa de Películas,1
m,composer,Cinema Delicatessen,1
f,editor,Fundação de Serralves,1
f,composer,ABC Film & Video,1
,writer,University of California Berkeley Extension Center for Media and Independent Learning (CMIL),1
m,editor,Obsidian Order,1
f,composer,Beijing Goldenplate Film,1
,director,Ville de Strasbourg,1
,writer,Le Deuxième Souffle Films & Associés,1
f,writer,Ateliers de Baere,1
f,producer,Hollywood Video,1
,writer,Ville de Strasbourg,1
,writer,Warner On Demand,1
f,writer,Hollywood Video,1
f,director,Ateliers de Baere,1
f,director,New York Film Academy at Universal Studios,1
f,director,Hollywood Video,1
,producer,Laguna Videospiele,1
m,editor,CNR Video,1
m,writer,Carousel Films and Video (CARSEL),1
m,composer,Condor Video,1
f,editor,New York Film Academy at Universal Studios,1
,producer,Alexandra Video Club,1
,editor,Hogeschool Den Bosch,1
f,cinematographer,La Fabrique de Films,1
,director,Super Grande Films,1
f,actress,Halcyon Video Productions,1
,producer,Rigas Dome un Rigas Domes Kulturas Departaments,1
,editor,Undercover Productions (II),1
f,actress,Ektoderm,1
,writer,Naroden Teater Anton Panov,1
,cinematographer,Wandering Hat,1
,director,Federico Film,1
f,producer,Team Video Plus,1
,director,Hogeschool Den Bosch,1
,writer,Super Grande Films,1
,producer,De Film,1
,writer,Federico Film,1
,cinematographer,Hogeschool Den Bosch,1
m,composer,Golden Horn Films,1
,writer,Hogeschool Den Bosch,1
,producer,Hogeschool Den Bosch,1
m,director,Carousel Films and Video (CARSEL),1
m,editor,Carousel Films and Video (CARSEL),1
,director,Departure Studios,1
,director,Wonder Entertainment,1
,director,Video Treasures,1
,writer,Departure Studios,1
m,cinematographer,Modernciné,1
f,composer,Euripide Distribution,1
,director,Haydenfilms,1
,editor,Wide Wonder Productions,1
f,producer,Delicious 9,1
,editor,Encode Media Group,1
,writer,Haydenfilms,1
,cinematographer,Rosen/Bender Productions,1
f,actress,Eva Merz PhotoDesign,1
,cinematographer,Lady Marmalade Music,1
,director,TideRock Films,1
,producer,Undergo Entertainment,1
m,cinematographer,Ro De Film,1
,editor,Sidewinder Films,1
,director,AM2 Design,1
,editor,Powder Room Films,1
m,composer,International Traders,1
,writer,Leader Media,1
f,actress,Edinburgh Skillset Screen and Media Academy,1
,director,Alpha Video Distributors,1
,director,Sidewinder Films,1
,writer,Alpha Video Distributors,1
m,cinematographer,Pro Video,1
f,producer,Frederator Incorporated,1
,writer,Sidewinder Films,1
f,writer,Escapade Films Production,1
,producer,Sidewinder Films,1
,cinematographer,Trimark Video,1
f,writer,Springboard Video,1
f,director,Guangdong Wei Jia Video Production Ltd.,1
m,composer,Nordiska TV-Samarbetsfonden,1
,cinematographer,Productora Andaluza de Programas S.A.,1
f,editor,Vox Video,1
f,producer,CIC Video Australia,1
f,writer,Golden Films,1
,director,Desperado Film,1
,producer,Made on a Bank Loan Production,1
m,composer,Rainstorm Video & Film,1
,cinematographer,Odeon Rybarczyk Productions,1
f,writer,Deep C-Star Productions,1
,editor,Wilderness Films,1
,director,RenderFilms,1
,director,Identity Films (I),1
,producer,Team Video Plus,1
,producer,Deutsch-Polnische Gesellschaft Chemnitz,1
,director,Wilderness Films,1
,writer,Identity Films (I),1
,producer,RenderFilms,1
,writer,Pip's Garden Company,1
m,producer,Noorderwind,1
,editor,Departamento de Cultura del Gobierno Vasco,1
,editor,Idea,1
,editor,Central de Producciones Audiovisuales S.L.,1
f,producer,RCA/Columbia-Hoyts Home Video,1
,editor,Las Producciones del Escorpión S.L.,1
,producer,NTV Video Corporation,1
,director,TaylorMade Productions,1
f,producer,Video Company,1
,producer,Golden Mark Film Distribution,1
f,editor,Tapeworm Video Distributors,1
f,producer,Edde Entertainment,1
,writer,Deepak Arts,1
,cinematographer,Credence Productions,1
,director,Edinburgh Skillset Screen and Media Academy,1
,editor,American Desi Productions,1
,director,Beijing Fesco Prospect Culture Development,1
m,writer,Noorderwind,1
m,producer,Pickwick Video,1
f,producer,Code Entertainment,1
m,director,Dynamic Entertainment DEH,1
f,producer,Independent Film Group,1
m,cinematographer,Noorderwind,1
,producer,Ideal Grace Production Company,1
,cinematographer,Credence Talent,1
,writer,Edinburgh Skillset Screen and Media Academy,1
,cinematographer,Koba Films Video,1
f,producer,Atitude Produções,1
,producer,Edinburgh Skillset Screen and Media Academy,1
m,director,Noorderwind,1
f,composer,LNK Video,1
f,actress,Funders Workgroup for Sustainable Production and Consumption,1
f,actress,Tides Foundation,1
,editor,Entermode,1
m,composer,Number One Video,1
f,writer,Funders Workgroup for Sustainable Production and Consumption,1
f,writer,Tides Foundation,1
m,editor,Noorderwind,1
f,actress,Ideogram Films,1
,director,Outsider Pictures,1
f,director,iDeal Partners Film Fund,1
,director,President Films,1
,producer,Crowded Womb Productions,1
m,composer,Les Cinémas de la Zone,1
,director,Latitude Media,1
f,producer,Fildes Films,1
,writer,President Films,1
,producer,VCL Video,1
,writer,Latitude Media,1
,producer,Universal Video,1
m,writer,World Wide Web,1
m,producer,Kulturelle Filmförderung Sachsen,1
m,writer,Caradecão Filmes,1
,director,SP Sales Worldwide,1
,director,L'Octopode,1
f,writer,Right Minded Productions,1
,writer,L'Octopode,1
,writer,Les Films de l'Espoir,1
f,writer,Deluxe Australia,1
,director,Encode Media Group,1
,producer,Under The Tower Productions,1
,writer,Olhos de Cão Produções Cinematográficas,1
,cinematographer,Encode Media Group,1
m,composer,Adelson Entertainment,1
,writer,Encode Media Group,1
,producer,Encode Media Group,1
,producer,NBC Home Video,1
m,producer,Ministry of Culture of the Russian Federation,1
,editor,'Wide'Screen Productions,1
f,writer,Aberdeen Soldier Productions,1
,director,'Wide'Screen Productions,1
,director,De Filmfreak,1
m,writer,Maison de Cinema,1
,producer,'Wide'Screen Productions,1
,director,Drops Filmes e Vídeo,1
,cinematographer,Jade Films and Entertainment,1
,director,Thieves Guilde,1
,director,Red de América Latina,1
m,writer,Underhill Films,1
,writer,Drops Filmes e Vídeo,1
m,editor,Xscapade Pictures Ltd.,1
f,director,Deep C-Star Productions,1
,cinematographer,Xanadeux Company,1
,cinematographer,Village Roadshow Pictures Worldwide,1
f,director,Deluxe Australia,1
m,director,Mail Order Comedy,1
,writer,20th Century Fox de Chile,1
,director,La Bande Video,1
,producer,Cinema Delicatessen,1
m,director,Underhill Films,1
m,editor,Mail Order Comedy,1
m,composer,VTI Home Vídeo,1
f,director,Aberdeen Soldier Productions,1
,editor,Anthony DeRouen,1
,director,High Definition Pictures,1
m,writer,Royal Opera House Covent Garden,1
m,composer,Tracey Alexander Productions,1
m,producer,Wonderland Ave. Films,1
,cinematographer,La Bande Video,1
m,writer,Wonderland Ave. Films,1
,writer,Den Norske Filmskolen,1
,editor,Anthony DeRouen Productions,1
f,writer,Warner Bros. Home Video,1
f,producer,Mark Borde Films,1
f,producer,Borde Releasing,1
,writer,La Bande Video,1
m,director,Wonderland Ave. Films,1
,producer,La Bande Video,1
f,writer,Mark Borde Films,1
m,director,Productora Andaluza de Programas S.A.,1
f,producer,Right Minded Productions,1
,editor,Alexander Garduño y Asociados,1
m,editor,Wonderland Ave. Films,1
m,composer,Lanterna de Pedra Filmes,1
,writer,Kindle Imagine Develop (KID),1
f,writer,Film Independent,1
,director,Alexander Garduño y Asociados,1
,cinematographer,Alexander Garduño y Asociados,1
m,cinematographer,Kinderkanal,1
m,producer,Cine Falcon Producciones S.A. de C.V.,1
,writer,DEJ Video Distribution,1
f,actress,Undervisningsministeriets Mediesektion,1
f,writer,Borde Releasing,1
,director,Ministry of Culture of the Russian Federation,1
m,director,Deal Productions,1
f,actress,Triad Video,1
m,writer,Outrider Pictures,1
,director,Sunnyside Down Productions,1
,producer,Delicious 9,1
,producer,Wandering Films,1
,director,Den Norske Filmskolen,1
f,actress,Nickelodean Interactive,1
m,composer,Deadly Films,1
m,composer,Peliculas Mexicanas en Video S.A.,1
,cinematographer,Van der Veken Filmwerken,1
,director,Madeleine Films,1
,director,Van Alden Pictures,1
m,composer,Miramar Home Vídeo,1
f,producer,Dendron Motion Pictures,1
,producer,Boulder Media,1
,director,Tender Productions,1
,director,Centre du Cinéma et de l'Audiovisuel de la Fédération Wallonie-Bruxelles,1
,writer,Van Alden Pictures,1
m,composer,Sony Development,1
,writer,Madeleine Films,1
,producer,Van Alden Pictures,1
m,composer,Demi-Monde Productions,1
,writer,Tender Productions,1
f,editor,Maple Shade Films,1
f,writer,Library Video Company,1
,composer,De Angeles Films,1
,producer,Museo Nacional de Culturas Populares,1
f,writer,Ministère de la Culture Italien,1
f,writer,Nord Pas de Calais Region,1
m,cinematographer,Widescream Producciones,1
,director,C.E. Ciudad de la Luz,1
,producer,Centro de Estudios en Ciencias de la Comunicacion (CECC),1
,director,Jade Films,1
,writer,C.E. Ciudad de la Luz,1
,director,Las Perlas de la Virgen,1
,producer,C.E. Ciudad de la Luz,1
m,cinematographer,Centro Técnico de Audiovisual/ MinC,1
,writer,Jade Films,1
,writer,Las Perlas de la Virgen,1
m,composer,Warner Bros. Pictures de España,1
,editor,Conseil Général de l'Indre,1
f,producer,Kino International Video,1
f,writer,Ministère de l'Éducation Nationale,1
m,composer,NBC Home Video,1
,director,Arco del Triunfo,1
f,editor,Cinémadefacto,1
,producer,Peliculas Mexicanas en Video S.A.,1
m,cinematographer,Universidade Federal Fluminense (UFF),1
,writer,Epidemic Pictures,1
f,producer,Kasander Film Company,1
f,actress,De Moyer Entertaiment,1
m,writer,Del Sur Productions,1
,writer,Arco del Triunfo,1
f,producer,Little Gaddesden Productions,1
,writer,Dodecá,1
,producer,Indeed films,1
,producer,Arco del Triunfo,1
,director,Delfin Studio,1
,producer,Winstar TV & Video,1
,cinematographer,Asociación Cine de Móstoles,1
,composer,Dreidel Films,1
,director,Arcades Project,1
m,composer,The Video Association of Dallas,1
,producer,Happy Accident,1
f,editor,Ascot Video,1
,writer,Under the Rug Productions,1
f,editor,Ciudad de la Luz,1
m,director,Idea,1
f,editor,Ministerio de Cultura,1
m,director,Les Productions de la Géode,1
m,cinematographer,De Filmfabriek,1
,director,Wonderboy Entertainment,1
,writer,Arcades Project,1
m,producer,Escuela de Cine de Chile,1
,producer,Under the Rug Productions,1
,producer,Arcades Project,1
f,director,Fondo de Fomento a la Calidad Cinematográfica,1
f,actress,Happy Accident Productions,1
m,director,Tri Destined Studios,1
f,producer,Tai Seng Video Marketing,1
m,composer,Point.360 - Westside,1
f,director,Goldenring Productions,1
f,producer,Happy Accident Productions,1
,writer,"De Mann Entertainment Company, The",1
m,cinematographer,Seymour Borde & Associates,1
m,cinematographer,Hellas Video,1
m,composer,Arroba Films S.A. de C.V.,1
m,composer,Detailfilm,1
m,composer,De Palacio Films,1
f,writer,Happy Accident Productions,1
,editor,Modesto Film,1
,director,Studio Arkadena,1
,director,Busch Gardens,1
m,composer,UAP Video GmbH,1
,director,World Wide Motion Pictures Corporation,1
,producer,Universidad Interamericana del Norte,1
,director,Golden Princess Film Production Limited,1
m,producer,Cinema De Balie,1
m,producer,GoldenGirl FilmWorks Studios,1
,writer,Busch Gardens,1
,director,Relatively Redeemable Productions,1
,director,China Star Worldwide Distribution,1
m,writer,GoldenGirl FilmWorks Studios,1
m,cinematographer,Vlaamse Gemeenschapscommissie van het Brussels Hoofdstedelijk Gewest,1
f,editor,PBS Home Video,1
f,actress,DefCon One Productions,1
,writer,World Wide Motion Pictures Corporation,1
m,cinematographer,GoldenGirl FilmWorks Studios,1
,writer,Relatively Redeemable Productions,1
,director,Kino Kabaret International de Montréal,1
m,editor,High Fidelity Films,1
,composer,Videodis,1
m,director,GoldenGirl FilmWorks Studios,1
m,writer,Connoisseur Video,1
m,director,Connoisseur Video,1
,writer,Kino Kabaret International de Montréal,1
m,cinematographer,Fonds Film in Vlaanderen,1
m,editor,Corporate Video and Film,1
,director,Orion Home Video,1
,producer,Kino Kabaret International de Montréal,1
,composer,Les Films de la Suane,1
,composer,Forbidden City Studios,1
m,cinematographer,Outsider Productions,1
m,director,John Wilder Nightwatch Productions,1
f,writer,Cappa Defina Productions,1
,director,BFI Video,1
m,composer,Under the Influence,1
,editor,Golden Ticket Films,1
,director,Minneapolis College of Art & Design,1
,director,SuperExploder,1
m,writer,Essex Vídeo España S.A.,1
m,writer,FilmFour Video,1
m,director,Adelson-Baumgarten Productions,1
,cinematographer,8th Wonder Media Group,1
,producer,Minneapolis College of Art & Design,1
,producer,World Wide Multi Media,1
m,writer,Conseil Régional de Franche-Comté,1
m,director,4 Front Video,1
,editor,Bayerische Landeszentrale für neue Medien (BLM),1
,director,Pundersons Gardens,1
,producer,Pedestrian Productions,1
,writer,Bardel Distribution,1
f,director,Tai Seng Video Marketing,1
,director,Bayerische Landeszentrale für neue Medien (BLM),1
f,director,Golden Princess Amusement Company,1
,director,Citadel,1
f,director,Golden Princess Film Production Limited,1
,director,Sundance Independent Film Channel,1
,director,Weydemann Bros.,1
,writer,Bayerische Landeszentrale für neue Medien (BLM),1
f,editor,Orly Adelson Productions,1
f,producer,Les Films de L'Autre,1
f,writer,Les Films de L'Autre,1
m,cinematographer,BFI Video,1
f,director,Les Films de L'Autre,1
f,editor,Filmförderung Hamburg,1
,editor,Three Headed Monster,1
f,editor,Degeto Film,1
,producer,Rascal Video,1
m,cinematographer,20th Century Fox de Chile,1
,director,Three Headed Monster,1
m,cinematographer,ABC Video,1
,producer,Panini Video,1
,writer,Three Headed Monster,1
,cinematographer,Goldeco Pictures,1
f,editor,Tradewind Pictures,1
,cinematographer,Brandon Whiteside Productions,1
m,director,Hidden Staircase,1
f,editor,Filmboard Berlin-Brandenburg (FBB),1
m,director,Conseil Régional de Franche-Comté,1
f,editor,Zeitgeist Video,1
,writer,John Wilder Nightwatch Productions,1
,writer,BMG Independents,1
m,editor,Universal Video,1
m,composer,Produksjonsfondet for kino og fjernsynfilm,1
m,composer,Videx International,1
m,composer,Videoville Showtime,1
,editor,Barcode Films,1
,producer,TVS Endemann,1
,editor,Jonas al dente,1
m,cinematographer,Corporate Video and Film,1
,editor,Academy Video,1
,producer,McFadden Family Films,1
,cinematographer,Varus Video,1
,director,Jonas al dente,1
,editor,Independant Development,1
,cinematographer,Jonas al dente,1
,writer,Jonas al dente,1
,producer,Internationale Filmproduktion Stella-del-Sud Third,1
,producer,Esselte CIC Video,1
m,producer,Persson-Mothander Film,1
m,producer,Freedemon,1
,director,DAC de la Ville de Genève,1
,editor,Wellmade Entertainment,1
,director,DIP de l'Etat du Valais,1
,director,Media Desk Suisse,1
,director,Fonds Culturel de Suissimage,1
,writer,DAC de la Ville de Genève,1
,writer,DIP de l'Etat du Valais,1
,writer,Media Desk Suisse,1
,writer,Fonds Culturel de Suissimage,1
,producer,DAC de la Ville de Genève,1
,producer,DIP de l'Etat du Valais,1
,producer,Media Desk Suisse,1
,producer,Fonds Culturel de Suissimage,1
,cinematographer,LA Independent Film & Entertainment L.I.F.E.,1
,director,Shade Co. Ltd.,1
m,director,Légende Films,1
,producer,Nicetop Independent Ltd.,1
,director,Destiny Image Films,1
m,producer,no BIG deal productions,1
m,director,Under The Tower Productions,1
m,composer,Eden Wurmfeld Films,1
m,writer,Seek and Hide,1
m,composer,Michael Alden Productions,1
m,composer,Independent Film Group,1
,director,Bride For Christmas Productions,1
m,producer,Adelaide Festival of Arts,1
m,composer,Production de Films SD,1
,producer,Destiny Image Films,1
m,director,Palawood Development Inc.,1
,producer,Video Stoodeyä,1
m,composer,Bellamonde Productions,1
,director,Blue Underground,1
,editor,Sudden Black,1
m,composer,Scott Sanders Productions,1
,producer,Demented Features,1
,composer,Golden Film Ltd.,1
,director,Tradewinds Entertainment,1
,producer,Blvd St Germain des Pres,1
m,producer,TimeCode NOLA,1
,producer,Russian Federation of Cinematography,1
,director,Sudden Black,1
m,composer,Academy,1
m,writer,TimeCode NOLA,1
m,director,TimeCode NOLA,1
f,writer,Les Films de Beyrouth,1
,cinematographer,International Video 80,1
,producer,Sudden Black,1
,producer,Deutscher Fernsehfunk (DFF),1
,producer,Blue Underground,1
,writer,Jiangsu Cultural Realty Development,1
f,writer,Ministère Libanais de la Culture,1
,editor,Ideogram Films,1
,producer,Youth Film Studio of Beijing Film Academy,1
,writer,Beijing Forbidden City Film Co.,1
,writer,Parade Pictures Inc.,1
,producer,Les Films de Mai,1
,cinematographer,University of California Berkeley Extension Center for Media and Independent Learning (CMIL),1
,producer,Videograph,1
f,producer,Creativos Asociados de Radio y Televisión (CARTEL),1
,producer,Lumina Video,1
m,cinematographer,Underground,1
f,writer,Les Films des Tournelles,1
f,director,Les Films de Beyrouth,1
m,director,Shades of Utopia Productions,1
f,director,Ministère Libanais de la Culture,1
m,producer,Jude 1:23 Films,1
,writer,Cine Video y TV,1
f,director,Ministère de la Culture et de la Communication,1
f,director,Cecchi Gori Home Video,1
,producer,Worldtrade Entertainment,1
,producer,Forbidden City Films,1
,writer,"Academy of Motion Pictures, Arts & Siences Film Archive, The",1
m,writer,Jude 1:23 Films,1
,producer,Instituto Latinoamericano de la Comunicacion (ILCE),1
,editor,Desire Media Entertainment,1
m,editor,ETD Home Video,1
,editor,Independent Moving Pictures,1
f,director,Alamode Film,1
f,director,Les Films des Tournelles,1
m,editor,Les Films de l'Après-Midi,1
f,director,Ministère des Affaires Étrangères,1
,producer,Secretaría de Educación Pública,1
,director,Desire Media Entertainment,1
,director,Independent Moving Pictures,1
m,director,Jude 1:23 Films,1
m,composer,Swing Home Vídeo,1
,writer,Dandelion Distribution,1
,writer,Desire Media Entertainment,1
m,writer,8th Wonder Entertainment,1
,writer,Polyband & Toppic Video / WVG,1
m,editor,Jude 1:23 Films,1
f,producer,Flan de Coco Films,1
m,director,8th Wonder Entertainment,1
m,cinematographer,Leader Media,1
m,composer,Odyssey Group Video,1
m,writer,McFadden Family Films,1
f,cinematographer,InDigEnt (Independent Digital Entertainment),1
f,cinematographer,Valentim de Carvalho Multimédia,1
m,writer,GMA Records Home Video,1
f,writer,Conseil Général de l'Indre,1
,editor,Renegade Worldwide,1
,writer,Worldwide Evolution Films,1
,writer,Avant Garde Studios,1
m,director,McFadden Family Films,1
m,writer,Vassar College Drama & Film Department,1
,writer,LCA Gaiden Productions,1
m,composer,All Worlds Video,1
,writer,Federal Agency for Culture and Cinematography,1
m,producer,Shades of Utopia Productions,1
m,cinematographer,Vassar College Drama & Film Department,1
f,director,Conseil Général de l'Indre,1
m,writer,Shades of Utopia Productions,1
,editor,Independent Online Cinema,1
f,cinematographer,Universal Studios Home Video,1
m,director,Vassar College Drama & Film Department,1
,writer,Golden Eagle,1
f,cinematographer,Compañía General de la Imagen (CGI),1
,editor,Scanner-Rhodes Productions,1
f,writer,Expanded Entertainment,1
,writer,Companhia de Imagem,1
f,producer,Unknown Video,1
m,writer,Odean S.A.,1
f,director,Expanded Entertainment,1
m,composer,Taurus Video,1
m,writer,Yamato Video,1
m,cinematographer,Slide Screen Entertainment,1
f,actress,Fisher/Remde Productions,1
,editor,Films de Catsilglin,1
f,writer,"Kinovideoobedinenie ""Krupniy Plan""",1
m,editor,Shades of Utopia Productions,1
,cinematographer,Valentim de Carvalho Multimédia,1
f,actress,Dean Lennerts Animation Production Class,1
,editor,De Film,1
,director,Filmes de Abril,1
f,producer,Crystal Sky Worldwide,1
,director,Delphi Filmverleih Produktion,1
m,writer,MCA Planning and Development,1
,writer,Filmes de Abril,1
,writer,Concorde Anois,1
f,producer,Videal GmbH,1
,writer,"Sword of Alexander Production Companies, The",1
,director,Movie Tax Shelter Empowered by Dexia,1
f,writer,Hellas Video,1
m,writer,"University of the Arts, Philadelphia",1
f,producer,Compagnie Internationale de Communication,1
m,editor,Visual Garden Productions,1
,writer,Grendel Productions Inc.,1
m,producer,David McBride Animation,1
f,director,Hellas Video,1
f,writer,Wonder Entertainment,1
,cinematographer,Producciones Barba Loza S.A. de C.V.,1
m,director,VideoSif,1
m,writer,David McBride Animation,1
,cinematographer,Triade Films,1
f,actress,Landscentralen for Undervisningsmidler,1
m,composer,Shudder Films,1
m,director,David McBride Animation,1
f,producer,Brilliant Idea Group (BIG),1
f,producer,Bingo Movie Development,1
,writer,Delta Film,1
,cinematographer,Catalina Video,1
,director,Inside Track Productions,1
m,editor,"University of the Arts, Philadelphia",1
,writer,Transgression Video Productions,1
f,writer,Bingo Movie Development,1
f,producer,Edivídeo,1
m,director,CDE Videa,1
f,editor,Independent Film Trust,1
f,actress,Renegade Films,1
m,writer,ST2 Vídeo,1
,cinematographer,Inside Track Productions,1
f,producer,Renegade Films,1
f,director,Renegade Films,1
m,writer,Cape Fear Independent Film Network,1
,writer,Koba Films Video,1
m,director,Cape Fear Independent Film Network,1
,writer,The Pedestrain Pictures Inc.,1
m,writer,Ville de Strasbourg,1
,writer,New Eagle Video,1
m,writer,Tide Rock Entertainment,1
m,writer,Pathé Video,1
f,writer,Paramount Pictures Home Video,1
m,editor,Spiderwood Productions,1
,director,Wonder View Films,1
m,editor,Point of Order Productions,1
m,writer,Le Deuxième Souffle Films & Associés,1
m,producer,Golden Films,1
m,editor,Desert Wind,1
,director,Ravinder Grewal Productoins,1
f,producer,Royal Opera House Covent Garden,1
,writer,Master Video,1
m,cinematographer,MMDP Munich Movie Development & Production GmbH & Co. Project KG,1
f,actress,Decima Rosa,1
f,producer,Defiant Empire,1
f,actress,Magnolia Hideout,1
m,composer,Flan de Coco Films,1
,cinematographer,De Cuernos Al Abismo,1
,director,Ravinder Grewal Productions,1
m,writer,Multivideo,1
f,actress,Becoming Jade Films,1
f,producer,Cité de Production Médiatique,1
f,director,4 Front Video,1
m,cinematographer,Devgan Films,1
m,director,Tide Rock Entertainment,1
m,composer,Desire Media Entertainment,1
m,director,Deepak Arts,1
m,director,Multivideo,1
m,writer,Bayerische Landesanstalt für Aufbaufinanzierung,1
m,composer,Departure Studios,1
,cinematographer,Dezenove Filmes,1
m,editor,DVD Liider,1
m,producer,Rosen/Bender Productions,1
,cinematographer,Sincronía Films S.A. de C.V.,1
m,composer,Departure Entertainment,1
m,cinematographer,Idea,1
m,composer,Maple Shade Films,1
m,composer,Underpaid Productions,1
f,cinematographer,Tartan Video,1
f,cinematographer,Contender Entertainment Group,1
,writer,Reaction Independent Studios,1
m,director,Nina Saxon Film Design,1
m,composer,Secretaria para o Desenvolvimento do Audiovisual,1
m,composer,Ideal Pictures Corp.,1
m,director,Bayerische Landesanstalt für Aufbaufinanzierung,1
,writer,Contender Films,1
m,cinematographer,Atelier Cinéma de Normandie (ACCAAN),1
m,director,Nederlander Film,1
,writer,Golden Ring International,1
m,composer,Bayerische Landesanstalt für Aufbaufinanzierung,1
m,editor,Spiderwood Animation Productions,1
f,cinematographer,Mega Star Video Distribution,1
f,producer,Condor Vídeo,1
f,producer,Warner Home Video Inc.,1
,director,Sri Lakshmi Devi Productions,1
m,editor,Spiderwood Studios,1
f,producer,Société des Producteurs de L'Angoa,1
m,composer,Hualu Electronic Audio & Video Publish Co.,1
,director,Sri Balaji Video,1
m,producer,Jason Hall filmvideo,1
,director,Morell Design Corporation,1
f,composer,Canadian Film or Video Production Tax Credit (CPTC),1
,writer,Escapade Films Production,1
,writer,Rainbow Home Video,1
f,composer,Plus Video,1
m,composer,Sideshow Cinema,1
f,composer,Index Films,1
f,composer,Terminal Video,1
m,composer,Centro Nacional Autónomo de Cinematografía (CNAC) (I),1
m,cinematographer,Bootmen Productions (Hilary Linstead-Dein Perry),1
,writer,Légende Entreprises,1
m,cinematographer,Thunder Bay Pictures,1
f,composer,Citadel Entertainment,1
m,director,Les Films de l'Après-Midi,1
m,composer,Legal Video,1
,writer,Jude 1:23 Films,1
m,cinematographer,Occidental Media Corp.,1
f,writer,New Concorde Home Entertainment,1
,writer,Obsidian Order,1
f,director,Hemdale Home Video,1
f,actress,Conseil Général des Côtes d'Armor,1
m,director,Jason Hall filmvideo,1
,cinematographer,Avid Home Video,1
,writer,Double Wide Media,1
m,director,Fundação de Serralves,1
f,director,Underpaid Productions,1
,writer,InterCanadian Video Sales Inc.,1
,director,Fonds Images de la Diversité,1
m,composer,Wandering Star Pictures,1
m,editor,Deliberately Obtuse Entertainment,1
,writer,Legal Video,1
,writer,Verdecchi Film,1
f,editor,De Line Pictures,1
f,editor,ITI Home Video,1
,cinematographer,Daiei Home Video,1
f,actress,Supercollider Ltd.,1
,director,AKB Delovaya Rossiya,1
,writer,C.R.R.A.V. Nord Pas de Calais,1
,writer,Sudestada Cine,1
,director,Secretaria da Cultura da Prefeitura Municipal de São Vicente,1
,director,Videotek,1
f,producer,Band of Outsiders Films,1
m,writer,Little Wonder Productions,1
f,writer,Band of Outsiders Films,1
f,director,Globo Vídeo,1
,director,Chrysalide Film,1
f,editor,Band of Outsiders Films,1
f,editor,Tempe Video,1
m,director,Filmoimagen S.A. de C.V.,1
,writer,Scala Thunder,1
,editor,Six Feet Under Films,1
,composer,Secretaria da Cultura da Prefeitura Municipal de São Vicente,1
,writer,Videotek,1
m,editor,L'Office Federal de la Culture Suisse,1
m,director,The Developers of Incredible Power,1
,writer,Secretaria da Cultura da Prefeitura Municipal de São Vicente,1
f,producer,Film Depot,1
f,producer,Underhill Films,1
,director,Six Feet Under Films,1
,director,Filmayer Vídeo,1
,cinematographer,José Auzmendi Lizarralde,1
m,writer,Fantasy Home Video,1
f,producer,Paradigm Hyde Films,1
,cinematographer,Impuls Video,1
,writer,Six Feet Under Films,1
,director,Conseil National de Bretagne,1
m,director,Little Wonder Productions,1
f,producer,Nederlandse Programma Stichting (NPS),1
m,director,Fantasy Home Video,1
f,composer,Dedica Group,1
,writer,Conseil National de Bretagne,1
,writer,Golden Gate Entertainment,1
m,cinematographer,Dead at 40 Productions,1
f,producer,"BKM, kulturelle Filmförderung des Bundes",1
,writer,Fraserside Holdings Ltd.,1
,composer,Self Destructive Films,1
,director,"Zespol Filmowy ""Indeks""",1
,cinematographer,Shades of Utopia Productions,1
,director,Blue Yonder Films,1
,writer,Priapic Video,1
,writer,Golden Gate Pictures (II),1
m,producer,Cineteca de Nuevo Leon,1
m,director,Deviant Films,1
m,editor,Jason Hall filmvideo,1
,cinematographer,Wounded Eye Media,1
f,producer,Les Films de la Lymphe,1
m,cinematographer,Brideshead Films,1
m,composer,Manitoba Film and Video Production Tax Credit,1
,writer,Lee Mendelson Film Productions,1
,editor,Rotterdams Fonds voor de Film en Audiovisuele Media,1
,editor,De Productie,1
,director,Gardenia Films,1
,editor,Universidad Interamericana del Norte,1
,cinematographer,Concorde Filmed Entertainment,1
,writer,Taurus Film Video GmbH,1
,cinematographer,Adelaide Film Festival,1
,director,Galaxia Digital Video,1
,cinematographer,Burnside Distribution Company,1
f,producer,Tandem Pictures,1
m,editor,Little Wonder Productions,1
,director,Universidad Interamericana del Norte,1
,writer,Independent Filmmakers Cooperative (IFC),1
,writer,General Video,1
,writer,Galaxia Digital Video,1
,writer,Universidad Interamericana del Norte,1
f,composer,Frontier Developments,1
,writer,Velarde Films S.L.,1
f,writer,10th Grade Reunion Films,1
m,writer,Deviant Films,1
,writer,Palau de les Arts Reina Sofía,1
m,writer,Trilogie Halexander,1
m,composer,Trilogie Halexander,1
m,composer,CBS / Fox Video,1
f,editor,Becoming Jade Films,1
,writer,Academy for Future Science,1
m,composer,Vendetta Pictures,1
f,writer,BenderSpink,1
f,producer,Becoming Jade Films,1
,composer,Cinema Vendetta,1
,editor,Modern Grief Distributions,1
f,composer,La Ministre de la Culture et de la Communication,1
,writer,Video Maura,1
,composer,Escuela Internacional de Cine y Televisión (EICTV),1
f,director,DEMD Productions,1
,editor,Las Producciones de DDM,1
f,director,Becoming Jade Films,1
,editor,Red de América Latina,1
,writer,Wizard Video,1
f,producer,Zapata Design,1
m,composer,Fundacion Para el Apoyo Fomento y Proteccion del Arte y la Cultura A.C. (FAFOPROAC),1
m,cinematographer,Media Development Authority (MDA),1
,writer,BIG Home Video,1
m,writer,L'Office Federal de la Culture Suisse,1
f,director,Département de la Charente-Maritime,1
m,writer,Kindle Imagine Develop (KID),1
,editor,Modern Grief Productions,1
,director,Las Producciones de DDM,1
f,composer,Département Fédéral de l'Intérieur,1
f,editor,Renegade Animation,1
,writer,Las Producciones de DDM,1
m,cinematographer,Les Films de l'Astrophore,1
f,producer,Photographic Design Labs,1
m,writer,Fundação de Serralves,1
,writer,Big Idea,1
f,director,Video Service Corporation,1
,writer,Behaviour Worldwide,1
,writer,NBC Home Video,1
,director,Lucernafilm Video,1
m,director,Trilogie Halexander,1
f,composer,Andes Film Production,1
m,editor,Fidelity Films,1
m,composer,Outsider Films,1
m,cinematographer,Lumina Video,1
,director,Institut International de l'Image et du Son (IIIS),1
f,composer,Yamato Video,1
,editor,Bournemouth & Poole College of Art and Design,1
m,producer,AdultFriendFinder.com,1
m,cinematographer,Suzanne DeLaurentiis Productions,1
m,cinematographer,Videograph,1
m,writer,Sin City Video,1
,director,Deepjoy Picture,1
,writer,Lucernafilm Video,1
,writer,Institut International de l'Image et du Son (IIIS),1
,composer,L'Office Federal de la Culture Suisse,1
m,writer,Diva Video Entertainment,1
,director,Mei Ah Entertainment Development,1
m,writer,Golden Hello Entertainment,1
,writer,Delphine Software Interactive,1
m,director,Craig Anderson Productions,1
f,writer,Cort/Madden Productions,1
,composer,Ripley's Home Video,1
m,producer,Bill & Ben Video (BBV),1
m,writer,AdultFriendFinder.com,1
,writer,Mei Ah Entertainment Development,1
,cinematographer,Repubblica e Cantone del Ticino,1
f,actress,Ideami Studios,1
,writer,Orange Sky Golden Harvest Entertainment,1
,director,Opéra de Lyon,1
m,director,Golden Hello Entertainment,1
,writer,Les Films de la Boissière,1
m,composer,Vil Design,1
m,director,Most Video,1
m,editor,Ministère de la Culture et de la Francophonie,1
,writer,Attention to Detail (ATD),1
,director,Wander Films,1
f,editor,Tel Aviv University Film & Television Department,1
f,actress,Deal Productions,1
,director,Aran Endemol S.p.a.,1
,director,Alliance Releasing Home Video,1
,editor,Abordar - Casa de Películas,1
,composer,21st Century Video,1
m,writer,Cal-Vista Home Video,1
,editor,Project Trident,1
,composer,Gag Order Films,1
m,editor,Société Française de Production (SFP),1
m,editor,Maison Descartes,1
m,writer,Les Films de l'Astrophore,1
m,writer,Executive Video,1
f,producer,Redeeming Features,1
f,actress,Haut Monde,1
,writer,Aran Endemol S.p.a.,1
,writer,Project Trident,1
m,editor,Ministère de l'Éducation Nationale,1
,cinematographer,Wild Side Films,1
m,composer,Conseil Général de l'Indre,1
f,producer,Million Dollar Video Corporation,1
m,editor,Ide Productions,1
,cinematographer,China Star Worldwide Distribution,1
f,actress,Undead Cow Studios,1
f,actress,Brigham Young University Animation Dept.,1
m,composer,Les Films de l'Astrophore,1
m,director,Diva Video Entertainment,1
m,composer,Hidden Moon Productions,1
m,editor,Odeon Film,1
,writer,Decca Music Group,1
,writer,Faculty of Dramatic Arts Belgrade,1
m,director,AdultFriendFinder.com,1
,director,Compagnie Internationale de Communication,1
m,director,Las Perlas de la Virgen,1
m,director,Les Films de l'Astrophore,1
m,composer,Les Films de l'Espoir,1
,director,SF Video,1
f,writer,Dendy Films,1
,cinematographer,Golden Ticket Films,1
,writer,Providence Films,1
,writer,Compagnie Internationale de Communication,1
,writer,UGC Video,1
m,writer,Mark Borde Films,1
m,editor,Nord Pas de Calais Region,1
m,composer,Myndflame/Dementia,1
,writer,Szupermodern,1
f,director,Frontier Developments,1
m,director,Jade Films,1
,writer,Uderzo production,1
m,director,Maurício de Souza Produções Cinematográficas,1
,writer,Buena Vista Home Video (BVHV),1
m,writer,PBS Video,1
,director,Trimark Video,1
f,writer,Creative Light Worldwide,1
,director,Tandem Multimédia,1
m,cinematographer,theIndianMaiden.com,1
m,composer,Kaplan/Feder Films,1
,composer,Sony Music Video,1
m,composer,Polygram Video and Master Film,1
f,composer,Videotek,1
,editor,Parade Productions,1
f,director,Tel Aviv University Film & Television Department,1
m,editor,J.J. Sedelmaier Productions,1
,writer,Thought Collide Productions,1
m,director,theIndianMaiden.com,1
m,director,Lo Nuestro en Video SA,1
m,cinematographer,Dead Flower Productions,1
,director,Parade Productions,1
,writer,Polygram Video and Master Film,1
,writer,Parade Productions,1
,writer,Ministère de la Culture Italien,1
m,editor,Videoflims,1
m,composer,NewStar World Wide,1
m,editor,theIndianMaiden.com,1
f,editor,Fondo para la Producción Cinematográfica de Calidad (FOPROCINE),1
,director,New Golden Digital,1
,director,Presage Software Development Company,1
,director,"Deleo Animation Trust, The",1
,director,DUDE,1
m,composer,Golden Ring International,1
f,writer,Filmladen,1
f,composer,West Video,1
,writer,Devi Films,1
,cinematographer,Van Alden Pictures,1
,writer,Destined Media,1
,composer,Bundesministerium des Inneren (BMI),1
,writer,New Golden Digital,1
,writer,Presage Software Development Company,1
f,writer,L'Office Federal de la Culture Suisse,1
m,editor,Odyssey Video,1
f,director,Filmladen,1
f,editor,Studio Arkadena,1
f,producer,Rainstorm Video & Film,1
,director,Société Générale des Industries Culturelles du Québec (SOGIC),1
m,writer,"Museum of Modern Art, The (MoMA)",1
f,writer,Hyde Park Entertainment,1
f,cinematographer,Tel Aviv University Film & Television Department,1
m,cinematographer,no BIG deal productions,1
f,producer,Dark Thunder Productions,1
f,editor,Dark Thunder Productions,1
f,writer,Dualstar Home Video,1
,writer,Association Coopérative des Productions Audio-Visuelles (ACPAV),1
m,cinematographer,"Museum of Modern Art, The (MoMA)",1
m,director,Fantasy Bride Productions,1
m,composer,Commission Télévision de la Procirep,1
m,director,Odeon Pictures,1
,editor,8th Wonder Media Group,1
m,writer,Stone Dead FX,1
m,director,"Museum of Modern Art, The (MoMA)",1
,editor,Emily Carr Institute of Art + Design,1
m,cinematographer,The Fundacion del Nuevo Cine Latinoamericano,1
,director,Kuratorium Junger Deutscher Film,1
m,writer,Federalnoe Agentstvo po Kulture i Kinematografii,1
f,producer,I Sell My Tricks for Wooden Nickels,1
f,writer,Tel Aviv University Film & Television Department,1
m,composer,Internationale Filmproduktion Stella-del-Sud Third,1
m,composer,CIC Victor Video,1
,writer,Emily Carr Institute of Art + Design,1
m,cinematographer,Nederlands Filmmuseum,1
,director,Outrider Pictures,1
,writer,École Cantonale d'Art de Lausanne/Département Audiovisuel (ECAL/DAVI),1
m,director,Warner Bros. Pictures de España,1
m,director,Federalnoe Agentstvo po Kulture i Kinematografii,1
,director,Producciones Tijuana S.A. de C.V.,1
f,writer,Bombino Video Pvt. Ltd.,1
f,producer,Tel Aviv University Film & Television Department,1
,director,Région Champagne-Ardennes,1
m,producer,Vandelay Moving Picture Company,1
,director,Film Dept.,1
m,producer,Líbranos de la Inicuidad,1
,writer,Le Studio de Creation Cinematographique du Ministere de la Culture,1
,editor,Tradewind Pictures,1
,cinematographer,Film Dept.,1
m,producer,Esselte CIC Video,1
,writer,Région Champagne-Ardennes,1
f,writer,Digital Entertainment (DEI),1
m,director,Gobierno del Estado de Chiapas,1
m,writer,20th Century Fox Video Games,1
,cinematographer,Cité de Production Médiatique,1
f,writer,ETD Home Video,1
,cinematographer,Festival Lyrique de Saint-Céré et du Haut Quercy,1
,cinematographer,Independent Film Fund,1
,cinematographer,Sidecar Films & TV,1
m,writer,Decaro Films,1
m,cinematographer,G.E.R. (Grupo de Estudos e Realizações),1
m,cinematographer,Entermode,1
m,writer,Powder Room Films,1
,director,Pondera,1
,director,Filmstudio Demarsh,1
m,cinematographer,Thames Video Collection,1
,editor,Detailfilm,1
m,cinematographer,Institut National de l'Audiovisuel (INA),1
m,editor,Academy Pictures,1
m,cinematographer,Cine de Garage,1
,writer,Pondera,1
f,producer,Accidental Frame,1
m,director,Powder Room Films,1
,director,Szupermodern,1
,director,Odeon Rybarczyk Productions,1
,writer,740 Sound Design,1
,writer,Nahdet Masr Films,1
m,writer,Psychedelephant Productions,1
m,writer,Les Films de la Concorde,1
m,director,Grendel Productions Inc.,1
,director,Instituto Superior de Cine y Artes Audiovisuales N° 10 de Santa Fe,1
,cinematographer,Independent,1
,cinematographer,Shooting Star Video Distribution BV,1
,cinematographer,"BKM, kulturelle Filmförderung des Bundes",1
m,cinematographer,Three Degrees Off Center Productions,1
m,writer,Vandelay Moving Picture Company,1
,writer,Instituto Superior de Cine y Artes Audiovisuales N° 10 de Santa Fe,1
m,director,Psychedelephant Productions,1
m,producer,Brandon Whiteside Productions,1
,writer,"Ava Le Fou Brigade, The",1
,editor,Arccades Vidéo,1
,writer,Blockade Entertainment,1
,director,Deal Productions,1
,writer,Brothers of the Order,1
m,writer,Academy for Future Science,1
,editor,Mediaverkstedet i Bergen,1
f,actress,Pictures Dept.,1
m,director,Les Films de la Concorde,1
f,writer,Taideteollinen korkeakoulu,1
,director,Mediaverkstedet i Bergen,1
m,producer,Russian Federation of Cinematography,1
,writer,Conseil Général de l'Eure,1
m,editor,Fries Home Video,1
,composer,Mediaverkstedet i Bergen,1
,editor,K-tel Video,1
m,editor,BOB Film Sweden AB,1
f,editor,De Familie Janssen cbva,1
,writer,Mediaverkstedet i Bergen,1
,writer,Conseil Régional de Haute Normandie,1
f,editor,Fonds National de Soutien à la Production Audiovisuelle du Luxembourg,1
,editor,DeltaVideo (DV),1
f,editor,"Fonds d'Action de la Sacem, Le",1
,editor,Independent Exposure,1
,writer,Pundersons Gardens,1
,writer,Cascade Sky Films,1
,director,Chang-Hong Channel Film & Video Co.,1
,director,Les Films des Lucioles,1
f,editor,Clap - Produção de Filmes,1
m,director,Vandelay Moving Picture Company,1
,director,Independent Exposure,1
m,producer,Video Stoodeyä,1
,writer,Les Films des Lucioles,1
f,writer,Attitude Films,1
,composer,Independent Exposure,1
,writer,Independent Exposure,1
m,director,Academy for Future Science,1
m,director,FilmFour Video,1
,director,DMVE Culture Development Co. Ltd.,1
m,director,Barcode Films,1
,writer,Desselb Productions,1
m,composer,Bride Productions,1
m,writer,"CEV, Escuela Superior de Comunicación, Imagen y Sonido",1
,writer,Tuatha de Dannan,1
f,director,Attitude Films,1
m,director,"CEV, Escuela Superior de Comunicación, Imagen y Sonido",1
,writer,DMVE Culture Development Co. Ltd.,1
,director,Corazón de Melón,1
f,producer,FlipsideTV,1
f,writer,FlipsideTV,1
,director,Secretaría de Comunicaciones y Transportes (SCT),1
m,composer,Deepak Arts,1
f,writer,Blue Rider Pictures,1
m,producer,Academy for Future Science,1
,writer,Ville de Valence,1
,writer,Corazón de Melón,1
,writer,Conseil Général de la Drôme,1
,writer,Secretaría de Comunicaciones y Transportes (SCT),1
,writer,Centauro Films de Colombia,1
,director,Filmoteca del Centro Universitario de Estudios Cinematográficos de la UNAM,1
,director,Underground Films,1
f,cinematographer,FlipsideTV,1
f,director,FlipsideTV,1
,writer,Underground Films,1
m,writer,Adelante Tv Films,1
,director,Pandemic Production,1
m,writer,Delta Music & Entertainment,1
,director,Raedon Video,1
,director,College of Art and Design,1
m,director,Delta Music & Entertainment,1
m,producer,Essex Vídeo España S.L.,1
,director,Pandemic Studios,1
f,actress,Wilderness Films,1
f,director,Blue Rider Pictures,1
,writer,College of Art and Design,1
m,editor,"CEV, Escuela Superior de Comunicación, Imagen y Sonido",1
f,editor,FlipsideTV,1
,writer,Raedon Video,1
f,editor,Roadshow Entertainment Video,1
m,editor,Golden-Culture-Times,1
m,producer,"Dead Will Rise Studio, The",1
m,director,Adelante Tv Films,1
,director,Adelaide Festival of Arts,1
,cinematographer,Bournemouth & Poole College of Art and Design,1
f,director,Golden Village,1
m,writer,Starmaker Video,1
m,editor,Barcode Films,1
f,cinematographer,Centro de Capacitación Cinematográfica (CCC),1
m,editor,"Dead Will Rise Studio, The",1
,director,Twister Digital Video,1
,director,Blonde Melon,1
m,editor,Atlantide Entertainment,1
,writer,Blonde Melon,1
f,producer,Fonds Eurimages du Conseil de l'Europe,1
,writer,Independenta Film,1
,writer,Rendez-Vous Production,1
,editor,Ontario Film Development Corporation,1
,director,Private Lenders Group,1
m,writer,S.A.G. Independent Films,1
,writer,Starmaker Video,1
m,producer,High-Definition Motion Pictures,1
,director,On Camera Cinema e Vídeo,1
,writer,Nickelodeon/MTV Networks,1
m,producer,Maurício de Souza Produções Cinematográficas,1
m,producer,"Ava Le Fou Brigade, The",1
m,writer,"Ava Le Fou Brigade, The",1
,writer,Media Design Interactive (MDI),1
,director,Detonate International,1
f,editor,Medien- und Filmgesellschaft Baden-Württemberg,1
f,producer,Blue Yonder Films,1
,writer,Private Lenders Group,1
f,cinematographer,Didecine,1
m,cinematographer,"Ava Le Fou Brigade, The",1
,writer,Videomaura,1
m,composer,Cine Grande Corporation,1
m,director,"Ava Le Fou Brigade, The",1
m,composer,Private Lenders Group,1
m,editor,Psychedelephant Productions,1
,writer,Agence Nationale pour la Cohésion Sociale et l'Egalité des Chances (ACSE),1
f,cinematographer,Instituto Mexicano de Cinematografía (IMCINE),1
m,editor,"Ava Le Fou Brigade, The",1
m,editor,New Golden Digital,1
,editor,Trickfilmproduktion R. Grünenfelder,1
f,writer,Nova Scotia Film Development Corporation,1
f,director,Nova Scotia Film Development Corporation,1
m,cinematographer,Andrew Adelson Company,1
m,editor,Vandelay Moving Picture Company,1
,writer,Televisión Nacional de Chile (TVN),1
,director,Trickfilmproduktion R. Grünenfelder,1
,director,La Compagnie des Indes,1
,cinematographer,Trickfilmproduktion R. Grünenfelder,1
,writer,La Compagnie des Indes,1
,writer,Trickfilmproduktion R. Grünenfelder,1
m,cinematographer,Delta Video,1
m,cinematographer,Capital Cities/ABC Video Enterprises Inc.,1
m,cinematographer,Delante Films,1
m,producer,Decraien Films,1
,writer,Border Films,1
m,editor,Regent Worldwide Sales,1
,director,Myndflame/Dementia,1
,director,Sapir Academic Campus School of Film & Television Studies,1
m,writer,JMC Independent Productions,1
,cinematographer,Myndflame/Dementia,1
,writer,Sapir Academic Campus School of Film & Television Studies,1
f,director,Société Française de Production (SFP),1
,writer,Myndflame/Dementia,1
m,cinematographer,Taurus Video,1
m,producer,Independent Artists Pictures,1
m,director,Spicer Producciones S.A. de C.V.,1
m,producer,S.A.G. Independent Films,1
,director,8th Wonder Entertainment,1
f,writer,Arcade Movie Company,1
,director,Destiny,1
f,writer,Shochiku Home Video,1
m,writer,Independent Artists Pictures,1
m,composer,Scanner-Rhodes Productions,1
m,editor,Les Films du Lendemain,1
m,director,Independent Artists Pictures,1
f,producer,Medien- und Filmgesellschaft Baden-Württemberg,1
f,director,Mitteldeutsche Medienförderung (MDM),1
f,director,Medien- und Filmgesellschaft Baden-Württemberg,1
,writer,Lumière Home Vídeo,1
f,director,Kinderkanal,1
,writer,Maison de la Culture du Havre,1
f,producer,"Academy of Motion Pictures, Arts & Siences Film Archive, The",1
m,director,S.A.G. Independent Films,1
,writer,De Vliegende Hollander,1
m,writer,Independencia Productions,1
,director,Pickwick Video,1
m,writer,PBS Home Video,1
,editor,Kobe Design University,1
,editor,New Ogden Cinema,1
f,editor,Malofilm Home Video,1
m,cinematographer,Dee Gee Entertainment,1
f,writer,Undertow Pictures,1
,director,Kobe Design University,1
m,cinematographer,PolyGram Home Video,1
m,producer,Most Video,1
f,editor,Shochiku Home Video,1
,composer,Kobe Design University,1
m,composer,Centro Técnico de Audiovisual/ MinC,1
,cinematographer,Kobe Design University,1
,writer,Kobe Design University,1
,editor,Ciudad de la Luz,1
m,editor,Compagnie des Phares et Balises,1
f,director,Undertow Pictures,1
,composer,Capital Cities/ABC Video Enterprises Inc.,1
f,writer,Deadline Film AS,1
m,composer,Universidade Federal Fluminense (UFF),1
,writer,MCP Video,1
m,cinematographer,Golden Film Ltd.,1
m,director,Teletrade Sdn Bhd,1
,director,Design Academy Eindhoven,1
,director,Golden Screen,1
,composer,Delta Video,1
m,cinematographer,Providencia,1
,writer,Design Academy Eindhoven,1
,composer,Andrew Adelson Company,1
,writer,Golden Screen,1
f,producer,HilfertyHouse / Wundergeez,1
m,cinematographer,"Gobierno de Aragón, Departamento de Cultura y Turismo",1
,writer,Ideal World Productions,1
m,composer,Shade Pictures,1
m,writer,Sin Perdon de Dios,1
m,cinematographer,Caja de Ahorros de La Rioja (Cajarioja),1
,composer,Unknown Identity,1
,director,Independencia Productions,1
m,cinematographer,Gobierno de La Rioja,1
,writer,Independencia Productions,1
f,producer,HC Video Productions,1
f,writer,Conseil Régional de Franche-Comté,1
,writer,Ministère Libanais de la Culture,1
m,director,Centre du Cinéma et de l'Audiovisuel de la Fédération Wallonie-Bruxelles,1
,writer,Les Films de Beyrouth,1
m,cinematographer,Filmax Distr. de Pelic. S.A.,1
m,director,Sin Perdon de Dios,1
m,composer,Ravinder Grewal Productions,1
,director,Conseil Régional des Pays de la Loire,1
f,producer,Presidenzia del Consiglio del Ministri-Dipartimento dello Spettacolo,1
m,cinematographer,XYZ Desarrollos S.A.,1
f,producer,United Video,1
,writer,Adelson-Baumgarten Productions,1
,writer,Sony Music Video,1
,director,Les Films de la Baleine,1
,director,Beijing Forbidden City Film Co.,1
,director,Intermedia Film & Video,1
,director,Golden Film Ltd.,1
m,director,Casa Kafka Pictures Movie Tax Shelter Empowered by Dexia,1
m,producer,Bare Bones Independent Film Festival,1
,writer,Intermedia Film & Video,1
,writer,Les Films de la Baleine,1
f,writer,Riverside Productions,1
,editor,DEA Production,1
,director,École Nationale Supérieure des Arts Visuels 'La Cambre' (ENSAV),1
,director,DEA Production,1
,writer,Wandering Star Pictures,1
,writer,Raffaella De Laurentiis Productions,1
,cinematographer,DEA Production,1
,writer,École Nationale Supérieure des Arts Visuels 'La Cambre' (ENSAV),1
,writer,DEA Production,1
m,director,Lyons Den Productions,1
f,writer,"Alberta Film Development Program of the Alberta Foundation for the Arts, The",1
f,editor,Secretaría de Cultura de Neuquén,1
,writer,Palawood Development Inc.,1
,writer,CineCentrum Deutsche Gesellschaft für Film- und Fernsehproduktion mbH,1
f,actress,"Universidad del Cine, Argentina",1
m,producer,4-Bidden Asia Video,1
m,cinematographer,Lanterna de Pedra Filmes,1
,writer,Evergreen Video,1
m,producer,Decaro Films,1
,writer,Deutsche Bibelgesellschaft,1
m,director,Département des Alpes-Maritimes,1
f,editor,Filmakademie Baden-Württemberg,1
,director,TLA Video,1
,writer,New Deal Productions,1
,writer,TLA Video,1
,writer,Tri Destined Studios,1
,director,Academia de Filmes,1
f,director,Riverside Productions,1
m,cinematographer,Centre Promotor de la Imatge (CPI) S.A.,1
,writer,Academia de Filmes,1
m,cinematographer,Federalnoe Agentstvo po Kulture i Kinematografii,1
,director,Bayerische Film- und Fernsehförderung,1
,cinematographer,Latvijas Kulturas Akademija,1
,editor,Centre Promotor de la Imatge (CPI) S.A.,1
m,editor,Virgin Suicides LLC,1
,composer,Laguna Video Games,1
,writer,Rigas Dome un Rigas Domes Kulturas Departaments,1
f,producer,Tigers Den Studios,1
,writer,Adela Media,1
m,cinematographer,Bare Bones Independent Film Festival,1
,editor,Filmax Distr. de Pelic. S.A.,1
,director,Accuracy of Death Film Partners,1
m,editor,Undertow Pictures,1
m,writer,Westdeutsches Werbefernsehen (WWF),1
,editor,Gobierno de La Rioja,1
f,actress,Delphic Insight,1
f,director,Gemini Video Editions,1
,editor,Caja de Ahorros de La Rioja (Cajarioja),1
,editor,Golden Harvest,1
,editor,"Gobierno de Aragón, Departamento de Cultura y Turismo",1
m,cinematographer,Eva Merz PhotoDesign,1
m,writer,Production de Films SD,1
f,producer,4 Front Video,1
,director,Delante Films,1
,writer,Pandemic Production,1
m,cinematographer,Ass Video,1
m,composer,Bare Bones Independent Film Festival,1
f,writer,Mti Home Video,1
,writer,Moody Independent,1
m,director,CBS / Fox Video,1
,writer,Delante Films,1
m,editor,Lyons Den Productions,1
,cinematographer,Deiz Production,1
,cinematographer,Dentsu Productions Ltd.,1
m,editor,Film Depot,1
f,writer,New Concorde,1
,director,Delicious 9,1
f,producer,Thunder Road Pictures,1
m,composer,Guild Home Video,1
,writer,Delicious 9,1
,writer,Association Française des Cinémas d'Art et d'Essai (AFCAE),1
m,writer,Bande Dessinee Films,1
m,composer,Independence Film Group,1
,director,Golden Mean,1
m,cinematographer,Bande Dessinee Films,1
,writer,El Deseo S.A.,1
,writer,Collectif des riders et Réalisateurs,1
m,director,Underjord Produktion,1
m,director,Bande Dessinee Films,1
m,editor,Bande Dessinee Films,1
m,writer,Rebellion Developments Ltd.,1
f,producer,Toei Video Company,1
,composer,Videographe of Montreal,1
,cinematographer,Ringling College of Art Design,1
f,composer,Ministère de la Culture de la Republique Française,1
f,writer,Nouvelles Éditions de Films (NEF),1
,editor,RenderFilms,1
m,composer,Village Roadshow Pictures Worldwide,1
,composer,Universal Music & Video Distribution (UMVD),1
m,director,Ovídeo TV S.A.,1
m,director,Rodeo Drive,1
,writer,A Smith Side Entertainment,1
,composer,Sridevi Art Movies,1
f,writer,FilmFour Video,1
,producer,Alfa-Panorama Film & Video,1
,producer,Lucky Red Video,1
,director,Filmes de Fundo,1
,writer,Duck Decoy Production Inc.,1
m,editor,Kino International Video,1
,producer,Millenium Video,1
,producer,The Department of Radio-Television-Film University of Texas at Austin,1
m,editor,Independent Artists Collaborative,1
m,producer,Dead Cat Films,1
,cinematographer,Delfilm,1
,cinematographer,Wandering Films,1
m,cinematographer,Home Made Movies,1
,director,Beijing Film Academy,1
,editor,Supercollider Ltd.,1
,producer,Ace Deuce Entertainment,1
,cinematographer,Desire Media Entertainment,1
,producer,Queeriosity Video Project,1
f,actress,Sidequest Studios,1
,producer,Vendetta Producciones,1
m,director,Bare Bones Independent Film Festival,1
m,cinematographer,Ministère de la Culture Italien,1
,director,Vadever Producciones,1
m,director,Deutsche Columbia Pictures Film Produktion,1
,writer,Vadever Producciones,1
f,composer,ST2 Vídeo,1
,producer,Vadever Producciones,1
,cinematographer,Wide Frame Films,1
,director,Arden Film,1
,writer,Arden Film,1
f,composer,Intercontinental Video,1
,editor,Wander Films,1
f,producer,Platypus Underground,1
m,director,Wonderfly Films,1
,producer,Wander Films,1
,cinematographer,Rhode Island School of Design FAV Department (RISD),1
,editor,A Smith Side Entertainment,1
,director,Undead Cow Studios,1
,writer,Undead Cow Studios,1
,producer,Undead Cow Studios,1
,producer,Ide Productions,1
,editor,Levelheaded Productions,1
,producer,Vivivideo,1
,producer,Video Screen,1
f,editor,SBS Independent,1
f,actress,Project Trident,1
,producer,De Baron,1
,producer,Sapir Academic Campus School of Film & Television Studies,1
,producer,De/Center Communications Inc.,1
f,producer,Y's Ideas,1
f,producer,Handel Productions,1
,director,Wardenclyffe Entertainment,1
f,actress,Modern World Entertainment,1
f,director,Medienboard Berlin-Brandenburg,1
,writer,Wardenclyffe Entertainment,1
m,writer,Essex Vídeo España S.L.,1
m,editor,Bare Bones Independent Film Festival,1
,writer,Producciones Barba Loza S.A. de C.V.,1
,writer,Instituto Nacional de Desarrollo Social (INDESOL),1
f,director,Alambique Destilaria de Ideias Unipessoal,1
f,editor,Destined Media,1
,director,Studio Babelsberg Independents,1
f,actress,SF Video Productions,1
,cinematographer,Modesto Film,1
m,editor,Shooting Star Video Distribution BV,1
m,producer,WunderWerk,1
,writer,Michel de Wouters Production,1
,cinematographer,Delanic Films,1
m,writer,Independence Film Group,1
,writer,Edko Video,1
,cinematographer,Santo Domingo Film & Music Video,1
m,composer,Essex Vídeo España S.L.,1
f,producer,Concorde Filmed Entertainment,1
f,writer,Gemini Video Editions,1
f,writer,United Video,1
m,producer,RendezVous Films,1
,writer,ST2 Vídeo,1
,editor,Escola de Comunicação e Artes da USP,1
,director,Escola de Comunicação e Artes da USP,1
,writer,Escola de Comunicação e Artes da USP,1
,writer,Dedicated Works Productions,1
,writer,La Maison de Ecrivains,1
f,actress,Platypus Underground,1
f,writer,Filmakademie Baden-Wuerttemberg,1
f,writer,Les Cinémas de la Zone,1
m,producer,Ravinder Grewal Productions,1
m,editor,Providence Films,1
f,writer,Lanterna de Pedra Filmes,1
,writer,Gobierno del Estado de Veracruz,1
,writer,Les Films de l'Après-Midi,1
,writer,Videocolor,1
f,actress,Akademija scenskih umjetnosti u Sarajevu,1
m,director,Empire Videos,1
f,producer,Filmakademie Baden-Wuerttemberg,1
f,writer,Aldebaran Films Ltd.,1
,cinematographer,Desperado Film,1
f,actress,La Vaca de Muchos Colores,1
m,producer,Ravinder Grewal Productoins,1
,writer,Art Center College of Design,1
m,composer,Hand Made Heroes Film & Television,1
,director,C.R.R.A.V. Nord Pas de Calais,1
,editor,Blue Underground,1
,director,Trademark Films,1
f,director,Filmakademie Baden-Wuerttemberg,1
,cinematographer,"Klapa 22, Belgrade",1
,editor,Eden Cinema,1
,writer,PBS Video,1
m,cinematographer,Les Cinémas de la Zone,1
,director,Cine de Garage,1
,cinematographer,Cine de Garage,1
f,actress,Deutsche Exotik Filmproduktion GmbH,1
,writer,Cine de Garage,1
f,actress,Super Grande Films,1
m,editor,Densely Hollow Films,1
f,actress,Video Verité Productions,1
f,actress,C.E. Ciudad de la Luz,1
f,writer,Entermode,1
,writer,Y's Ideas,1
f,editor,Entermode,1
,writer,Konsortiet H.C. Andersens Lange Skygge,1
f,editor,Schröder Media,1
f,writer,Slide Screen Entertainment,1
m,producer,Département de la Charente-Maritime,1
,director,RCA/Columbia Pictures Home Video,1
,writer,Sky Eagle Worldwide Holdings,1
,director,Bardel Distribution,1
m,cinematographer,Pandering to Karma Productions,1
m,composer,La Géode,1
,director,Sridevi Productions,1
,director,Xanadeux Company,1
,director,Centro de Estudios en Ciencias de la Comunicacion (CECC),1
m,editor,Rastar/Leider-Shapiro,1
,cinematographer,Delta Filmverleih,1
,writer,Ministère de la Culture de la Republique Française,1
,editor,Video-books.gr,1
,director,Video Palace House of Distribution,1
,director,G-mode,1
,writer,G-mode,1
,director,Video-books.gr,1
,writer,Video-books.gr,1
m,cinematographer,Inside Films,1
m,cinematographer,Oficinas Experimentais de Cinema,1
m,writer,Empire Videos,1
f,producer,Kuratorium Junger Deutscher Film,1
,director,Aurum Design,1
,writer,Nickelodean Interactive,1
f,actress,Emmerson Denney Films,1
m,editor,Jour de Fête Films,1
,editor,Border Productions,1
f,actress,Vende-se Filmes,1
,editor,Undergo Entertainment,1
f,producer,Bundesministerium des Inneren (BMI),1
,writer,Aurum Design,1
m,composer,Ravinder Grewal Productoins,1
m,composer,VideoSif,1
,writer,Denis Friedman Productions,1
m,composer,Worldwide Video,1
,director,Fort Video,1
m,editor,Empire Videos,1
m,editor,Arcade Pictures,1
f,producer,Wonderfly Films,1
,writer,Bride For Christmas Productions,1
m,director,Warner On Demand,1
,writer,Compagnie des Films,1
m,editor,Les Films de la Lymphe,1
f,director,Philip Farah Produzioni Cinematografiche e Video,1
f,editor,BMG Independents,1
,writer,Fort Video,1
f,producer,Detonate International,1
,writer,Vilnius Academy of Fine Arts,1
,director,Netherlands Institute for Media Art / Montevideo TBA,1
f,cinematographer,New York Film Academy,1
f,producer,Modern Digital,1
,writer,Latitude Films,1
,director,Société Logovéenne du Film et de l'Image Pictures (SLOGF),1
f,writer,Cooperativa de Trabajo Felei,1
,writer,"Decca Record Company, The",1
,director,Moholy-Nagy University of Art and Design,1
,writer,Société Logovéenne du Film et de l'Image Pictures (SLOGF),1
,writer,Moholy-Nagy University of Art and Design,1
f,director,Redeeming Features,1
,cinematographer,Cinema Reloaded,1
m,producer,Metro Home Video,1
,cinematographer,China Vídeo,1
,writer,Departament de Cultura de la Generalitat de Catalunya,1
,editor,Film Studio Animacijas Brigade,1
m,composer,Bill & Ben Video (BBV),1
,director,Film Studio Animacijas Brigade,1
m,editor,Lourdes Enterprises,1
,cinematographer,Film Studio Animacijas Brigade,1
,writer,Film Studio Animacijas Brigade,1
m,composer,Avid Video,1
,writer,BFS Video,1
m,editor,iDeal Partners Film Fund,1
f,producer,Expanded Entertainment,1
f,composer,Katrina del Mar Photography,1
,editor,Süddeutscher Rundfunk (SDR),1
,editor,Filmes de Abril,1
m,writer,Kasander & Wigman Productions,1
,director,"Klapa 22, Belgrade",1
m,director,Metro Home Video,1
,writer,ThunderBall International Films,1
,writer,"Klapa 22, Belgrade",1
,director,Edivídeo,1
m,producer,Indept Pictures,1
m,writer,Indept Pictures,1
m,writer,Studio Hamburg WorldWide Pictures,1
m,editor,Fox/Lorber Video,1
f,producer,Pyramid Film and Video,1
,writer,Casa de Produção,1
f,director,Pyramid Film and Video,1
m,producer,BD Garden,1
m,editor,Videoservice,1
m,writer,Stichting Produktiefonds voor Nederlandse Films,1
m,cinematographer,Empire Video,1
f,producer,Videomatica,1
,writer,Lindemann Entertainment Group,1
,writer,Paradigm Hyde Films,1
,cinematographer,Video Omega,1
m,composer,Fear and Desire Productions,1
,cinematographer,New Yorker Video,1
m,producer,Jiangsu Cultural Realty Development,1
f,actress,"La Musée de la civilisation, Québec",1
m,editor,Most Video,1
,writer,Modern Faerietale Productions (MFT),1
m,editor,Fear and Desire Productions,1
m,writer,"American Independent Film Company, The",1
,writer,"University of the Arts, Philadelphia",1
,director,Televisión Nacional de Chile (TVN),1
m,writer,Pickwick Video,1
,writer,La Géode,1
,director,Deep See Productions,1
,writer,Deep See Productions,1
m,cinematographer,Video Collection International,1
m,director,El Lápiz de la Factoría,1
,writer,Frogwares Game Development Studio,1
m,writer,Videoscope Fernseh-Film GmbH,1
,director,Academy of Arts Higher Institute of Cinema,1
,director,Studio Campedelli,1
m,writer,Jiangsu Cultural Realty Development,1
,writer,Academy of Arts Higher Institute of Cinema,1
m,producer,Corazón de Melón,1
m,director,Stichting Produktiefonds voor Nederlandse Films,1
,writer,Studio Campedelli,1
m,director,Jiangsu Cultural Realty Development,1
,director,Trianon Vídeo,1
m,producer,Societé d'Exploitation et de Distribution de Films (SEDIF),1
,writer,Netherlands Film and Television Academy,1
m,director,Kasander & Wigman Productions,1
m,director,Elsevier-Vendex Film Beheer,1
m,director,Indept Pictures,1
,director,Rodeo Drive,1
m,composer,Shanghai Century Hero Film and Television Cultural Development,1
m,writer,Yodel Industries,1
,writer,ZylinderMeisters,1
,director,Greenerside Productions,1
f,writer,Independent Film Development,1
m,producer,Swing Home Vídeo,1
,writer,Greenerside Productions,1
m,producer,Flan de Coco Films,1
f,composer,Lee Mendelson Productions,1
,writer,Blue Gardenia Productions,1
,editor,Latitude Films,1
,director,Wildside Production,1
,writer,Kiss of Death Productions,1
,director,MPI Home Video,1
,writer,Gideon Productions,1
m,director,Les Films de la Lymphe,1
,composer,Conseil Général des Côtes d'Armor,1
m,composer,GoldenGirl FilmWorks Studios,1
m,director,Xscapade Pictures Ltd.,1
m,writer,Left Handed Radio,1
m,director,Yodel Industries,1
f,composer,CBS/Fox Home Video,1
,composer,Ville de Rennes,1
f,actress,La Compagnie des Indes,1
m,writer,Les Films de la Lymphe,1
f,editor,Scheherazade,1
,cinematographer,Karmen Video,1
m,director,Lindemann Entertainment Group,1
m,director,Cult Video,1
f,editor,Sherazade Film Development,1
,editor,Golden Tooth Productions,1
,director,Adelson Entertainment,1
,director,Regione del Veneto,1
,writer,Sociedad Anónima del Vídeo (S.A.V.),1
f,editor,Arbeitsgemeinschaft der öffentlich-rechtlichen Rundfunkanstalten der Bundesrepublik Deutschland (ARD),1
,editor,AkademskiFilmski Centar Dom Kulture Studentski Grad (AFC),1
m,composer,Sendel Producciones,1
,director,Golden Tooth Productions,1
f,producer,Spiderwick Productions,1
,editor,Akademski Filmski centar Dom Kulture Studentski Grad (AFC),1
,writer,Golden Tooth Productions,1
,director,Consorzio per la Tutela del Prosecco di Conegliano-Valdobbiadene,1
,director,AkademskiFilmski Centar Dom Kulture Studentski Grad (AFC),1
f,writer,Thunderhead Productions,1
,director,Akademski Filmski centar Dom Kulture Studentski Grad (AFC),1
,director,Keyweckshide Pictures,1
f,composer,Deutsche Film- und Fernsehakademie Berlin (DFFB),1
,writer,Marauder Productions (II),1
,writer,Latin American Video Archive (LAVA),1
f,director,Carolina Torn Asunder Inc.,1
,composer,Universidad Cardenal Herrera - CEU,1
,writer,Laguna Videospiele,1
f,director,Nederlandse Programma Stichting (NPS),1
,writer,Universidad Cardenal Herrera - CEU,1
m,cinematographer,By the River's Side Films,1
m,producer,Under the Umbrella Entertainment Group,1
,writer,Universal Music & Video Distribution (UMVD),1
f,composer,Kino Video,1
m,composer,Leader Asia Pacific Creativity Center,1
f,director,USA Home Video,1
m,director,BoulderLight Pictures,1
,director,Earthly Delights Films,1
,composer,Delirium,1
,director,"Academy of Fine Arts, University Zagreb",1
m,writer,Renegade Pictures (II),1
,writer,Delirium,1
,writer,"Academy of Fine Arts, University Zagreb",1
,composer,Videovox Stúdió,1
f,producer,Universidad Politécnica de Valencia,1
,writer,Films de Catsilglin,1
f,producer,WMA Independent,1
f,producer,Hispana de Producción,1
,writer,Bundesministerium des Inneren (BMI),1
,writer,WonderFarm,1
,editor,Deep Side,1
f,composer,Eden,1
,editor,Index Visual & Games,1
,editor,Index Holdings,1
f,composer,Filmtrade,1
m,composer,Alexander Genievsky,1
,director,Deep Side,1
m,editor,Pequena Central de Produções,1
m,director,Goldeco Pictures,1
,director,Index Visual & Games,1
,director,Index Holdings,1
,cinematographer,Sri Sai Deva Productions,1
m,director,"American Independent Film Company, The",1
,cinematographer,Viderent,1
,cinematographer,Région Champagne-Ardennes,1
m,cinematographer,Trademark Films,1
,director,Metropolitan Film & Video,1
m,director,"Furia de Titanes II, A.I.E.",1
,director,Modelink,1
,writer,American Independent Productions,1
m,editor,Kasander & Wigman Productions,1
m,producer,Arroba Films S.A. de C.V.,1
,writer,Modelink,1
f,writer,Société d'Edition et de Programmes de Télévision,1
,writer,Leader Music,1
f,editor,Contender Entertainment Group,1
,writer,Universidad del Cine,1
,director,Boulder Media,1
f,editor,BBC Worldwide,1
,writer,Cineplex-Odeon Films,1
,editor,Reaction Independent Studios,1
,writer,Boulder Media,1
,writer,Cadence Pictures,1
,cinematographer,Underground Films,1
,director,Strong Video,1
f,director,Schröder Media,1
,writer,Production Rudens,1
f,editor,Plus Video,1
m,composer,RCS Video,1
m,producer,Guangdong Wei Jia Video Production Ltd.,1
,editor,Deiz Production,1
m,cinematographer,Trianon Vídeo,1
,editor,Dentsu Productions Ltd.,1
,editor,Provideo Production House,1
f,producer,Penta Vídeo,1
,writer,Avid Video,1
,writer,Daredevil Films (II),1
,writer,Hi-Tech Video,1
,editor,Vladislav Delonge Production,1
m,editor,Sky Eagle Worldwide Holdings,1
,writer,Provideo Production House,1
,cinematographer,Lefwander Kapitalförvaltning AB,1
,cinematographer,Cinémadefacto,1
,writer,Vladislav Delonge Production,1
,writer,Delta Vidéo Diffusion,1
,editor,"Dirección de Investigación, Desarrollo Tecnológico y Experimentación Cinematográfica y de Cortometraje",1
,director,"Dirección de Investigación, Desarrollo Tecnológico y Experimentación Cinematográfica y de Cortometraje",1
m,editor,Wild Side Films,1
f,producer,Les Cinémas de la Zone,1
f,writer,USA Home Video,1
f,producer,Lanterna de Pedra Filmes,1
m,writer,Videocolor,1
m,cinematographer,Y's Ideas,1
f,editor,Odec Kid Cartoons,1
,writer,Defiant Pictures,1
,writer,Riverside Entertainment Group,1
m,writer,Gobierno del Estado de Veracruz,1
m,writer,Film House Kiselo Dete,1
,director,Conseil Général de la Seine-Saint-Denis,1
,writer,Videodis,1
,editor,Noorderlicht Film,1
,writer,Ministère de la Défense,1
,writer,Under Dog Distribution,1
f,editor,Euripide Distribution,1
,writer,Blended Planet Pictures,1
,director,Crude Experiments,1
,director,Collectivité Territoriale de la Corse,1
,writer,G.E.R. (Grupo de Estudos e Realizações),1
,director,Noorderlicht Film,1
,director,Nightshade Productions,1
,writer,Noorderlicht Film,1
,cinematographer,Crude Experiments,1
,cinematographer,Nightshade Productions,1
,writer,Opéra de Bordeaux,1
f,editor,Canadian Film or Video Production Tax Credit (CPTC),1
,writer,Forbidden City Studios,1
,writer,Videofilm,1
m,writer,Arroba Films S.A. de C.V.,1
f,editor,Les Ateliers de l'Arche,1
,writer,Dynamic Entertainment DEH,1
m,composer,Buena Vista Home Video (BVHV),1
f,cinematographer,Videosonic Arts,1
,director,Stimuleringsfonds Nederlandse Culturele Omroepproducties,1
,director,Lefwander Kapitalförvaltning AB,1
,writer,Scheherazade,1
,director,Pulsepounders,1
m,director,Film House Kiselo Dete,1
f,writer,Warner On Demand,1
,writer,NxtLvL Fight & Flight Design,1
,director,Valentine Video/Showtime Video Distribution,1
f,composer,Rodeo Drive,1
f,producer,Hualu Electronic Audio & Video Publish Co.,1
f,producer,Deutsche Filmförderfonds (DFFF),1
,editor,Infodel Media,1
,writer,Warner Bros. Home Video,1
m,cinematographer,Hallmark Video,1
,writer,Institut Valencia de Cinematografia (IVAC),1
,director,Les Films de la Suane,1
,writer,Vicia Vídeo de Valencia S.L.,1
m,director,Arroba Films S.A. de C.V.,1
,cinematographer,MediaTrade,1
,writer,Sender Freies Berlin (SFB),1
f,producer,Adelaide Festival of Arts,1
m,editor,Film House Kiselo Dete,1
m,cinematographer,Hellas Cosmos Video,1
f,cinematographer,BMG Video,1
f,cinematographer,Nederlandse Programma Stichting (NPS),1
f,cinematographer,Paris Vídeo,1
m,director,Evidence Films,1
f,cinematographer,Nederlands Fonds voor de Film,1
,director,New Eagle Video,1
f,producer,New Volga Videos,1
f,producer,Coded Transmission Studios,1
,editor,Aldebaran Films Ltd.,1
f,producer,Anderson Digital,1
,director,Ayngaran Video,1
f,writer,Coded Transmission Studios,1
f,cinematographer,Video Vision Entertainment,1
f,writer,Inside Track Productions,1
f,editor,Coded Transmission Studios,1
m,cinematographer,Institut Català de les Empreses Culturals (ICEC),1
f,composer,Latitude Media,1
,writer,Cinexus Bordertown Cafe,1
,director,Cinema Products Video,1
,editor,Maddening Loop Pictures,1
,director,Devyank Arts,1
m,producer,Gardenia Films,1
,cinematographer,Département de la Drôme,1
m,editor,Evidence Films,1
,director,Vaishno Academy,1
,writer,The Canada Manitoba Cultural Industries Development Office (CIDO),1
,director,Maddening Loop Pictures,1
f,cinematographer,Warner Independent Pictures (WIP),1
,editor,Demian Communications,1
,editor,ThunderBall Films,1
,writer,Escola Municipal de Formació Professional en Mitjans Audio-Visuals (EMAV),1
f,director,Universe Laser & Video Co. Ltd.,1
,editor,Dejavu-Filmverleih,1
m,writer,CIC Video Australia,1
m,director,Macari / Edelstein,1
,writer,Maddening Loop Pictures,1
f,editor,First Independent Pictures,1
,writer,Vaishno Academy,1
,composer,New Olga Videos,1
,director,Demian Communications,1
,director,ThunderBall Films,1
f,editor,Academy Distribuzione,1
,director,Les Films de l'Ours,1
f,editor,Les Films de Beyrouth,1
,director,Worldwide Film Entertainment,1
,director,Video Vision Entertainment,1
,editor,Modelink,1
m,cinematographer,Scanner-Rhodes Productions,1
,cinematographer,Les Films de l'Ours,1
,writer,Centre National de la Cinématographie et de l'Image Animée,1
f,producer,Nova Scotia Film Development Corporation,1
,writer,Les Films de l'Ours,1
f,editor,Ministère Libanais de la Culture,1
m,writer,Video Company,1
,writer,C-sales Arthouse Video,1
,editor,Líbranos de la Inicuidad,1
,editor,Ma.ja.de. Fiction,1
,director,Filmax Home Video,1
,director,Líbranos de la Inicuidad,1
,cinematographer,Líbranos de la Inicuidad,1
,writer,Líbranos de la Inicuidad,1
,writer,Ma.ja.de. Fiction,1
f,cinematographer,Dendy Films,1
,cinematographer,Start Desenhos Animados,1
,cinematographer,A Smith Side Entertainment,1
,editor,Shiny Object Digital Video Inc.,1
,writer,Compania Latinoamericana de Radiodifusion,1
,writer,Nederlandse Christelijke Radio Vereniging (NCRV),1
,director,Grupo Novo de Cinema e TV,1
,director,Cinema del Capriccio,1
,writer,Cinema del Capriccio,1
f,cinematographer,DeA Planeta Home Entertainment,1
,editor,Filmoteca de la UNAM,1
m,director,CIC Video Australia,1
m,writer,Cecil Video Distributors Pty. Ltd.,1
,cinematographer,Instituto de Capacitación Cinematográfica,1
,writer,Wanted Worldwide,1
f,editor,Les Films des Tournelles,1
,director,New Vision Video,1
,director,Schokolade Filmproduktion GmbH,1
,editor,Generalitat de Catalunya,1
f,writer,Frontier Developments,1
,writer,New Vision Video,1
m,director,Cecil Video Distributors Pty. Ltd.,1
,writer,Conseil Général de l'Indre,1
,editor,Manitoba Film & Sound Development Corporation,1
m,director,Video Company,1
,director,Taurus Video,1
,director,Polyband & Toppic Video / WVG,1
,writer,Concorde Filmed Entertainment,1
,cinematographer,21st Century Video,1
m,actress,Toho Video,1
,editor,Ideefixe Productions,1
f,producer,Producciones Alfa Audiovisual S.A. de C.V.,1
,director,Centre de la Première Oeuvre,1
,director,Cartunaria Desenhos,1
,writer,Centre de la Première Oeuvre,1
,writer,Cartunaria Desenhos,1
,director,CDE Videa,1
,director,Alamode Film,1
,writer,CDE Videa,1
m,director,Independent Pictures (II),1
f,editor,Ministère des Affaires Étrangères,1
f,editor,Borde Releasing,1
,writer,iWONDER Films,1
,writer,Metronome Video,1
,writer,Instituto Cubano del Libro,1
,writer,Columbia TriStar Comercio Internacional (Madeira) Ltda.,1
m,editor,Cecil Video Distributors Pty. Ltd.,1
,writer,Aberdeen Soldier Productions,1
f,writer,Département des Alpes-Maritimes,1
m,composer,Conseil Général de la Dordogne,1
f,director,Département des Alpes-Maritimes,1
f,composer,Filmladen,1
,editor,Deutsche Exotik Filmproduktion GmbH,1
,editor,defa-spektrum Filmverleih,1
,writer,Deep C-Star Productions,1
f,composer,Programme MEDIA de la Communauté Européenne,1
m,writer,Independent Pictures (II),1
,writer,Festival Lyrique de Saint-Céré et du Haut Quercy,1
f,director,Star Home Video,1
,director,JCO La Cour des Crèches,1
,writer,JCO La Cour des Crèches,1
m,producer,Shiny Object Digital Video Inc.,1
,writer,Attitude Films,1
,writer,Caméra Club de Genève,1
,director,Salto de Eje Producciones Cinematográficas S.L.,1
f,producer,Lanzarote Reserva de Biosfera,1
,writer,Tribeca Flashpoint Media Arts Academy,1
m,writer,DeFazio & DeFazio Productions,1
,director,Sri Sai Deva Productions,1
m,writer,Dean Lennerts Animation Production Class,1
,writer,Wonderland Ave. Films,1
,composer,Demian Communications,1
,writer,Salto de Eje Producciones Cinematográficas S.L.,1
m,writer,Shiny Object Digital Video Inc.,1
,writer,Sri Sai Deva Productions,1
,director,Deutsche Bundesstiftung Umwelt (DBU),1
,writer,Universal Video,1
,writer,Maria Grüner Kindertheater,1
f,writer,Warner Bros. Pictures de España,1
f,writer,Instituto de Capacitación Cinematográfica,1
,director,WonderFarm,1
,writer,Pan Vision Publishing Video,1
m,composer,Warner Home Video Inc.,1
,writer,Elsevier-Vendex Film Beheer,1
,writer,Navidi-Wilde Productions Ltd.,1
,writer,Thames Video Collection,1
,writer,Stichting Produktiefonds voor Nederlandse Films,1
f,editor,Mark Borde Films,1
,writer,Liquid Desert,1
,writer,Skillset Screen Academy Wales,1
,writer,Gran Teatre del Liceu,1
,writer,Edenwood,1
,writer,Tokyo Raiders,1
f,composer,Sociedad General de Televisión (Sogetel),1
m,director,Dean Lennerts Animation Production Class,1
,writer,Desert Skye Entertainment,1
,director,Esselte CIC Video,1
,director,Kiss of Death Productions,1
,cinematographer,World Wide Multi Media,1
,cinematographer,Kiss of Death Productions,1
m,director,Krauss-DeGrazier,1
,director,Delta Entertainment Corporation,1
f,cinematographer,LNK Video,1
f,editor,Le Groupement National des Cinémas de Recherche,1
,writer,Outsider Diffusion,1
f,writer,Goldenring Productions,1
,director,Le Village de Nuit,1
,writer,Video Service Corporation,1
,writer,Le Village de Nuit,1
,editor,Under the Rug Productions,1
,editor,Stowarzyszenie Twórców Filmu Animowanego Eksperymentalnego i Video Studio A,1
,director,Atitude Produções,1
m,director,BFI Video,1
,director,Stowarzyszenie Twórców Filmu Animowanego Eksperymentalnego i Video Studio A,1
,writer,Stowarzyszenie Twórców Filmu Animowanego Eksperymentalnego i Video Studio A,1
,writer,Saban Video,1
m,director,DeFazio & DeFazio Productions,1
m,composer,CIC Video Australia,1
,writer,Independent Film '97,1
m,director,Shiny Object Digital Video Inc.,1
,writer,Alambique Destilaria de Ideias Unipessoal,1
m,cinematographer,Alexandra Video Club,1
,writer,Cineplex Development,1
,writer,Anna Sanders Films,1
,writer,Haus der Kunst,1
,writer,Ministère des Affaires Etrangères et Européennes,1
m,writer,Théâtre National de Strasbourg,1
f,producer,Michael De Luca Productions,1
,writer,Ace Deuce Entertainment,1
,writer,Fildes Films,1
f,producer,Jour de Sete Films,1
,director,Rank Home Video,1
,writer,Rank Home Video,1
,writer,Kinovideoprokat,1
,cinematographer,Pro Video Film & Distribution Kft.,1
,writer,Trash Video,1
,writer,Andersen,1
,director,Celebrity Video Distribution,1
f,producer,Jour de Fête Films,1
m,editor,Deviate Pictures,1
m,composer,Video Company,1
,writer,Deivanai Movies,1
,director,Tuatha de Dannan,1
f,writer,Carolina Torn Asunder Inc.,1
f,editor,Departament de Cultura de la Generalitat de Catalunya,1
f,editor,Creativos Asociados de Radio y Televisión (CARTEL),1
,writer,Palisades-Tartan Acquisitions,1
,writer,Instinct Eden Rock International,1
,writer,Applause Home Video,1
f,director,Universal Music & Video Distribution (UMVD),1
m,editor,Kaleidescope Media Group,1
,writer,Forbidden Films,1
,director,Otto Desenhos Animados,1
,editor,Circus Devils,1
,director,Vodeotv,1
,director,Circus Devils,1
,writer,Département Fédéral de l'Intérieur,1
,composer,Circus Devils,1
,cinematographer,Circus Devils,1
,director,Interama Video,1
,writer,Circus Devils,1
,director,Les Films de l'Etang,1
,writer,Interama Video,1
,writer,Odeon Pictures,1
,writer,Devyank Arts,1
,writer,Spiderwood Productions,1
f,producer,La Géode,1
,cinematographer,Fantasy Home Video,1
m,producer,Films de Catsilglin,1
,writer,Elif Video,1
,cinematographer,Filmstudio Demarsh,1
,writer,Fernsehen der DDR,1
m,composer,Suspended Animations,1
,writer,Spiderwood Studios,1
,writer,Spiderwood Animation Productions,1
f,director,Flashpoint Academy,1
m,writer,Films de Catsilglin,1
m,composer,Golden Gate Pictures (II),1
,editor,Pictures Dept.,1
m,writer,Krauss-DeGrazier,1
m,cinematographer,Ardent Films,1
,cinematographer,Association Coopérative des Productions Audio-Visuelles (ACPAV),1
,writer,Rainstorm Video & Film,1
m,director,De Filmfabriek,1
,writer,Shiny Object Digital Video Inc.,1
,director,Pictures Dept.,1
m,director,Films de Catsilglin,1
,writer,Nederlands Filmmuseum,1
,cinematographer,Conseil Général de l'Oise,1
,cinematographer,Entermode,1
,cinematographer,La Géode,1
,writer,Pictures Dept.,1
m,editor,Ideami,1
,cinematographer,Ville de Compiègne,1
,cinematographer,Théâtre Impérial de Compiègne,1
,cinematographer,Société Européenne de Propulsion,1
,cinematographer,Le Théâtre Français de la Musique,1
,writer,Tragaluz Estudio de Artes Escénicas S.L.,1
m,composer,Golden Gate Entertainment,1
,writer,SM Development Corporation (SMDC),1
m,composer,Vox Video,1
,editor,Amazon Instant Video,1
m,composer,Becker Home Video,1
,director,Centre National de la Cinématographie et de l'Image Animée,1
f,writer,Fleur De Lis Film Studios,1
m,editor,Ideami Studios,1
m,director,Indeed films,1
,writer,Frederick S. Pierce Company,1
f,writer,San Antonio Independent Christian Film Festival,1
,writer,Elap Video,1
,director,New Deal Productions,1
,writer,Pro Video Film & Distribution Kft.,1
,director,Watkins World Wide,1
,director,Irresistible Delta,1
,director,Röde Orm Filmproduktion AB,1
f,director,Fleur De Lis Film Studios,1
,cinematographer,Black Binder Films,1
f,producer,Attitude Films,1
f,actress,ThunderBall International Films,1
,director,Delphis Films,1
,writer,Watkins World Wide,1
,director,Röde Orm Film,1
,writer,Irresistible Delta,1
,writer,Delphis Films,1
m,director,MCP Video,1
f,actress,ThunderBall Films,1
m,editor,Trianon Vídeo,1
,writer,De Cuernos Al Abismo,1
,writer,Dezenove Filmes,1
,writer,Sincronía Films S.A. de C.V.,1
m,composer,Decima Rosa,1
,composer,Electric Wonder Pictures,1
m,writer,Association Coopérative des Productions Audio-Visuelles (ACPAV),1
,director,Phenomic Game Development,1
,writer,Big Sky Video,1
,editor,Maison de la Culture du Havre,1
,writer,S.V. Murder Mystery Movies Inc.,1
,director,Golden A Entertainment,1
,writer,Jade City Internatioinal Films,1
,writer,Redeemable Features,1
,writer,WMA Independent,1
,writer,Sega Interactive Development Division,1
,writer,Brilliant Idea Group (BIG),1
m,writer,BFI Video,1
,director,Golden Harvest Entertainment,1
m,director,Vlaamse Gemeenschapscommissie van het Brussels Hoofdstedelijk Gewest,1
,writer,Panini Video,1
m,editor,Gag Order Films,1
f,editor,Occidental Media Corp.,1
f,producer,Felder Pomus Entertainment,1
f,editor,Sociedad General de Televisión (Sogetel),1
,writer,Resonance Film & Video,1
m,writer,Dino de Laurentiis Cinematografica,1
m,writer,De Filmfabriek,1
,writer,Paramount Video (PV),1
,director,Most Video,1
m,composer,Identity Films (I),1
,director,Turner Home Video,1
,writer,Shanghai Century Hero Film and Television Cultural Development,1
,writer,Dedalus,1
f,actress,Accorde Filmes,1
f,editor,Ovídeo TV S.A.,1
,director,Miramar Home Vídeo,1
,director,Inspidea,1
,editor,Universidade de Aveiro,1
,writer,Mexcinema Video Corp.,1
f,writer,Maison de Cinema,1
,director,TCU Student Filmmakers Association,1
,cinematographer,Produksjonsfondet for kino og fjernsynfilm,1
m,writer,Aslander Productions,1
,director,Universidade de Aveiro,1
m,director,Dino de Laurentiis Cinematografica,1
,writer,TCU Student Filmmakers Association,1
,cinematographer,Gardeshet Productions,1
f,director,Maison de Cinema,1
m,writer,Guild Home Video,1
m,writer,Vlaamse Gemeenschapscommissie van het Brussels Hoofdstedelijk Gewest,1
m,cinematographer,Aslander Productions,1
,cinematographer,Grupo de León,1
m,cinematographer,Gag Order Films,1
m,composer,Bayerische Film- und Fernsehförderung,1
m,composer,Soyuz Video,1
f,producer,GoldenArt Noto Productions,1
m,director,Guild Home Video,1
m,director,Secretaría de Cultura del Gobierno del Estado de Jalisco,1
m,director,Gag Order Films,1
m,writer,Xin-Sheng Dai Film & Video Co.,1
m,director,Serenade Films,1
f,writer,Société Générale de Gestion Cinématographique (SGGC),1
,cinematographer,Videovision Entertainment,1
f,director,Société Générale de Gestion Cinématographique (SGGC),1
m,cinematographer,Telemundo de Puerto Rico,1
f,producer,Concorde Anois,1
,cinematographer,Les Films de la Concorde,1
m,cinematographer,De/Center Communications Inc.,1
m,director,Conquistador Worldwide Media,1
,cinematographer,Sridevi Art Movies,1
,editor,Campede of Stattle,1
f,actress,Extra Extremadura de Audiovisuales S.A.,1
m,cinematographer,Pyramide International,1
m,writer,Visual Garden Productions,1
,cinematographer,Wiedemann & Berg Filmproduktion,1
m,director,Xin-Sheng Dai Film & Video Co.,1
f,writer,Latitude Media,1
,cinematographer,Consellería de Cultura e Comunicación Social,1
m,director,Association Coopérative des Productions Audio-Visuelles (ACPAV),1
m,director,Visual Garden Productions,1
,cinematographer,Accidental Pictures,1
f,writer,Random House Home Video,1
m,producer,De/Center Communications Inc.,1
m,writer,De/Center Communications Inc.,1
,cinematographer,Liquid Amber Design,1
,editor,DeriveApprodi,1
,cinematographer,Blvd St Germain des Pres,1
m,editor,Aslander Productions,1
,cinematographer,Consorcio para el Desarrollo Rural del Oriente de Asturias,1
,cinematographer,Strident Films,1
,cinematographer,Double Wide Media,1
m,cinematographer,Voladero Espacio Cultural,1
f,composer,Universidad Nacional Autónoma de México (UNAM),1
m,cinematographer,Bellezas de Puerto Rico,1
m,director,Hérodiade,1
,cinematographer,Meridian Video,1
f,editor,Valentim de Carvalho Multimédia,1
,cinematographer,Redeemable Features,1
,cinematographer,BSM: Barcelona de Serveis Municipals,1
,cinematographer,Ajuntament de Barcelona,1
,cinematographer,Condor Video,1
,cinematographer,Worldvision Home Video,1
,cinematographer,Deya Films,1
,cinematographer,Accorde Filmes,1
f,director,Fox-Walden,1
m,director,Gaumont Video,1
f,actress,DeMarsh Studios,1
m,writer,Secretaría de Educación Pública,1
m,director,Dedica Group,1
m,producer,Cinema Vendetta,1
,cinematographer,Made on a Bank Loan Production,1
m,cinematographer,Genius Parade,1
,cinematographer,Stimuleringsfonds Nederlandse Culturele Omroepproducties,1
m,producer,Légende Films,1
m,director,De/Center Communications Inc.,1
m,cinematographer,Cappa Defina Productions,1
f,writer,Independent Television Service (ITVS),1
f,editor,Independent Television Service (ITVS),1
,cinematographer,Sender Freies Berlin (SFB),1
m,writer,Abordar - Casa de Películas,1
,cinematographer,Depth of Field,1
,cinematographer,SchröderMedia HandelsgmbH,1
,cinematographer,Left Handed Radio,1
m,cinematographer,Arcades Project,1
m,producer,Secretaría de Educación Pública,1
m,writer,Indeed films,1
m,producer,Instituto Latinoamericano de la Comunicacion (ILCE),1
,cinematographer,Horwitz Independent Productions,1
,cinematographer,École Cantonale d'Art de Lausanne/Département Audiovisuel (ECAL/DAVI),1
,cinematographer,Beijing Fesco Prospect Culture Development,1
,cinematographer,Les Productions de la Lanterne,1
,cinematographer,Concorde Anois,1
,cinematographer,Bruder Releasing (BRI),1
m,director,Abordar - Casa de Películas,1
m,editor,Abordar - Casa de Películas,1
,cinematographer,UAP Video GmbH,1
,cinematographer,Rotterdams Fonds voor de Film en Audiovisuele Media,1
,cinematographer,Felder Pomus Entertainment,1
f,editor,Conseil Régional de Haute Normandie,1
f,actress,Dubbledee Pictures,1
f,writer,Independent Artists Unite,1
,cinematographer,iDeal Partners Film Fund,1
,cinematographer,De Productie,1
f,writer,Kino International Video,1
,cinematographer,Right Minded Productions,1
,cinematographer,Infodel Media,1
f,writer,Les Films du Lendemain,1
m,director,Dendron Motion Pictures,1
f,director,Kino International Video,1
f,director,Les Films du Lendemain,1
,cinematographer,Anthony DeRouen,1
f,producer,Noche de Brujas Producciones,1
,cinematographer,Dodecá,1
,cinematographer,Kino Kabaret International de Bruxelles,1
,cinematographer,De Angeles Films,1
m,composer,de Prume Productions,1
,cinematographer,Les Ateliers de l'Arche,1
,composer,Jude 1:23 Films,1
f,actress,Federal Film Reserve,1
m,writer,Instituto Latinoamericano de la Comunicacion (ILCE),1
,cinematographer,Anthony DeRouen Productions,1
m,producer,Emberwilde Productions,1
,cinematographer,Jude 1:23 Films,1
m,director,Secretaría de Educación Pública,1
f,actress,Weydemann Bros.,1
,cinematographer,Bingo Movie Development,1
m,producer,Le Village de Nuit,1
,cinematographer,Vende-se Filmes,1
m,cinematographer,Emberwilde Productions,1
m,editor,Deal,1
,cinematographer,Demian Film,1
m,director,Instituto Latinoamericano de la Comunicacion (ILCE),1
,cinematographer,Dead Cat Films,1
,cinematographer,Hidden Moon Productions,1
,cinematographer,Uderzo production,1
,cinematographer,Jade City Internatioinal Films,1
m,producer,Dendron Motion Pictures,1
,cinematographer,Ryder Seeler Productions,1
m,director,Emberwilde Productions,1
,cinematographer,Belvedere Entertainment,1
,composer,New York International Film and Video Festival,1
m,editor,Secretaría de Educación Pública,1
,cinematographer,Ideal World Productions,1
m,writer,Dendron Motion Pictures,1
m,editor,First Independent Pictures,1
m,editor,Emberwilde Productions,1
,cinematographer,Films de l'Iris,1
m,editor,Video Treasures,1
,cinematographer,Deepjoy Picture,1
m,editor,Instituto Latinoamericano de la Comunicacion (ILCE),1
,cinematographer,Mei Ah Entertainment Development,1
,cinematographer,Escola Municipal de Formació Professional en Mitjans Audio-Visuals (EMAV),1
,cinematographer,Kino Kabaret International de Montréal,1
f,producer,Deliberately Obtuse Entertainment,1
m,composer,Groupe de Recherches et d'Essais Cinematographiques (GREC),1
,composer,Bandersnatch films,1
m,composer,Burnside Distribution Company,1
m,composer,Desert Wind,1
m,editor,Canadian Independent Film and Video Fund,1
,cinematographer,Moody Independent,1
,cinematographer,Youngtze Film & Video Inc.,1
f,editor,Conseil Général de l'Eure,1
m,editor,Demeusy Pictures,1
f,actress,Wonder Mill Films,1
,cinematographer,Les Films de la Colombe,1
,cinematographer,"Fonds d'Action de la Sacem, Le",1
,cinematographer,Golden Hello Entertainment,1
m,director,Cinemex Films S.A. de C.V.,1
,cinematographer,"Cinema Design, Belgrade",1
m,director,Demeusy Pictures,1
f,writer,Groupement National des Cinémas de Recherche (GNCR),1
,cinematographer,Defender Films,1
,cinematographer,Aran Endemol S.p.a.,1
m,producer,Panini Video,1
,cinematographer,Cape Fear Independent Film Network,1
,cinematographer,Nouvelles Editions de Films (NEF),1
,cinematographer,Pampa del Castillo Producciones,1
,cinematographer,Lauren Films Video Hogar S.A.,1
m,composer,Raffaella De Laurentiis Productions,1
,cinematographer,Homemadefilms,1
f,editor,Videoflick,1
,cinematographer,Delusers,1
m,composer,Golden Port Productions Ltd.,1
f,producer,Le Groupement National des Cinémas de Recherche,1
,cinematographer,Canadian Independent Film and Video Fund,1
f,writer,Rundfunk Berlin-Brandenburg (RBB),1
m,cinematographer,"Kinovideoobedinenie ""Krupniy Plan""",1
f,composer,Videocine,1
m,producer,Les Films de la Baleine,1
,cinematographer,Applause Home Video,1
f,editor,Delux Productions,1
f,editor,Scala Thunder,1
m,cinematographer,Lux Vide,1
,cinematographer,Greenerside Productions,1
f,editor,Sony Pictures Video,1
f,editor,BBC Video,1
f,editor,Krause & Schneider Multimedia (KSM),1
f,writer,Hollywood Independents,1
,cinematographer,La Vinadella,1
m,editor,Dead Gentlemen Productions,1
,editor,Modern Films Production,1
,cinematographer,Consorcio Audiovisual de Galicia,1
m,composer,Lisa Demberg Productions,1
,cinematographer,Thunder Road Pictures,1
,cinematographer,Les Films de la Boissière,1
,cinematographer,Les Films de l'Astrophore,1
,cinematographer,"Furia de Titanes II, A.I.E.",1
m,composer,InterCanadian Video Sales Inc.,1
,cinematographer,Dino de Laurentiis Cinematografica,1
,cinematographer,Alianza Cinematografica Mexicana S.A. de C.V.,1
,cinematographer,Bonafide Films,1
,cinematographer,Deutschfilm,1
m,composer,Borden and Rosenbush Entertainment,1
m,director,Flan de Coco Films,1
,cinematographer,Opéra National de Lyon,1
,cinematographer,Davide Sada Films,1
,cinematographer,Meandering and Philandering,1
m,editor,Newlink Development,1
m,composer,J.J. Sedelmaier Productions,1
,cinematographer,Les Films de l'Isle,1
,cinematographer,Cinematografica del Prado S.A.,1
f,producer,Departament de Cultura de la Generalitat de Catalunya,1
,cinematographer,Taller de la Luz,1
,cinematographer,Huit et Demi Productions,1
,cinematographer,AZ Digital Video Dreams,1
m,composer,Entermode,1
,cinematographer,Canyon Vídeo,1
,cinematographer,Iron Oxide Productions,1
m,director,Denhem Wealth Holdings,1
,cinematographer,Société Logovéenne du Film et de l'Image Pictures (SLOGF),1
m,writer,Delicious Films,1
m,composer,Association Coopérative des Productions Audio-Visuelles (ACPAV),1
m,composer,Heavy Melody Music and Sound Design,1
,cinematographer,Sydney Underground Film Festival,1
m,producer,Movie Tax Shelter Empowered by Dexia,1
,cinematographer,Productions Paul Lederman,1
m,producer,Shooting Star Video Distribution BV,1
m,director,Shooting Star Video Distribution BV,1
,cinematographer,Compania Latinoamericana de Radiodifusion,1
,cinematographer,Point of Order Productions,1
m,director,Branded Entertainment/Batfilm Productions,1
,cinematographer,MonstreDe2Caps,1
,editor,Palawood Development Inc.,1
,cinematographer,Théâtre National de Strasbourg,1
,cinematographer,Röde Orm Filmproduktion AB,1
,cinematographer,Golden Girl,1
,cinematographer,Fábrica Brasileira de Imagens,1
,cinematographer,Röde Orm Film,1
m,cinematographer,Wandering Star Pictures,1
m,cinematographer,Ghosthouse Underground,1
f,writer,Little Gaddesden Productions,1
,cinematographer,Conseil Général de la Seine-Saint-Denis,1
,cinematographer,Weydemann Bros.,1
f,writer,Companhia de Imagem,1
f,producer,Nickelodeon Studios,1
,cinematographer,Videodis,1
,cinematographer,Orly Adelson Productions,1
m,writer,Golden-Culture-Times,1
,cinematographer,Federal Agency for Culture and Cinematography,1
m,writer,Golden Boy Productions,1
,cinematographer,Golden Eagle,1
m,director,Cosmic Video,1
,cinematographer,Forbidden City Studios,1
,cinematographer,Demtas Film,1
m,producer,Denhem Wealth Holdings,1
,cinematographer,New Deal Studios,1
,cinematographer,Halcyon Video Productions,1
f,composer,Universe Laser & Video Co. Ltd.,1
m,producer,Rolling Thunder Pictures,1
m,director,Golden Boy Productions,1
m,writer,Denhem Wealth Holdings,1
,cinematographer,Nederlander Film,1
f,editor,Worldwide Media,1
,cinematographer,SVS/Triumph Home Video,1
,cinematographer,New Vision Video,1
m,writer,Beijing Xiaoma Benteng Film & TV Culture Development,1
m,cinematographer,Made in Hong Kong,1
,composer,Instituto Superior de Cine y Artes Audiovisuales N° 10 de Santa Fe,1
,cinematographer,Golden Field Films,1
m,cinematographer,Videosino Ltd.,1
f,editor,DEJ Productions,1
m,director,Beijing Xiaoma Benteng Film & TV Culture Development,1
,cinematographer,AVU-Video-Vertriebs-GmbH,1
f,producer,AdultFriendFinder.com,1
m,editor,Manitoba Film & Sound Development Corporation,1
,cinematographer,Leader Music,1
m,writer,Département de la Drôme,1
m,producer,DeMarsh Studios,1
m,composer,DeMarsh Studios,1
m,composer,Les Films du Lendemain,1
,cinematographer,Essex Vídeo España S.A.,1
,cinematographer,Different by Design,1
,cinematographer,Destiny Image Films,1
,cinematographer,Dex Entertainment,1
m,composer,Ediciones del Sur,1
,cinematographer,Randum Video,1
m,director,Academy Films,1
,cinematographer,Deep Side,1
,cinematographer,Fonds Images de la Diversité,1
,cinematographer,Video Vigilantes,1
m,composer,Thunderhead Productions,1
,cinematographer,Dexia,1
,cinematographer,Index Visual & Games,1
,cinematographer,Outsider Pictures,1
m,cinematographer,DeMarsh Studios,1
m,composer,Denhem Wealth Holdings,1
,cinematographer,Index Holdings,1
,cinematographer,Mitteldeutsches Filmkontor (MDF),1
f,producer,Maison de Cinema,1
,cinematographer,Marauder Productions (II),1
,cinematographer,Videoload,1
,cinematographer,PBS Video,1
,cinematographer,Mexcinema Video Corp.,1
m,editor,Guangdong Qianhe Audio & Video,1
,cinematographer,Trade One,1
,cinematographer,Screen Pix Home Video,1
,editor,Stone Dead FX,1
m,producer,Video Data Bank,1
,editor,Emberwilde Productions,1
,cinematographer,De Efteling B.V.,1
,cinematographer,Lumière Home Vídeo,1
,cinematographer,BIG Home Video,1
,cinematographer,DeriveApprodi,1
,cinematographer,Monarch Video,1
f,producer,Atelier Cinéma de Normandie (ACCAAN),1
,cinematographer,Ma.ja.de. Fiction,1
m,composer,Ministry of Culture of the Russian Federation,1
,cinematographer,De Vliegende Hollander,1
,cinematographer,"Film Department, The",1
,cinematographer,Confident Films,1
,director,Olhos de Cão Produções Cinematográficas,1
,cinematographer,DEREVO,1
f,producer,Tradewind Pictures,1
,cinematographer,Hellas Video,1
m,writer,Mosquito Video & Animation,1
,cinematographer,Golden Screen Enterprises,1
m,composer,Ass Video,1
m,producer,Département de la Drôme,1
f,actress,Cinema Reloaded,1
,cinematographer,Le Studio de Creation Cinematographique du Ministere de la Culture,1
,cinematographer,Jovem Pan Home Vídeo,1
m,director,Little Gaddesden Productions,1
f,editor,Universidad Carlos III de Madrid,1
,cinematographer,Eco Filmes/Prisvideo,1
m,composer,Kasander Film Company,1
f,producer,iWONDER Films,1
m,director,Entermode,1
m,director,Département de la Drôme,1
f,producer,Atlas Worldwide Syndications and Distributions,1
,cinematographer,Slide,1
,editor,Miguel Ángel García de la Calera Elizarralde,1
f,editor,Association Coopérative des Productions Audio-Visuelles (ACPAV),1
f,producer,Koba Films Video,1
,cinematographer,ZylinderMeisters,1
f,producer,Films del Bungalow,1
m,cinematographer,Shochiku Home Video,1
m,director,Cami Video Release,1
f,producer,PBS Video,1
,cinematographer,S/S Fladen Film,1
m,cinematographer,Instinct Eden Rock International,1
m,writer,Lourdes Enterprises,1
,cinematographer,Sudestada Cine,1
f,director,Universidad Carlos III de Madrid,1
m,composer,Mullis Capital Independent,1
,cinematographer,Deutsche Grammophon,1
f,producer,Epidemic Pictures,1
f,cinematographer,Universidad Carlos III de Madrid,1
,cinematographer,Edel Media & Entertainment,1
f,writer,Universidad Carlos III de Madrid,1
m,composer,Good Worldwide,1
m,director,Sidecar Films & TV,1
f,producer,Central Independent Television,1
,cinematographer,independent players GmbH,1
f,writer,Central Independent Television,1
m,cinematographer,Navidi-Wilde Productions Ltd.,1
,cinematographer,Deviant Pictures,1
m,writer,Fidelis Films,1
,cinematographer,Newfull Development Company,1
m,cinematographer,Hualu Electronic Audio & Video Publish Co.,1
m,producer,Terra Video,1
,cinematographer,Metrodome Video Ltd.,1
,cinematographer,Cooperativa de Trabajo Felei,1
,cinematographer,Aldebaran Films Ltd.,1
,cinematographer,Deadline Film AS,1
f,writer,Cine Video y TV,1
m,director,Independent Film Fund,1
,cinematographer,The Pedestrain Pictures Inc.,1
,cinematographer,Sunnyside Down Productions,1
m,cinematographer,De Palacio Films,1
m,producer,Ignacio Benedeti Cinema,1
,editor,Pedestrian Productions,1
,cinematographer,Thunderhead Films,1
,cinematographer,Pedestrian Productions,1
,cinematographer,Scheherazade,1
,cinematographer,Cineplex-Odeon Films,1
,cinematographer,Deerbear Films,1
,cinematographer,Nova Scotia Film Development Corporation,1
f,director,Cine Video y TV,1
,editor,Sidecar Films & TV,1
,cinematographer,Frederator Incorporated,1
m,cinematographer,P.C. Saint Denis S.L.,1
,cinematographer,G-mode,1
m,director,Fidelis Films,1
,cinematographer,Film House Kiselo Dete,1
,cinematographer,Ideefixe Productions,1
,cinematographer,Légende Entreprises,1
,cinematographer,Bill Melendez Productions,1
m,editor,Fidelis Films,1
m,composer,Pedestrian Productions,1
,cinematographer,20th Century Fox de Venezuela,1
,cinematographer,Hey Jude Productions,1
,cinematographer,Les Films de Mai,1
f,producer,EI (Exposure Index) Independent Cinema,1
,cinematographer,Barnet Brookside,1
,cinematographer,Hellas Cosmos Video,1
f,director,Association Française des Cinémas d'Art et d'Essai (AFCAE),1
f,writer,Studio Babelsberg Independents,1
,cinematographer,Strong Video,1
f,director,Studio Babelsberg Independents,1
,cinematographer,Video Junkie,1
f,actress,Filme de Papel,1
,cinematographer,Golders Green Trinity URC,1
,cinematographer,Collectivité Territoriale de la Corse,1
,cinematographer,Miramar Home Vídeo,1
,cinematographer,PolyGram Home Video,1
m,cinematographer,RCA Home Video,1
,cinematographer,"Ontario Film Development Corporation, The",1
m,cinematographer,Wander Films,1
f,cinematographer,Medien- und Filmgesellschaft Baden-Württemberg,1
,cinematographer,The Czech Republic State Fund for Support and Development of Cinematography,1
m,producer,Deck of Cards Entertainment,1
f,writer,Films de l'Iris,1
,cinematographer,Adesif Productions,1
f,composer,América Vídeo,1
f,composer,Nippon Film Development and Finance,1
,cinematographer,Videotek,1
f,composer,DeriveApprodi,1
,cinematographer,Fernsehen der DDR,1
m,writer,theIndianMaiden.com,1
,cinematographer,Anand Video,1
f,composer,C/FP Video,1
,cinematographer,Golden Harvest Entertainment,1
f,composer,Indipendenti Regionali,1
m,cinematographer,Idea Generation Films,1
m,producer,Salto de Eje Producciones Cinematográficas S.L.,1
m,director,Trade Off Productions,1
,cinematographer,Les films de la Gaïole,1
m,director,Demtas Film,1
,cinematographer,Irresistible Delta,1
,cinematographer,Sky Cosmos Development,1
f,writer,Association Française des Cinémas d'Art et d'Essai (AFCAE),1
,cinematographer,C-sales Arthouse Video,1
,cinematographer,Videoimpulse,1
,editor,Desert Light Productions,1
,cinematographer,Wide Angle Media,1
,cinematographer,Lucernafilm Video,1
,cinematographer,Nickelodeon Animation Studios,1
,cinematographer,Gemini Video Editions,1
,cinematographer,Les Films de l'Après-Midi,1
,cinematographer,DAC de la Ville de Genève,1
,cinematographer,Modern Digital,1
,cinematographer,DIP de l'Etat du Valais,1
,cinematographer,Media Desk Suisse,1
,cinematographer,Filmayer Vídeo,1
,cinematographer,Fonds Culturel de Suissimage,1
m,editor,Denison Entertainment,1
,cinematographer,Desiderata Productions,1
,cinematographer,Identity Films (I),1
,director,G.E.R. (Grupo de Estudos e Realizações),1
,cinematographer,Youth Film Studio of Beijing Film Academy,1
f,composer,XYZ Desarrollos S.A.,1
m,producer,Eden Productions,1
m,writer,NxtLvL Fight & Flight Design,1
,cinematographer,Newfoundland and Labrador Film Development,1
,cinematographer,America Video,1
,cinematographer,Newfoundland Labrador Film and Video Industry Tax Credit Program,1
,cinematographer,America Video Film,1
,cinematographer,Mitteldeutsche Medienförderung (MDM),1
f,editor,Nederlands Filmmuseum,1
m,writer,Eden Productions,1
,cinematographer,Mediaverkstedet i Bergen,1
,cinematographer,L'Octopode,1
,cinematographer,Films de Catsilglin,1
m,composer,Happy Accident Productions,1
,cinematographer,Deutsche Exotik Filmproduktion GmbH,1
,cinematographer,Eden,1
,cinematographer,"Dama de Shanghai, La",1
,director,Independent Pictures (II),1
,cinematographer,Force Video,1
m,composer,Cosmic Video,1
m,editor,Ideal Pictures Corp.,1
,cinematographer,Worldwide Film Entertainment,1
m,editor,Hidden Mission Entertainment,1
,cinematographer,Eagle Video,1
m,composer,Demtas Film,1
,cinematographer,Independent Pictures (II),1
m,director,KGP Kranzelbinder Gabriele Production,1
,cinematographer,Women Under the Influence Films,1
,cinematographer,New Deal Productions,1
m,director,NxtLvL Fight & Flight Design,1
,cinematographer,DIA Distributori Indipendenti,1
,cinematographer,Le Deuxième Souffle Films & Associés,1
,writer,Warner Home Video France,1
,director,DeepStudios,1
m,director,Denison Entertainment,1
,writer,Kino International Video,1
,cinematographer,Ville de Strasbourg,1
,writer,Eco Filmes/Prisvideo,1
,writer,Pendefig Ty Cefn,1
m,editor,Delta Films,1
,writer,Anim CDE,1
,director,Destruction Film Productions,1
m,cinematographer,Adelante Tv Films,1
,writer,Inside Films,1
,director,Fragola Design,1
,cinematographer,Fragola Design,1
,editor,Institut Català de les Empreses Culturals (ICEC),1
,writer,Fragola Design,1
f,producer,Nederlands Filmmuseum,1
,writer,Les Films à Fleur de Peau,1
,director,Ass Video,1
,composer,Emily Carr Institute of Art + Design,1
,director,Cooperativa Productora Chupadero,1
m,producer,Generalitat de Catalunya,1
f,cinematographer,Nederlands Filmmuseum,1
,cinematographer,"Dirección de Investigación, Desarrollo Tecnológico y Experimentación Cinematográfica y de Cortometraje",1
,writer,High-Definition Motion Pictures,1
,editor,Mosquito Video & Animation,1
,director,Mosquito Video & Animation,1
,writer,Mosquito Video & Animation,1
m,editor,HBO Video,1
,writer,Phenomic Game Development,1
,director,Sunny Side Up,1
,writer,Cadenza Films B.V.,1
,writer,Aniade,1
f,editor,Videocine,1
,writer,VTI Home Vídeo,1
,writer,Number One Video,1
,editor,RenderFarm Graphics,1
m,writer,Credence Productions,1
,composer,Adela Media,1
,writer,Empire Videos,1
,director,RenderFarm Graphics,1
m,producer,Fraserside Holdings Ltd.,1
,cinematographer,RenderFarm Graphics,1
,writer,RenderFarm Graphics,1
m,writer,Demtas Film,1
m,editor,Delicious Films,1
,writer,DVD Liider,1
,editor,Emmerson Denney Films,1
,director,Shalimar Videos,1
,director,Development & Peace,1
m,cinematographer,Denison Entertainment,1
m,director,Russian Federation of Cinematography,1
,writer,Tides Foundation,1
,composer,BBC Video,1
,writer,Funders Workgroup for Sustainable Production and Consumption,1
m,writer,Société d'Edition et de Programmes de Télévision,1
f,writer,Les Films de l'Atalante,1
m,composer,Nicetop Independent Ltd.,1
f,producer,Cadenza Films B.V.,1
m,writer,Stimuleringsfonds Nederlandse Culturele Omroepproducties,1
m,cinematographer,Dernière Frontières Films,1
f,writer,Delaware Pictures,1
m,director,Dernière Frontières Films,1
m,editor,Adelante Tv Films,1
,editor,Deckert Distribution,1
,writer,Made In Madras,1
m,editor,Music Video Distributors (MVD),1
f,writer,De Efteling B.V.,1
f,actress,iWONDER Films,1
,director,VGIK - Debut,1
,writer,Multivideo,1
,writer,VGIK - Debut,1
,writer,Tide Rock Entertainment,1
,director,Pendefig Ty Cefn,1
f,director,Sony Video,1
m,writer,Hidden Mission Entertainment,1
,director,Hellas Video,1
m,writer,Credence Talent,1
f,writer,Département de la Charente,1
f,director,Département de la Charente,1
,writer,Confounded Films,1
,editor,Haut Monde,1
,editor,Worldwide Evolution Films,1
f,writer,Pampa del Castillo Producciones,1
,cinematographer,Videoscope Fernseh-Film GmbH,1
,cinematographer,Nahdet Masr Films,1
,editor,Parade Pictures Inc.,1
,cinematographer,Duck Decoy Production Inc.,1
m,director,Eden Productions,1
,cinematographer,Outsider Diffusion,1
m,editor,Dernière Frontières Films,1
m,composer,Vestron Video International,1
,cinematographer,Empire Videos,1
,cinematographer,Citadel,1
f,writer,Sony Video,1
f,producer,Film House Kiselo Dete,1
,cinematographer,"Vigor Mortis - Video, stage & words",1
f,actress,HoneyDew546 Productions,1
,director,The Department of Trade and Industry of South Africa,1
,cinematographer,The Institute for the Intellectual Development of Children & Young Adults,1
f,composer,Atelier de Production de la Cambre ASBL,1
,cinematographer,Dead Flower Films,1
,cinematographer,Video Medien Pool (VMP) GmbH,1
,cinematographer,Latitude Productions,1
m,composer,Vishaldeep International,1
,cinematographer,Eden Cinema,1
f,director,Red Desert Films,1
,cinematographer,Haut Monde,1
,cinematographer,Pasadena Films,1
m,composer,MMDP Munich Movie Development & Production GmbH & Co. Project KG,1
,cinematographer,Terminal Video,1
,cinematographer,Pander Productions,1
,cinematographer,Index Films,1
f,actress,DiTommaso Pictures in Association with Undertow Productions,1
,cinematographer,BenderSpink,1
f,producer,Wonderland Ave. Films,1
,director,Les Producteurs TV-Cine-Video (Telcima),1
,cinematographer,Filmoteca de la UNAM,1
f,writer,DiTommaso Pictures in Association with Undertow Productions,1
,cinematographer,"Madre del Cordero Films, La",1
,cinematographer,Deluded Penguin Productions,1
,cinematographer,Borderline Productions,1
,cinematographer,DeepStudios,1
,cinematographer,Disorder Productions,1
f,writer,Wonderland Ave. Films,1
,editor,JCO La Cour des Crèches,1
,cinematographer,JCO La Cour des Crèches,1
,cinematographer,Sideshow Digital,1
,cinematographer,Maison de la Culture du Havre,1
f,writer,defa-spektrum Filmverleih,1
m,cinematographer,Virgin Suicides LLC,1
m,writer,Kuratorium Junger Deutscher Film,1
m,director,Kuratorium Junger Deutscher Film,1
f,producer,Delius Film,1
,cinematographer,Arden Film,1
,cinematographer,Les Films de la Lymphe,1
,cinematographer,Cinema Delicatessen,1
,cinematographer,Wildside Production,1
m,cinematographer,Shiny Object Digital Video Inc.,1
,cinematographer,Gardenia Films,1
,cinematographer,Miguel Ángel García de la Calera Elizarralde,1
,cinematographer,Blockade Entertainment,1
m,editor,Escola de Imaxe e Son,1
,cinematographer,Italgest Video,1
,cinematographer,Video Maura,1
,cinematographer,Taurus Film Video GmbH,1
,cinematographer,Industrial Development Corporation of South Africa,1
,cinematographer,General Video,1
,cinematographer,Velarde Films S.L.,1
,cinematographer,Neuf de Coeur,1
,cinematographer,Ringleader Productions,1
f,director,DiTommaso Pictures in Association with Undertow Productions,1
m,cinematographer,Tradewinds Entertainment,1
,cinematographer,Odyssey Video,1
f,producer,Red Desert Films,1
,cinematographer,Institut Valencia de Cinematografia (IVAC),1
,cinematographer,Films de la Saga,1
,cinematographer,Vicia Vídeo de Valencia S.L.,1
,cinematographer,Delicious Films,1
,cinematographer,Modern American Cinema,1
,cinematographer,Sideshow Pictures,1
,cinematographer,Beijing Xiaoma Benteng Film & TV Culture Development,1
,cinematographer,Denhem Wealth Holdings,1
,cinematographer,"Centro de Proyectos Cinematográficos del ITESM, Campus Monterrey",1
,cinematographer,Maddening Loop Pictures,1
,cinematographer,Gatorade,1
f,writer,Red Desert Films,1
,cinematographer,Odeon Pictures,1
,cinematographer,VTI Home Vídeo,1
,cinematographer,Les Films du Lendemain,1
,cinematographer,Winstar TV & Video,1
,cinematographer,Arcade,1
,cinematographer,Doomraider Mob Productions,1
m,cinematographer,Bruno Andrade & Evilasia Poluceno,1
,cinematographer,BigDeni Filmes,1
,cinematographer,"Universidad del Cine, Argentina",1
,cinematographer,Süddeutscher Rundfunk (SDR),1
,cinematographer,Wonderfly Films,1
,cinematographer,Unité de Programmes Cinéma,1
m,editor,Cosmic Video,1
,cinematographer,World Wide Entertainment,1
,cinematographer,De Baron,1
,cinematographer,Metropolitan Film & Video,1
,cinematographer,Delusion Pictures,1
,cinematographer,Théâtre Musical de Paris Châtelet,1
,cinematographer,Gran Teatre del Liceu,1
,cinematographer,Golden Mark Film Distribution,1
,cinematographer,Noorderlicht Film,1
f,editor,Red Desert Films,1
,cinematographer,Tragaluz Estudio de Artes Escénicas S.L.,1
,editor,Gommiaproduccionindependiete,1
f,editor,Sincronía Films S.A. de C.V.,1
,cinematographer,Ideal Grace Production Company,1
,cinematographer,Derf Films,1
m,director,Michel de Wouters Production,1
,cinematographer,TimeCode NOLA,1
,cinematographer,Ride The Warble Films,1
m,director,Esselte CIC Video,1
f,editor,Dezenove Filmes,1
,cinematographer,Moving Image Development Agency,1
,cinematographer,Tempe Video,1
,cinematographer,Desert Skye Entertainment,1
,cinematographer,Escola de Comunicação e Artes da USP,1
,cinematographer,Delta Film,1
,cinematographer,Bevis Film and Video,1
,cinematographer,Déjàvu Deluxe,1
,cinematographer,Click Video,1
,cinematographer,Tandem Pictures,1
,cinematographer,VCL Video,1
,cinematographer,"Sword of Alexander Production Companies, The",1
f,editor,Equipment & Film Design,1
,editor,DiTommaso Pictures in Association with Undertow Productions,1
m,cinematographer,Video 80,1
f,editor,De Cuernos Al Abismo,1
,cinematographer,L'Atelier de Réalisation,1
f,editor,Jour de Fête Films,1
,cinematographer,Freunde der Deutschen Kinemathek,1
,cinematographer,Fidelity Films,1
,cinematographer,DiTommaso Pictures in Association with Undertow Productions,1
,cinematographer,Novyj Odeon,1
f,director,Tordenfilm AS,1
,cinematographer,SoftModel,1
,cinematographer,Pulsepounders,1
m,composer,Les Films des Trois Univers,1
,cinematographer,Underground Pictures,1
,cinematographer,Jorden Electronics,1
m,composer,Met / Hodder,1
,cinematographer,Desen International Media,1
,cinematographer,Las Producciones de DDM,1
f,producer,Destined Media,1
,cinematographer,Underground Film & TV Productions,1
m,editor,United Video,1
,cinematographer,SM Development Corporation (SMDC),1
,cinematographer,Spicer Producciones S.A. de C.V.,1
,cinematographer,Border Films,1
f,director,Agence Nationale pour la Cohésion Sociale et l'Egalité des Chances (ACSE),1
,cinematographer,High Definition Pictures,1
,cinematographer,Swing Home Vídeo,1
m,cinematographer,Conseil Général de l'Oise,1
m,producer,Detour Pictures,1
,director,Finnkino Video,1
,cinematographer,Questar Home Video,1
,cinematographer,Fladenfilm,1
,cinematographer,Ideacinema,1
,cinematographer,Cinétudes Films,1
,director,Lloyds Home Vídeo,1
,cinematographer,Association Française des Cinémas d'Art et d'Essai (AFCAE),1
,cinematographer,Wolfgang Odelga Filmproduktion GmbH,1
f,writer,Video Maura,1
,cinematographer,Edde Entertainment,1
,cinematographer,DED Films,1
,cinematographer,MCA Home Video,1
,cinematographer,Deepak Arts,1
,cinematographer,Delphic Insight,1
,cinematographer,BFS Video,1
,cinematographer,Wonder Works Films,1
,cinematographer,RCA/Columbia-Hoyts Home Video,1
,cinematographer,Dexterity Entertainment,1
,cinematographer,A Forbidden Love Film Partnership,1
,cinematographer,ETD Home Video,1
,cinematographer,Devil's Rock,1
,cinematographer,Videoservice,1
,cinematographer,Independent Pictures (III),1
,cinematographer,Centro de Estudios en Ciencias de la Comunicacion (CECC),1
f,cinematographer,Hellas Cosmos Video,1
,cinematographer,Aniade,1
m,composer,Les Films à Fleur de Peau,1
f,actress,NODE Studios,1
,cinematographer,Brentwood Home Video,1
f,producer,Nu Visión de Argentina,1
f,producer,Maple Shade Films,1
,cinematographer,The Fundacion del Nuevo Cine Latinoamericano,1
m,director,Video Stoodeyä,1
f,writer,Tordenfilm AS,1
m,producer,CBS Video,1
,cinematographer,Cinema De Balie,1
f,writer,Mirabai Films Delhi,1
,cinematographer,Haus der Kunst,1
,cinematographer,Hi-Tops Video,1
,cinematographer,Ministère des Affaires Etrangères et Européennes,1
,cinematographer,Tokyo Raiders,1
f,writer,Delhi Dot Com,1
,cinematographer,Provideo Production House,1
f,writer,World Wide Cinema,1
,cinematographer,Nishimura Motion Picture Model Makers Group,1
m,writer,Detour Pictures,1
,cinematographer,Academy Films,1
m,editor,Rudderpost Films,1
,cinematographer,Truque Produtora de Cinema,1
,cinematographer,ABC Film & Video,1
,cinematographer,Vladislav Delonge Production,1
,cinematographer,Academy of Amusement Media,1
m,producer,E.I. Independent Video,1
,cinematographer,Carousel Films and Video (CARSEL),1
,cinematographer,Ghosthouse Underground,1
f,actress,Trigger Street Independent,1
,cinematographer,Deep Sett Productions,1
,cinematographer,Guerilla Wanderers Films,1
,cinematographer,Fundação de Serralves,1
,cinematographer,Panini Video,1
,cinematographer,Gobierno de la Provincia de San Luis,1
,cinematographer,Consejo Nacional de Fomento Educativo,1
,cinematographer,Parade Pictures Inc.,1
,cinematographer,Under the Influence,1
,cinematographer,Decima Rosa,1
,cinematographer,Hidden Mission Entertainment,1
m,director,Borders Edge Productions,1
,cinematographer,Carmen Video,1
,cinematographer,Ontario Media Development Corporation (OMDC),1
,cinematographer,Destruction Film Productions,1
,cinematographer,High-Definition Motion Pictures,1
m,producer,Cami Video Release,1
f,director,Fonds Images de la Diversité,1
f,producer,Borders Edge Productions,1
,cinematographer,Légende Films,1
,cinematographer,Leader Asia Pacific Creativity Center,1
,cinematographer,CH Media Berlin Brandenburg GmbH & Co. KG,1
,cinematographer,President Films,1
,cinematographer,Paradigm Hyde Films,1
,cinematographer,Latitude Media,1
,cinematographer,Le Village de Nuit,1
f,editor,Borders Edge Productions,1
,cinematographer,Institut International de l'Image et du Son (IIIS),1
m,editor,CIC Home Video,1
m,director,Deutscher Fernsehfunk (DFF),1
,cinematographer,Krauss-DeGrazier,1
m,actress,Deltamac Entertainment,1
f,producer,"La Musée de la civilisation, Québec",1
,director,Band of Outsiders Films,1
,cinematographer,Dandelion Distribution,1
,cinematographer,Band of Outsiders Films,1
,cinematographer,Carolina Torn Asunder Inc.,1
,cinematographer,Columbia TriStar Comercio Internacional (Madeira) Ltda.,1
,cinematographer,Abode,1
,cinematographer,Arcade Pictures,1
,editor,Aurum Design,1
,cinematographer,Atlantis Video,1
m,director,Detour Pictures,1
,cinematographer,Departament de Cultura de la Generalitat de Catalunya,1
m,cinematographer,Independent Artists Unite,1
,cinematographer,Tandem Filmproduktion,1
,cinematographer,Rastar/Leider-Shapiro,1
f,producer,"De Mann Entertainment Company, The",1
f,producer,Odeon Video,1
,cinematographer,Fade 2 Black Films,1
,cinematographer,Filme de Papel,1
m,director,Fernsehen der DDR,1
,cinematographer,Penta Vídeo,1
,cinematographer,Vodeotv,1
m,cinematographer,Desiderata Productions,1
m,composer,Film Independent,1
,cinematographer,Sonovídeo,1
,cinematographer,Conseil Régional de Franche-Comté,1
,cinematographer,Conseil Général de l'Eure,1
,cinematographer,Idea Bank & Creation,1
,cinematographer,Modern Films Production,1
,cinematographer,Conseil Régional de Haute Normandie,1
,cinematographer,Concorde Media,1
,cinematographer,Tradewind Pictures,1
,cinematographer,United Video,1
,cinematographer,Nistal de Luna,1
,cinematographer,Paramount Pictures Home Video,1
,editor,In Spades Productions,1
,cinematographer,CBS Worldwide Inc.,1
,cinematographer,Finnkino Video,1
,cinematographer,Conseil Régional de Bretagne,1
,cinematographer,Deadly Films,1
,cinematographer,Trademark Films,1
,cinematographer,Dreidel Films,1
,cinematographer,Underhill Films,1
m,director,SF Video Productions,1
,cinematographer,Deep See Productions,1
,cinematographer,Film Depot,1
,cinematographer,Yamato Video,1
,editor,Independencia Productions,1
m,editor,Cape Fear Independent Film Network,1
,cinematographer,Pondera,1
,cinematographer,Nsavides Productions,1
,cinematographer,Videa,1
m,writer,SF Video Productions,1
m,editor,Detour Pictures,1
,cinematographer,Alfa-Panorama Film & Video,1
m,composer,Columbia TriStar Comercio Internacional (Madeira) Ltda.,1
,cinematographer,Televisión Pública de Canarias,1
,cinematographer,Studio Film Bilder,1
,cinematographer,Lucky Red Video,1
,cinematographer,Ministère Libanais de la Culture,1
,cinematographer,Les Films de Beyrouth,1
,cinematographer,Epidemic Pictures,1
,cinematographer,Schneider & Groos,1
,cinematographer,Soft on Demand,1
,editor,Playboy Home Video,1
,cinematographer,Made In Madras,1
,cinematographer,Most Video,1
,cinematographer,Les Films à Fleur de Peau,1
,composer,Instituto Cubano del Libro,1
,cinematographer,Exe Video,1
,cinematographer,Modern Grief Distributions,1
,cinematographer,Rigas Dome un Rigas Domes Kulturas Departaments,1
,cinematographer,World Wide Motion Pictures Corporation,1
,cinematographer,Modern Grief Productions,1
,cinematographer,Relatively Redeemable Productions,1
,cinematographer,Defiant Empire,1
,cinematographer,Pan Vision Publishing Video,1
m,editor,Film Afrika Worldwide,1
,cinematographer,Dezenove Som e Imagem,1
,cinematographer,Vishaldeep International,1
m,cinematographer,Borders Edge Productions,1
,cinematographer,Media Desk Hellas,1
,cinematographer,Happy Accident Productions,1
,cinematographer,Xscapade Pictures Ltd.,1
,cinematographer,Independent Productions,1
,cinematographer,CineCentrum Deutsche Gesellschaft für Film- und Fernsehproduktion mbH,1
f,director,Ripley's Home Video,1
,cinematographer,Added Films International,1
f,writer,Convivial Design Inc.,1
,cinematographer,Sociedade Independente de Comunicação (SIC),1
,cinematographer,Golden Screen,1
m,writer,Tigers Den Studios,1
,cinematographer,Super Grande Films,1
,cinematographer,Academy of Drama & Film Budapest,1
f,producer,Suzanne DeLaurentiis Productions,1
f,producer,Katrina del Mar Photography,1
,cinematographer,Like Minded Media,1
,cinematographer,Buena Vista International (Denmark),1
,cinematographer,Lava Video,1
,cinematographer,"CEV, Escuela Superior de Comunicación, Imagen y Sonido",1
,cinematographer,New Vision de Mexico S.A.,1
f,producer,Las Producciones del Escorpión S.L.,1
,cinematographer,New Eagle Video,1
,cinematographer,Cadenza Films B.V.,1
,cinematographer,Le Groupement National des Cinémas de Recherche,1
,cinematographer,Konsortiet H.C. Andersens Lange Skygge,1
,cinematographer,Alexander/Enright & Associates,1
,cinematographer,Secret Hideout Films,1
,cinematographer,Departure Studios,1
,editor,Step-Aside Entertainment,1
,editor,José Auzmendi Lizarralde,1
f,writer,Katrina del Mar Photography,1
f,director,Katrina del Mar Photography,1
,cinematographer,Step-Aside Entertainment,1
,editor,Impuls Video,1
f,director,Baggy Underpants,1
,cinematographer,MTI Video,1
,cinematographer,Institut Català de les Empreses Culturals (ICEC),1
m,cinematographer,Gobierno del Estado de Michoacán,1
,cinematographer,Joyful Founder,1
,editor,DEFA-Studio Babelsberg GmbH,1
f,editor,Katrina del Mar Photography,1
,cinematographer,Deer Path Productions,1
,cinematographer,Guild Home Video,1
f,producer,Rawhide Pictures,1
f,actress,De/Center Communications Inc.,1
,cinematographer,Latin American Video Archive (LAVA),1
,cinematographer,Steven de Jong Producties,1
,cinematographer,La Compagnie des Indes,1
f,writer,Rawhide Pictures,1
,cinematographer,DUDE,1
m,cinematographer,Archimède International,1
m,producer,La Maison de Ecrivains,1
,cinematographer,Département de la Charente-Maritime,1
f,director,Rawhide Pictures,1
,cinematographer,Oficinas Experimentais de Cinema,1
,cinematographer,Hidden Films Studios,1
,cinematographer,Schokolade Filmproduktion GmbH,1
m,editor,Inside Track Films,1
m,director,Pôle Image de Liège,1
,cinematographer,Independent Network International (INI),1
f,producer,Decaro Films,1
m,director,Nadeo,1
f,writer,Decaro Films,1
m,director,La Compagnie Deschamps et Makeïeff,1
f,editor,Warner Bros. Home Video,1
,cinematographer,Région Nord-Pas-de-Calais,1
m,producer,Film Dept.,1
m,cinematographer,Spiderwick Productions,1
,cinematographer,Gladeyes Films,1
,cinematographer,Music Video Distributors (MVD),1
,cinematographer,Milestone Film & Video,1
,cinematographer,Academy of Fine Arts Munich,1
,cinematographer,Filmverlag der Autoren,1
,cinematographer,Den Norske Filmskolen,1
,cinematographer,Deep Films,1
,cinematographer,Instituto Nacional Autónomo de Cinematografía,1
m,writer,Pôle Image de Liège,1
,cinematographer,Metal Blade Records,1
,cinematographer,Caradecão Filmes,1
,cinematographer,Adelaide Festival of Arts,1
m,editor,Hart Sharp Video,1
,cinematographer,XYZ Desarrollos S.A.,1
,cinematographer,Levelheaded Productions,1
,cinematographer,Institut des Arts de Diffusion IAD (Louvain-la-Neuve),1
,director,Wide Sight Entertainment Limited,1
,cinematographer,Videomatica,1
,cinematographer,Transcendental Audio,1
,cinematographer,Wide Wonder Productions,1
,cinematographer,Miramax Home Video,1
,cinematographer,Orange Sky Golden Harvest Entertainment,1
,cinematographer,USA Home Video,1
,cinematographer,Nippon Film Development and Finance,1
,cinematographer,Edenwood,1
,cinematographer,Kinovideoprokat,1
,cinematographer,Golden Ring International,1
,cinematographer,Obshchestvennoe Rossiyskoe Televidenie (ORT),1
,cinematographer,Evergreen Video,1
,cinematographer,Guangdong Wei Jia Video Production Ltd.,1
,cinematographer,Edko Video,1
m,writer,Nadeo,1
f,writer,Cooperativa de Trabajo Kaos,1
m,producer,Dex Entertainment,1
f,producer,Double Decher Productions,1
m,editor,Oulun käsi- ja Taideteollisuusoppilaitos,1
m,director,Fries Home Video,1
,composer,SP Sales Worldwide,1
,composer,Undead Cow Studios,1
m,writer,La Compagnie Deschamps et Makeïeff,1
f,director,de Prume Productions,1
,composer,Olhos de Cão Produções Cinematográficas,1
m,composer,Golden Network Asia,1
,composer,Movies Independent,1
m,cinematographer,Euripide Productions,1
m,editor,Deep Blue Pictures,1
,composer,Redeeming Features,1
f,producer,Dedicated Works Productions,1
m,producer,National Film Development Corporation,1
m,producer,Oulun käsi- ja Taideteollisuusoppilaitos,1
f,writer,Double Decher Productions,1
m,composer,Guangdong Wei Jia Video Production Ltd.,1
m,cinematographer,Number One Video,1
m,writer,Oulun käsi- ja Taideteollisuusoppilaitos,1
m,producer,Vladislav Delonge Production,1
,composer,Schroeder Hoffman Productions,1
m,composer,Intandem Films,1
m,writer,Desselb Productions,1
m,producer,Provideo Production House,1
f,director,Cooperativa de Trabajo Kaos,1
m,director,Desselb Productions,1
f,producer,de Prume Productions,1
m,director,Oulun käsi- ja Taideteollisuusoppilaitos,1
m,director,Vladislav Delonge Production,1
,composer,Sidereal Productions,1
m,composer,Cinevista Video,1
,composer,Maison de la Culture du Havre,1
,composer,Camara Municipal de Sintra,1
f,director,G.E.R. (Grupo de Estudos e Realizações),1
f,writer,de Prume Productions,1
m,director,Winson Video,1
,composer,Viderent,1
,composer,Media Desk Hellas,1
m,cinematographer,NewStar World Wide,1
m,editor,Krauss-DeGrazier,1
,composer,A Forbidden Love Film Partnership,1
m,cinematographer,Maple Shade Films,1
m,editor,Fidelio,1
m,editor,Adesif Productions,1
,composer,Film Studio Animacijas Brigade,1
,composer,Bonafide Films,1
f,producer,Pander Productions,1
m,director,Provideo Production House,1
f,actress,Cathay-Golden Village,1
m,producer,Alfa-Panorama Film & Video,1
f,writer,Craig Anderson Productions,1
m,editor,Ville de Strasbourg,1
m,producer,Golden Leaf Film Production Consultant,1
,composer,World Wide Entertainment,1
,composer,On Deck Interactive,1
m,writer,"Cinema Design, Belgrade",1
m,director,Golden Leaf Film Production Consultant,1
f,producer,Craig Anderson Productions,1
,composer,Independent Film '97,1
m,producer,L'Académie de France à Rome (Villa Médicis),1
m,editor,La Communauté Urbaine de Strasbourg,1
m,producer,La Générale de Production,1
f,producer,Dino de Laurentiis Cinematografica,1
f,actress,After Movies Video System,1
,composer,Accuracy of Death Film Partners,1
f,actress,Golden Eagle,1
m,producer,Hochschule der Medien,1
m,cinematographer,Kaplan/Feder Films,1
f,actress,Federal Agency for Culture and Cinematography,1
,composer,Cineplex Development,1
m,composer,Newfull Development Company,1
,composer,Lawrence Bender Productions,1
m,director,Institut Valencia de Cinematografia (IVAC),1
f,producer,8th Wonder Media Group,1
m,editor,Le Deuxième Souffle Films & Associés,1
f,producer,Rede Globo de Televisão,1
,composer,Delusers,1
m,director,Hochschule der Medien,1
f,writer,8th Wonder Media Group,1
f,editor,SVS/Triumph Home Video,1
m,cinematographer,Gobierno del Estado de Chiapas,1
,composer,Accolade,1
,composer,Nistal de Luna,1
f,editor,RCA/Columbia Pictures Home Video,1
,composer,Deerbear Films,1
f,actress,The University of Central Arkansas Dept. of Fine Arts and Communication,1
,composer,Golden Screen Enterprises,1
m,producer,Downside Productions,1
f,producer,Underdog Productions,1
m,writer,Downside Productions,1
f,writer,Underdog Productions,1
,composer,Like Minded Media,1
,composer,Boy Under Willow,1
,composer,Met / Hodder,1
m,director,Downside Productions,1
,composer,Rollin' Deep Productions,1
f,director,Underdog Productions,1
,composer,Tecnologico de Monterrey Campus,1
m,editor,Downside Productions,1
m,director,Scanner-Rhodes Productions,1
m,cinematographer,Fidecine,1
f,composer,Société Française de Production (SFP),1
,composer,Société des Producteurs de L'Angoa,1
,composer,Nickelodeon Productions,1
m,director,Dandelion Productions,1
,composer,Dedica Group,1
f,director,Lady Marmalade Music,1
,composer,SODEC,1
m,director,Dandelion Distribution,1
,composer,Trigger Street Independent,1
f,actress,Reaction Independent Studios,1
,composer,Ideacinema,1
,composer,Dubbledee Pictures,1
m,writer,Legal Video,1
,composer,Bata Animation and Video Productions,1
m,director,Resident Evil CG Film Partners,1
m,composer,Sky Eagle Worldwide Holdings,1
m,writer,Pyramide International,1
m,writer,DEFA-Studio Babelsberg GmbH,1
m,composer,CDE Videa,1
,composer,Robert Golden Films,1
m,editor,Spiderwick Productions,1
m,producer,Inside Track Productions,1
m,director,Legal Video,1
m,producer,Dead at 40 Productions,1
,composer,Sunset Hill Video,1
,editor,Legal Video,1
m,writer,Underground Pictures,1
m,director,Cineplex Development,1
m,writer,DeVine Works,1
,editor,Eike Besuden Filmproduktion GmbH,1
m,producer,DeVine Works,1
,composer,Concorde Media,1
f,director,Republic Pictures Home Video,1
m,producer,SuperExploder,1
m,writer,Dead at 40 Productions,1
m,director,Dead at 40 Productions,1
f,cinematographer,Societé d'Exploitation et de Distribution de Films (SEDIF),1
m,director,Underground Pictures,1
,composer,Produksjonsfondet for kino og fjernsynfilm,1
m,director,Universal Video,1
m,writer,Les Films de la Colombe,1
m,producer,Lucky Red Video,1
,composer,Les Films de l'Ours,1
m,director,Koba Films Video,1
,composer,"Deleo Animation Trust, The",1
,composer,Paradox Development,1
,composer,Instituto de Artes do Pará,1
,composer,MonstreDe2Caps,1
m,cinematographer,Warner Bros. Home Video,1
f,cinematographer,Video Film Express,1
f,composer,University of California Berkeley Extension Center for Media and Independent Learning (CMIL),1
m,writer,Undercover Productions (II),1
f,cinematographer,Ripley's Home Video,1
f,cinematographer,Abril Vídeo,1
m,cinematographer,NODE Studios,1
f,cinematographer,Ministère de l'Éducation Nationale,1
,composer,Duck Decoy Production Inc.,1
f,cinematographer,"Academy for Creative Media, University of Hawaii at Manoa",1
,composer,"Centro de Proyectos Cinematográficos del ITESM, Campus Monterrey",1
m,producer,Films de l'Iris,1
,composer,Thunderbolt Productions,1
,composer,Pandemic Production,1
,composer,Demi-Monde Productions,1
f,editor,Moholy-Nagy University of Art and Design,1
,composer,Golden Network,1
f,cinematographer,Les Films de l'Astrophore,1
f,cinematographer,Nord Pas de Calais Region,1
f,composer,Art Center College of Design,1
m,composer,Konsortiet H.C. Andersens Lange Skygge,1
m,writer,Disorder Productions,1
m,editor,Departamento de Cultura del Gobierno Vasco,1
,composer,BenderSpink,1
,composer,Code Entertainment,1
m,director,DEFA-Studio Babelsberg GmbH,1
m,director,Disorder Productions,1
m,composer,Escola Municipal de Formació Professional en Mitjans Audio-Visuals (EMAV),1
,composer,Cecil Video Distributors Pty. Ltd.,1
m,composer,Michel de Wouters Production,1
,composer,Devils Avalanche Films,1
m,editor,La Maison de Ecrivains,1
,composer,Emerson Independent Video,1
m,producer,Productora Andaluza de Programas S.A.,1
m,writer,Fade 2 Black Films,1
,composer,Fidelity Films,1
,composer,Advanced Computing Center for the Arts and Design (ACCAD) / The Ohio State University,1
,composer,Desperate Visions Productions,1
m,editor,Independenta Film,1
m,writer,Golden Network Asia,1
m,writer,Rascal Video,1
,composer,Despot Pictures,1
m,composer,Sri Balaji Video,1
,composer,Dosdecatorce Producciones,1
m,writer,Newlink Development,1
m,writer,Dentsu Productions Ltd.,1
,composer,Nickel Odeón Dos,1
f,writer,Alliance Atlantis Video,1
m,writer,Pan Vision Publishing Video,1
f,producer,Desert Eagle Productions,1
m,composer,Centre du Cinéma et de l'Audiovisuel de la Fédération Wallonie-Bruxelles,1
,composer,Conseil Général de l'Eure,1
,composer,Sri Balaji Video,1
f,actress,Independent Moving Pictures,1
m,editor,Kasander Film Company,1
,composer,Newfoundland and Labrador Film Development,1
,composer,Le Club des Investisseurs,1
,composer,Canadian Independent Film and Video Fund,1
,composer,Conseil Régional de Haute Normandie,1
m,writer,Deiz Production,1
m,editor,Kulturelle Filmförderung Sachsen,1
,composer,Newfoundland Labrador Film and Video Industry Tax Credit Program,1
,composer,Please Provide Pictures,1
f,editor,Leader Music,1
f,editor,CBS/Fox Video,1
,composer,JCO La Cour des Crèches,1
m,editor,"BKM, kulturelle Filmförderung des Bundes",1
,composer,Bevis Film and Video,1
m,editor,Filmförderung Hamburg,1
m,editor,Ministry of Culture of the Russian Federation,1
m,director,Independent Film '97,1
m,editor,Filmboard Berlin-Brandenburg (FBB),1
f,cinematographer,Deep C-Star Productions,1
f,cinematographer,Aberdeen Soldier Productions,1
m,composer,Pathé Video,1
,composer,Cines Unidos de Venezuela,1
f,editor,Deep C-Star Productions,1
,composer,DIA Distributori Indipendenti,1
,composer,InDigEnt (Independent Digital Entertainment),1
,composer,Villa del Cine,1
,composer,DAC de la Ville de Genève,1
m,composer,Cine Falcon Producciones S.A. de C.V.,1
f,editor,Aberdeen Soldier Productions,1
m,producer,MTV Networks de Mexico,1
m,composer,Raro Video,1
,composer,DIP de l'Etat du Valais,1
,composer,B.D. Fox Independent,1
,composer,Media Desk Suisse,1
,composer,Fonds Culturel de Suissimage,1
m,cinematographer,RCA/Columbia Pictures Video,1
m,writer,Desperate Pictures,1
m,cinematographer,New Vision Video,1
m,director,Sciapode,1
f,actress,Adesif Productions,1
,editor,Producciones Barba Loza S.A. de C.V.,1
m,composer,Les Films des Lucioles,1
f,producer,Dead Cat Films,1
m,cinematographer,Dentsu Tec,1
,composer,Edinburgh Skillset Screen and Media Academy,1
m,cinematographer,Mitteldeutsches Filmkontor (MDF),1
m,director,Hualu Electronic Audio & Video Publish Co.,1
f,cinematographer,Ministère de la Culture et de la Francophonie,1
f,producer,Adelaide Productions,1
f,writer,Universal Music & Video Distribution (UMVD),1
m,composer,Trash Video,1
m,producer,Moholy-Nagy University of Art and Design,1
m,writer,Lucernafilm Video,1
m,director,Secretaria de Turismo,1
m,producer,Horwitz Independent Productions,1
m,producer,On Deck Interactive,1
,composer,Manitoba Film & Sound Development Corporation,1
m,cinematographer,Under the Umbrella Entertainment Group,1
f,producer,CBS/Fox Home Video,1
m,director,Sridevi Productions,1
m,director,WMA Independent,1
m,director,Gobierno del Estado de Coahuila,1
f,composer,Self Destructive Films,1
m,cinematographer,Ich Kann Nicht Fliegen Bilder,1
m,director,Production de Films SD,1
f,editor,Odessa Films,1
m,director,Devgan Films,1
f,actress,Under the Rug Productions,1
m,writer,Fades 2 Black Media Group,1
,composer,Worldwide Evolution Films,1
m,director,Fades 2 Black Media Group,1
,composer,Moody Independent,1
,composer,Red de América Latina,1
f,producer,Filmayer Vídeo,1
m,producer,Desperate Pictures,1
f,director,Warner Home Video France,1
,composer,Arrow Film & Video,1
,composer,Brooklyn Independent Studios,1
,composer,High Fliers Video Distribution,1
m,composer,Latitude Films,1
m,director,Deco L.A. Productions,1
,composer,Deivanai Movies,1
m,director,Fábrica Brasileira de Imagens,1
f,actress,MTV Networks de Mexico,1
m,writer,Bankside Films,1
f,director,Milestone Film & Video,1
f,composer,MTV Networks de Mexico,1
m,director,Bankside Films,1
,composer,"University of the Arts, Philadelphia",1
m,director,Ideami,1
f,producer,Grupo Novo de Cinema e TV,1
m,producer,NTV Video Corporation,1
,composer,After Movies Video System,1
,composer,Aslander Productions,1
m,director,Cinevista Video,1
m,cinematographer,Sender Freies Berlin (SFB),1
m,director,Vicia Vídeo de Valencia S.L.,1
f,actress,Transcendental Audio,1
f,writer,Milestone Film & Video,1
,composer,Asociación Cine de Móstoles,1
m,cinematographer,Le Groupement National des Cinémas de Recherche,1
,composer,Independent Productions,1
m,composer,Filmes de Abril,1
,composer,Fonds Film in Vlaanderen,1
m,writer,Conseil Général de l'Indre,1
f,director,Tandem Communications,1
m,cinematographer,Desperate Pictures,1
,composer,Universal Video,1
m,cinematographer,Xunta de Galicia,1
f,director,Sociedad Anónima del Vídeo (S.A.V.),1
m,cinematographer,Asociación Cine de Móstoles,1
m,director,Desperate Pictures,1
,composer,Single Handed Films,1
m,cinematographer,New Puppet Order,1
m,director,Evergreen Video,1
m,editor,"Academy of Motion Pictures, Arts & Siences Film Archive, The",1
f,producer,Milestone Film & Video,1
f,editor,Paradigm Hyde Films,1
m,director,Konsortiet H.C. Andersens Lange Skygge,1
m,composer,Film Threat Video,1
,composer,Sociedad Anónima del Vídeo (S.A.V.),1
m,composer,Salt City Home Video,1
f,editor,21st Century Video,1
,composer,NODE Studios,1
f,writer,Virgin Suicides LLC,1
,composer,Schneider & Groos,1
,composer,Nederlander Film,1
m,producer,Deviant Pictures,1
f,director,Virgin Suicides LLC,1
,composer,Wonder View Films,1
m,writer,Fábrica Brasileira de Imagens,1
m,editor,Under the Influence,1
m,writer,Alpha Denshi Co. Ltd.,1
,composer,Wilderness Films,1
,composer,Deep Sett Productions,1
m,writer,"Universidad del Cine, Argentina",1
m,writer,Motherlode,1
m,writer,Worldwide Evolution Films,1
f,producer,Demi-Monde Productions,1
m,director,Sudden Motion Productions,1
m,composer,Academy Films,1
m,composer,Adelaide Festival of Arts,1
m,director,Real Blonde Productions Corp.,1
m,director,Laguna Videospiele,1
m,editor,Kiss of Death Productions,1
m,producer,"Universidad del Cine, Argentina",1
m,director,Frederick S. Pierce Company,1
m,director,Modern Films Production,1
m,writer,Deutsche Bundesstiftung Umwelt (DBU),1
,composer,Dino de Laurentiis Cinematografica,1
m,editor,Desperate Pictures,1
m,cinematographer,Fear and Desire Productions,1
,composer,Tandem Productions (II),1
,composer,De Fina-Cappa,1
f,director,Videa,1
f,writer,Lider Films,1
,composer,Step-Aside Entertainment,1
m,writer,Real Blonde Productions Corp.,1
,composer,Big Idea Films,1
,composer,Idea Generation Films,1
m,director,Commissão de Valores Mobiliarios,1
m,writer,Kinderfilm,1
,composer,World Wide Cinema,1
m,director,"Universidad del Cine, Argentina",1
m,editor,Eden,1
,composer,"Omniversum, Den Haag",1
m,editor,"Universidad del Cine, Argentina",1
,composer,Real Blonde Productions Corp.,1
m,editor,Zondervan,1
f,writer,Deutsche Filmförderfonds (DFFF),1
m,director,De Angeles Films,1
m,editor,SODEC,1
m,director,Nordiska TV-Samarbetsfonden,1
f,writer,Pathé Video,1
,composer,Independent Artists Unite,1
m,editor,The Department of Trade and Industry of South Africa,1
m,writer,Gideon Production Group,1
m,writer,Latitude Productions,1
,composer,CH Media Berlin Brandenburg GmbH & Co. KG,1
m,producer,Atelier Cinéma de Normandie (ACCAAN),1
,composer,Pixade,1
,composer,Hidden Staircase,1
m,editor,Xanadeux Company,1
m,director,Pathé Video,1
,composer,PBS Home Video,1
m,director,Ringleader Productions,1
,composer,Trickfilmproduktion R. Grünenfelder,1
m,writer,"Film Department, The",1
,composer,BIG Home Video,1
m,producer,Deos Animation Studios,1
m,writer,BIG Home Video,1
,composer,Extra Extremadura de Audiovisuales S.A.,1
m,director,BIG Home Video,1
m,composer,Canyon Vídeo,1
,composer,Defender Film Company (II),1
,composer,Région Champagne-Ardennes,1
,composer,Deluxe Australia,1
m,director,Ardent Films,1
f,producer,Lyrick Studios Video,1
f,producer,Big Idea,1
m,writer,High Fidelity Films,1
m,cinematographer,High Fidelity Films,1
m,writer,Delta Films,1
,composer,Rolling Thunder Pictures,1
,composer,Dualstar Home Video,1
m,writer,Sendeja Films S.A.,1
,composer,Medien Ideen,1
m,editor,Fantasy Bride Productions,1
m,director,Hi-Tech Video,1
,composer,DEJ Video Distribution,1
m,director,High Fidelity Films,1
m,composer,Fantasy Home Video,1
m,director,New Concorde,1
m,editor,JFTHOI Video,1
,composer,Deathtrip Films,1
,composer,"Vigor Mortis - Video, stage & words",1
f,director,Canadian Film or Video Production Tax Credit (CPTC),1
,composer,Snowden Fine Animation,1
m,director,Fidelio Films,1
f,composer,Warner Independent Pictures (WIP),1
m,director,"Film Department, The",1
m,director,Delta Films,1
,composer,Fries Home Video,1
f,composer,Cecchi Gori Home Video,1
f,producer,Televisión Federal (Telefe),1
f,editor,Nina Saxon Film Design,1
f,writer,Pickwick Video,1
m,editor,Brothers of the Order,1
,composer,S.V. Murder Mystery Movies Inc.,1
m,producer,Trigger Street Independent,1
m,director,Goldenring Productions,1
m,cinematographer,Campede of Stattle,1
f,actress,Casa de Produção,1
m,writer,Vendetta Pictures,1
,composer,Films del Bungalow,1
m,director,Vendetta Pictures,1
,composer,Alianza Cinematografica Mexicana S.A. de C.V.,1
,composer,Hey Jude Productions,1
,composer,Sudden Black,1
m,composer,Thunderbolt Productions,1
,composer,Outsider Pictures,1
,composer,Universidade de Aveiro,1
m,producer,Fidelio Films,1
,composer,Voladero Films,1
,composer,JMC Independent Productions,1
,composer,Taller de la Luz,1
,composer,Cinematografica del Prado S.A.,1
f,composer,Demi-Monde Productions,1
,composer,Suzanne DeLaurentiis Productions,1
,composer,Producciones Rodas S.A. de C.V.,1
,composer,Instituto de Capacitación Cinematográfica,1
m,writer,Miguel Ángel García de la Calera Elizarralde,1
m,director,Miguel Ángel García de la Calera Elizarralde,1
,composer,Arccades Vidéo,1
f,actress,Sidewinder Films,1
,composer,Demtas Film,1
,composer,Süddeutscher Rundfunk (SDR),1
m,director,Nickel Odeón Dos,1
,composer,Daniel Hernández Garza,1
,composer,Eva Merz PhotoDesign,1
m,editor,Vendetta Pictures,1
m,director,Pilton Video,1
m,writer,Questar Home Video,1
,composer,Odean S.A.,1
m,composer,Platypus Underground,1
,composer,Wellmade Entertainment,1
,composer,Academy of Fine Arts Munich,1
m,cinematographer,Attitude Films,1
m,cinematographer,Madeleine Films,1
,composer,"CEV, Escuela Superior de Comunicación, Imagen y Sonido",1
m,producer,NDE Studios Inc.,1
,composer,Motherlode,1
m,director,Underground Film & TV Productions,1
,composer,Vodeotv,1
,composer,Vandelay Moving Picture Company,1
m,producer,Randum Video,1
f,editor,Deuce Three Productions,1
m,producer,Nederlands Filmfestival,1
f,editor,Modern Digital,1
,composer,WonderFarm,1
,composer,Palawood Development Inc.,1
,composer,Palace Video,1
m,cinematographer,Concorde Filmed Entertainment,1
,composer,K-tel Video,1
,composer,Groupement National des Cinémas de Recherche (GNCR),1
,composer,De Filmfreak,1
m,director,PolyGram Home Video,1
,composer,DeltaVideo (DV),1
,composer,Deep Blue Pictures,1
,composer,Connoisseur Video,1
,composer,Inside Track Productions,1
f,director,De La Salle - College of Saint Benilde,1
m,writer,Pilton Video,1
m,writer,Skillset Screen Academy Wales,1
,composer,Lux Vide,1
,composer,Meridian Video,1
m,director,Master Video,1
,composer,Pickwick Video,1
f,editor,Dee Gee Entertainment,1
,composer,Pendefig Ty Cefn,1
m,director,Skillset Screen Academy Wales,1
f,editor,Hyde Park Entertainment,1
f,editor,Califórnia Home Vídeo,1
,composer,Team Video Plus,1
,composer,Le Village de Nuit,1
m,director,Ideami Studios,1
m,producer,Video Vigilantes,1
f,editor,VideoSif,1
,composer,"Hijos de Su Madre, Los",1
,composer,Sideshow Cinema,1
m,cinematographer,Legend Video,1
,composer,Independent Spirit Productions,1
,composer,La Cooperative Videoscopique de Montreal,1
,composer,Sendel Producciones,1
f,editor,Republic Pictures Home Video,1
m,composer,Ideami,1
m,producer,Bellamonde Productions,1
,composer,Fladenfilm,1
m,writer,Deutsche Columbia TriStar Filmproduktion,1
,composer,Underworld Produktions GmbH,1
m,editor,Delius Film,1
,composer,Postmodern,1
f,director,Freedemon,1
m,writer,Funders Workgroup for Sustainable Production and Consumption,1
m,director,Delius Film,1
,composer,Atlantis Video,1
f,producer,DeVine Works,1
m,producer,Academy,1
m,composer,Reaction Independent Studios,1
m,producer,Salamander Productions,1
f,writer,B.D. Fox Independent,1
m,writer,Sonovídeo,1
,composer,Underground Films,1
,composer,New Concorde,1
f,writer,De La Salle - College of Saint Benilde,1
f,writer,DeVine Works,1
m,director,Secretaria para o Desenvolvimento do Audiovisual,1
,composer,Renegade,1
m,writer,Tides Foundation,1
,composer,Président Films,1
,composer,Papyrus Design Group,1
m,producer,Videomax,1
,composer,Cinefile Videos,1
,composer,Credence Productions,1
,composer,Freunde der Deutschen Kinemathek,1
m,cinematographer,Twin Video,1
,composer,Institut Valencia de Cinematografia (IVAC),1
,composer,Credence Talent,1
m,writer,Les Films à Fleur de Peau,1
,composer,International Video 80,1
m,director,La Ministre de la Culture et de la Communication,1
,composer,Department of Cultural Affairs Taipei City Government,1
,composer,Vicia Vídeo de Valencia S.L.,1
m,cinematographer,Expanded Entertainment,1
,composer,Institut Català de les Empreses Culturals (ICEC),1
m,producer,JFTHOI Video,1
m,writer,Videomax,1
f,director,DeVine Works,1
,composer,Crude Experiments,1
f,editor,Codeblack Entertainment,1
,composer,Campede of Stattle,1
m,producer,Campede of Stattle,1
f,producer,Alliance Home Video,1
,composer,DVD Liider,1
,composer,Société Logovéenne du Film et de l'Image Pictures (SLOGF),1
,composer,Independent Filmmakers Cooperative (IFC),1
,composer,Nightshade Productions,1
,composer,Samarkanda Cine-Vídeo S.L.,1
,composer,E.I. Independent Video,1
,composer,Lloyds Home Vídeo,1
m,director,Paramount Pictures Home Video,1
,composer,CBS Video,1
f,producer,Sky Cosmos Development,1
f,producer,Department of Cultural Affairs Taipei City Government,1
m,writer,"Klapa 22, Belgrade",1
,composer,VGIK - Debut,1
m,director,UAP Video GmbH,1
m,director,Funders Workgroup for Sustainable Production and Consumption,1
m,producer,Night Time Video,1
f,director,Fondo para la Producción Cinematográfica de Calidad (FOPROCINE),1
,composer,Daredevil Films (II),1
m,director,Executive Video,1
,composer,Delfilm,1
f,producer,Primer Plano Film Group Video,1
m,cinematographer,Faculty of Dramatic Arts Belgrade,1
m,director,Tides Foundation,1
,composer,Brideshead Films,1
m,writer,Ide Productions,1
f,producer,Delta Pictures,1
,composer,Les Productions de la Géode,1
,composer,Tokyo Raiders,1
m,director,Région des Pays-de-la-Loire,1
,composer,Someplace Wonderful Productions,1
,composer,Les Ateliers de l'Arche,1
,composer,Sri Lakshmi Devi Productions,1
,composer,740 Sound Design,1
m,editor,Michel de Wouters Production,1
m,director,Wonderland Films,1
m,producer,Manitoba Film & Sound Development Corporation,1
,composer,Modesto Film,1
,composer,Ode Visuals,1
,composer,California Department of Recycling,1
,composer,Independent Stories,1
,composer,PBS Video,1
,composer,Golden Girl,1
,composer,Euripide Distribution,1
m,writer,Odyssey Video,1
m,director,Media Development,1
f,writer,Golden Way Films Ltd.,1
m,cinematographer,Département des Alpes-Maritimes,1
m,writer,Ideami,1
m,director,WonderWorld Studios,1
,composer,defa-spektrum Filmverleih,1
,composer,Independent Film Trust,1
m,cinematographer,Wonder View Films,1
,composer,Felder Pomus Entertainment,1
,composer,Detonate International,1
m,composer,Landscentralen for Undervisningsmidler,1
m,composer,Undervisningsministeriets Mediesektion,1
m,writer,JFTHOI Video,1
m,cinematographer,Tour de Force,1
m,cinematographer,Videa,1
m,director,JFTHOI Video,1
,composer,MTI Video,1
m,writer,Région des Pays-de-la-Loire,1
f,producer,DeepEnd Productions,1
m,composer,Nickelodeon Digital Animation Studios,1
,composer,Compagnie des Phares et Balises,1
m,writer,Media Development,1
m,producer,Worldwide Film Entertainment,1
,composer,Video-books.gr,1
m,cinematographer,KuSLonely Designer,1
,composer,Maddenmedia,1
,composer,Kino Kabaret International de Montréal,1
m,director,Snoopadelic Films Inc.,1
,composer,Pro Video Film & Distribution Kft.,1
m,editor,Drops Filmes e Vídeo,1
,composer,Little Wonder Productions,1
m,composer,"University of Art and Design Helsinki, Media Lab",1
,composer,Triade Films,1
f,actress,Obsidian Order,1
m,composer,L'Office Federal de la Culture Suisse,1
,composer,AKB Delovaya Rossiya,1
,composer,Angel Vídeo,1
m,producer,Elap Video,1
m,producer,Destruction Film Productions,1
f,producer,Delta Airlines,1
,composer,Transmundo Home Video (THV),1
,composer,Oficinas Experimentais de Cinema,1
,composer,Video Stoodeyä,1
m,editor,Adelstein-Parouse Productions,1
m,cinematographer,Ideami Studios,1
,composer,Wondergraf,1
m,producer,Resident Evil CG Film Partners,1
m,director,Bournemouth & Poole College of Art and Design,1
m,producer,Guerilla Wanderers Films,1
m,writer,Surrender Cinema,1
m,director,Elap Video,1
,composer,Del Sur Productions,1
m,director,Casa de Cinema de Porto Alegre,1
m,composer,The Department of Trade and Industry of South Africa,1
m,producer,Instituto Cubano de Radio y Televisión (ICRT),1
m,director,Videomax,1
,composer,Video Junkie,1
m,editor,Elap Video,1
m,writer,Bournemouth & Poole College of Art and Design,1
,composer,Russian Federation of Cinematography,1
,composer,Fantasy Bride Productions,1
m,editor,Sol Goode LLC,1
m,producer,Concorde Media,1
,composer,Trianon Vídeo,1
m,composer,Delta Filmverleih,1
m,composer,Nova Home Video,1
m,writer,Cinevista Video,1
,composer,A-1 Kino Video,1
m,writer,Casa de Cinema de Porto Alegre,1
m,director,Internationale Filmproduktion Stella-del-Sud Third,1
m,writer,Deutsche Columbia Pictures Film Produktion,1
m,producer,Trianon Vídeo,1
m,editor,Contender Films,1
m,writer,Cult Video,1
m,cinematographer,Videomax,1
m,producer,The Canada Manitoba Cultural Industries Development Office (CIDO),1
m,composer,DeFazio & DeFazio Productions,1
,composer,Jade City Internatioinal Films,1
m,writer,Frederick Films,1
m,composer,Atlantis Video,1
m,director,Halcyon Video Productions,1
m,director,Santo Domingo Film & Music Video,1
m,composer,Amanita Design,1
m,producer,Lourdes Enterprises,1
,composer,Compagnie des Films,1
,composer,The Code Monkey's,1
,composer,Philip Farah Produzioni Cinematografiche e Video,1
,composer,Underhill Films,1
m,writer,Busch Gardens,1
f,producer,Providence Entertainment,1
,composer,Guangdong Avlight Culture Industry Development,1
m,cinematographer,Cosmic Video,1
m,composer,Pasadena Films,1
,composer,Modern Films Production,1
,composer,Independent Network International (INI),1
,composer,Fonds Eurimages du Conseil de l'Europe,1
,composer,Deep Films,1
m,director,Delanic Films,1
,composer,World Wide Multi Media,1
,composer,Wander Films,1
,composer,Kiss of Death Productions,1
m,director,Busch Gardens,1
,composer,Fox-Walden,1
f,writer,Golden Harvest Pictures (China),1
,composer,Videoservice,1
f,writer,Filmtrade,1
m,editor,Desperado Film,1
,composer,Cunning Developments,1
,composer,Development & Peace,1
,composer,Wonderfly Films,1
,composer,Videosino Ltd.,1
m,producer,Black Powder Media Inc.,1
,composer,TLA Video,1
m,writer,Pandemic Production,1
m,composer,WMA Independent,1
,composer,Les Productions de la Lanterne,1
,composer,Codemasters,1
m,director,740 Sound Design,1
m,writer,Halcyon Video Productions,1
,composer,Hidden Forest Studios,1
,composer,MTC Video,1
,composer,Cinemex Films S.A. de C.V.,1
,composer,Made in Hong Kong,1
,composer,"Zespol Filmowy ""Indeks""",1
f,director,Filmtrade,1
f,actress,Mad.By.Design Studios,1
m,director,Worldwide Video,1
,composer,SVS/Triumph Home Video,1
,composer,Ardent Films,1
m,cinematographer,ITC Home Video,1
m,cinematographer,Sciapode,1
,composer,Dino De Laurentiis Company,1
m,cinematographer,Eden,1
m,composer,Videal GmbH,1
m,writer,Modern Life,1
,composer,Flanders Audiovisual Fund (VAF),1
m,editor,Edelvais,1
m,cinematographer,Jason Hall filmvideo,1
m,director,Desperado Film,1
f,writer,Mega Star Video Distribution,1
,composer,Federal Hill Pictures Inc.,1
,composer,Academia de Filmes,1
,composer,Bande Dessinee Films,1
,composer,Siddhant Sachdev Films,1
m,producer,Escapade Films Production,1
,composer,Studio Vandersteen,1
m,composer,Sudden Motion Productions,1
m,writer,Desperado Film,1
,composer,BSM: Barcelona de Serveis Municipals,1
,composer,Ajuntament de Barcelona,1
,composer,Douglas Anderson School of the Arts,1
f,director,Mega Star Video Distribution,1
m,director,Terminal Video,1
,composer,La Vinadella,1
,composer,Arcade Pictures,1
f,producer,BenderSpink,1
m,producer,Desperado Film,1
f,director,Universal Pictures Video,1
m,writer,Freunde der Deutschen Kinemathek,1
m,editor,Cité de Production Médiatique,1
m,director,Freunde der Deutschen Kinemathek,1
m,director,Confident Films,1
m,composer,Lion's Den Films,1
m,writer,Aran Endemol S.p.a.,1
,composer,Rastar/Leider-Shapiro,1
m,director,10th Grade Reunion Films,1
f,cinematographer,Dernière Frontières Films,1
f,actress,Golden Tooth Productions,1
m,producer,Destiny Record & Films,1
,composer,Transgression Video Productions,1
m,producer,New Vision Video,1
,composer,La Tropa de Trapo,1
m,producer,Index Films,1
,composer,Shiny Object Digital Video Inc.,1
m,producer,Terminal Video,1
,composer,Delius Film,1
,composer,DEJ Productions,1
,composer,"Sword of Alexander Production Companies, The",1
m,director,Aran Endemol S.p.a.,1
,composer,Densely Hollow Films,1
m,writer,Index Films,1
m,writer,Terminal Video,1
,composer,Gathering of Developers,1
m,director,Cines Unidos de Venezuela,1
,composer,Studio Arkadena,1
,composer,TideRock Films,1
f,writer,New Horizons Home Video,1
,composer,Abode,1
m,producer,CineCentrum Deutsche Gesellschaft für Film- und Fernsehproduktion mbH,1
f,composer,Primer Plano Film Group Video,1
m,director,Index Films,1
m,director,Destiny Record & Films,1
f,director,Nickelodeon Animation Studios,1
f,actress,Universidad de Guadalajara,1
m,writer,Fort Video,1
m,cinematographer,Edelvais,1
m,editor,Scanner-Rhodes Productions,1
,composer,Jaded Creative Productions,1
f,producer,Filmförderung Hamburg,1
,composer,Spicer Producciones S.A. de C.V.,1
f,director,Filmförderung Hamburg,1
,composer,Bride For Christmas Productions,1
f,director,Inside Track Films,1
,composer,Mascot Video,1
,composer,Sociedad General de Televisión (Sogetel),1
,composer,Filmoteca de la UNAM,1
,composer,Les Films de l'Atalante,1
,composer,Hi-Tech Video,1
m,cinematographer,Bayerische Landesanstalt für Aufbaufinanzierung,1
,composer,WonderWorks,1
f,cinematographer,Versátil Home Vídeo,1
,composer,Cult Video,1
,composer,Anand Video,1
m,producer,"Sword of Alexander Production Companies, The",1
f,cinematographer,Conseil Général de l'Aisne,1
,composer,Modern Times,1
f,cinematographer,Comme des Cinémas,1
f,cinematographer,Les Films Alain Sarde,1
,composer,Golden Sun Films Distribution,1
,composer,Collectivité Territoriale de la Corse,1
f,cinematographer,Medienboard Berlin-Brandenburg,1
f,cinematographer,Ministère de la Culture de la Republique Française,1
,composer,Golden Sun Films,1
,composer,TIK Culture Development,1
m,director,Cine Falcon Producciones S.A. de C.V.,1
,composer,Golden Sun Century Multimedia,1
m,director,Priapic Video,1
m,writer,Ideami Studios,1
,composer,Panini Video,1
m,cinematographer,Verisimilitude,1
,composer,Universidade Federal Fluminense (UFF),1
,composer,AM2 Design,1
f,cinematographer,Conseil Régional de Picardie,1
f,cinematographer,Productions Desmichelles,1
,composer,Lumière Home Vídeo,1
,composer,Arden Film,1
f,writer,Velarde Films S.L.,1
,composer,Jour de Sete Films,1
,composer,Ministère Libanais de la Culture,1
,composer,Les Films de Beyrouth,1
m,director,NODE Studios,1
f,cinematographer,Something Weird Video (SWV),1
m,cinematographer,Grupo Novo de Cinema e TV,1
f,writer,General Video,1
,composer,Priapic Video,1
f,cinematographer,Astral Video,1
m,director,LCA Gaiden Productions,1
,composer,Obshchestvennoe Rossiyskoe Televidenie (ORT),1
f,writer,Taurus Film Video GmbH,1
f,composer,Longride,1
m,producer,Modern Films Production,1
m,writer,LCA Gaiden Productions,1
,composer,Universidad de Cine,1
,composer,Avant Garde Studios,1
m,director,Cinema Reloaded,1
,composer,Jorden Electronics,1
,cinematographer,Dosdecatorce Producciones,1
,cinematographer,El Deseo S.A.,1
,cinematographer,BoulderLight Pictures,1
,cinematographer,Development & Peace,1
,cinematographer,American Video,1
m,director,Desert Light Productions,1
,cinematographer,Sydney Underground Films,1
,cinematographer,De Angelis Group,1
,cinematographer,BWE Video,1
,cinematographer,Memorias Del Sabio Producciones,1
,cinematographer,Soyuz Video,1
,cinematographer,Legal Video,1
,cinematographer,LNK Video,1
,cinematographer,GMA Records Home Video,1
,cinematographer,Independence Film Group,1
,cinematographer,Mascot Video,1
,cinematographer,Jaded Creative Productions,1
,cinematographer,Noche de Brujas Producciones,1
,cinematographer,Société Générale des Industries Culturelles du Québec (SOGIC),1
m,editor,NODE Studios,1
,cinematographer,Widestream Films,1
,cinematographer,Alliance Home Video,1
,cinematographer,SuperExploder,1
f,cinematographer,Trident Releasing,1
,cinematographer,Tribeca Flashpoint Media Arts Academy,1
,cinematographer,Joy Sales Film and Video Distributors,1
,editor,Queeriosity Video Project,1
,cinematographer,Warner Home Video Española S.A.,1
,cinematographer,Universal Music & Video Distribution (UMVD),1
,cinematographer,Desert Eagle Productions,1
,cinematographer,Just For Kids Video,1
,cinematographer,Wolfesden Actors Exchange,1
,editor,Tides Foundation,1
,cinematographer,Decraien Films,1
,editor,Funders Workgroup for Sustainable Production and Consumption,1
f,producer,Gobierno del Estado de Michoacán,1
,editor,Gobierno del Estado de Michoacán,1
,cinematographer,Code 99,1
f,producer,Centro Universitario de Estudios Cinematográficos (CUEC),1
,cinematographer,Companhia de Imagem,1
m,editor,Accidental Frame,1
,cinematographer,La Compagnie des Petites Merveilles,1
,cinematographer,Sony Music Video (SMV) Enterprises,1
m,editor,Big Sky Video,1
,cinematographer,Golden-Culture-Times,1
,cinematographer,Identidade Produções,1
,cinematographer,Bonton Home Video,1
,cinematographer,Pendefig Ty Cefn,1
,cinematographer,Philip Farah Produzioni Cinematografiche e Video,1
,cinematographer,Dejavu-Filmverleih,1
,cinematographer,Crea Video Oy,1
,cinematographer,Golden Aura Productions,1
f,director,Filmakademie Wien,1
,cinematographer,Leo Home Video,1
,cinematographer,The London Film & Video Development Agency (LFVDA),1
,cinematographer,Rendez-vous Pictures,1
,cinematographer,I Sell My Tricks for Wooden Nickels,1
,cinematographer,Filmakademie Ludwigsburg,1
,cinematographer,TaylorMade Productions,1
,cinematographer,Medusa Video,1
,cinematographer,Commune de Beaucaire,1
,cinematographer,Cooperativa de Trabajo Caloi en su Tinta,1
,cinematographer,Filmes de Fundo,1
,cinematographer,Handmade Flimfilms,1
,editor,Private Lenders Group,1
,cinematographer,Vil Design,1
,cinematographer,Private Lenders Group,1
,cinematographer,Delicious the Film,1
,cinematographer,Hemdale Home Video,1
m,composer,Deutsch-Polnische Gesellschaft Chemnitz,1
f,producer,Home Made Movies,1
,cinematographer,Natural Wonders Productions,1
f,director,Grandelusions Films,1
,editor,Van der Veken Filmwerken,1
f,writer,Filmakademie Wien,1
,cinematographer,Mullis Capital Independent,1
m,cinematographer,Grendel Productions Inc.,1
m,cinematographer,SNG Film / Studio Nieuwe Gronden,1
,cinematographer,Nederlandse Christelijke Radio Vereniging (NCRV),1
,cinematographer,Emmerson Denney Films,1
,cinematographer,Office Border Co.,1
,cinematographer,Defendshee Productions,1
,cinematographer,AKB Delovaya Rossiya,1
,cinematographer,Endemol Italia,1
,cinematographer,Team De DoDoDo,1
,cinematographer,Sideshow,1
,cinematographer,Accuracy of Death Film Partners,1
,cinematographer,Deviate Pictures,1
,cinematographer,Under the Rug Productions,1
,cinematographer,Deco L.A. Productions,1
,cinematographer,"Zespol Filmowy ""Indeks""",1
,cinematographer,Underdog Productions,1
,cinematographer,Dubbledee Pictures,1
,cinematographer,Watkins World Wide,1
,cinematographer,AkademskiFilmski Centar Dom Kulture Studentski Grad (AFC),1
,cinematographer,Contender Films,1
,director,Credence Productions,1
,cinematographer,Akademski Filmski centar Dom Kulture Studentski Grad (AFC),1
,cinematographer,La Cooperative Videoscopique de Montreal,1
,director,Credence Talent,1
,cinematographer,Coop Vidéo de Montréal,1
f,editor,Nouvelles Éditions de Films (NEF),1
,cinematographer,Ciné-Tamaris/Paramount Home Video,1
,cinematographer,Cinema Vendetta,1
,cinematographer,Death Note Film Partners,1
,cinematographer,Federico Film,1
f,producer,CH Media Berlin Brandenburg GmbH & Co. KG,1
,cinematographer,Redeeming Features,1
,cinematographer,Delivery System Pictures LLC,1
,cinematographer,Mixer de Medios,1
,cinematographer,Gideon Productions,1
m,director,Screen Pix Home Video,1
,cinematographer,Odean S.A.,1
,cinematographer,Films del Bungalow,1
,cinematographer,Another Dimension of an Idea,1
,cinematographer,Two Independent BV,1
,cinematographer,Sol Goode LLC,1
,cinematographer,Independent Film Development,1
,cinematographer,Trash Video,1
f,writer,Grandelusions Films,1
,cinematographer,Deivanai Movies,1
,cinematographer,Demian Communications,1
,cinematographer,InterCanadian Video Sales Inc.,1
m,cinematographer,Cinema Reloaded,1
,cinematographer,Zomba Video,1
,cinematographer,DMVE Culture Development Co. Ltd.,1
,cinematographer,Code 7 Entertainment,1
,cinematographer,Fantasy Bride Productions,1
f,actress,Voladero Espacio Cultural,1
,cinematographer,Guangdong Avlight Culture Industry Development,1
,cinematographer,Shanghai Sanjiu Culture Development Company,1
,cinematographer,Rocket Pictures Home Video,1
,cinematographer,Renegade Reporting,1
m,composer,Perro Verde Films,1
m,writer,Institut Valencia de Cinematografia (IVAC),1
,composer,Dead Serious Films,1
m,director,Despot Pictures,1
,cinematographer,Sky Eagle Worldwide Holdings,1
,cinematographer,Beijing Goldenplate Film,1
,cinematographer,Insider Films,1
m,director,Golden Eagle,1
,composer,Hidden Dreams Media,1
,composer,Mixer de Medios,1
,composer,Zomba Video,1
m,director,Federal Agency for Culture and Cinematography,1
,composer,Benjamín Olalde Producciones,1
,composer,P.C. Saint Denis S.L.,1
m,writer,Desert Light Productions,1
m,director,Fear and Desire Productions,1
,composer,Ovídeo TV S.A.,1
,composer,Homemadefilms,1
f,composer,Cadenza Films B.V.,1
,composer,Devi Films,1
,composer,New Eagle Video,1
,composer,Kindle Imagine Develop (KID),1
,composer,Fraserside Holdings Ltd.,1
,director,Slide,1
,composer,Ganzanderes Animation,1
m,cinematographer,Filmakademie Wien,1
,composer,The University of Central Arkansas Dept. of Fine Arts and Communication,1
m,director,Accidental Frame,1
,composer,BFS Video,1
,composer,Ich Kann Nicht Fliegen Bilder,1
m,cinematographer,Inside Track Films,1
,composer,Hessische Filmförderung,1
,composer,Warner Home Video Española S.A.,1
,composer,Dep Distribution,1
,composer,Made In Madras,1
,composer,Institut International de l'Image et du Son (IIIS),1
,composer,Salto de Eje Producciones Cinematográficas S.L.,1
,composer,Les Films de Mai,1
m,writer,Cinema Reloaded,1
,composer,Van der Veken Filmwerken,1
,composer,DeFamilieJanssen (DFJ),1
m,cinematographer,Pathé Video,1
,composer,Conseil Régional de Picardie,1
,composer,Conseil Général de l'Oise,1
,composer,Handel Productions,1
,composer,LNK Video,1
,composer,Code Productions,1
,composer,Tri Destined Studios,1
,composer,New York Film Academy,1
m,writer,Accidental Frame,1
,composer,Tri Destined Independent,1
f,producer,Centre du Cinéma et de l'Audiovisuel de la Fédération Wallonie-Bruxelles,1
m,writer,Cathay-Golden Village,1
,composer,Goldenring Productions,1
f,producer,Département des Alpes-Maritimes,1
m,director,Huit et Demi Productions,1
,composer,Lider Films,1
,composer,Ville de Valence,1
,composer,Département de la Drôme,1
,composer,Conseil Général de la Drôme,1
,composer,Transcendent,1
f,cinematographer,Nexus Cinema e Vídeo,1
,composer,Denise Quesnel,1
m,composer,High Fliers Video Distribution,1
,composer,Archimède International,1
,composer,Modern American Cinema,1
,composer,Wolfesden Actors Exchange,1
,composer,Naroden Teater Anton Panov,1
m,composer,InsideFilms,1
,composer,Dynamic Entertainment DEH,1
m,writer,Deadly Films,1
,composer,Two Independent BV,1
,composer,Added Films International,1
f,writer,Nederlandse Programma Stichting (NPS),1
m,producer,Deathtrip Films,1
m,composer,Verdecchi Film,1
,composer,Added Entertainment,1
f,actress,Arroba Films S.A. de C.V.,1
m,director,Gideon Productions,1
,composer,Cinema del Capriccio,1
,composer,Redeemable Features,1
,composer,Atitude Produções,1
,composer,Light Year Video,1
m,writer,Despot Pictures,1
,composer,Independenta Film,1
,composer,Zondervan,1
m,producer,Movies Independent,1
,composer,Ravinder Grewal Productoins,1
,composer,Eden Productions,1
f,producer,Golden Hello Entertainment,1
f,writer,Cinétudes Films,1
,composer,Ravinder Grewal Productions,1
,composer,Golden Screen,1
,composer,Rendez-Vous Production,1
m,composer,Cité de Production Médiatique,1
,composer,Ideami Studios,1
,composer,Deadline Film AS,1
m,composer,Carmen Video,1
,composer,La Géode,1
m,producer,Pander Productions,1
,editor,Repubblica e Cantone del Ticino,1
,composer,Fades 2 Black Media Group,1
,composer,Eidetic Inc.,1
,composer,8th Wonder Entertainment,1
,composer,Beneath the Facade Productions,1
m,writer,Sol Goode LLC,1
,composer,Endemol Italia,1
m,director,Sol Goode LLC,1
,composer,Rodeo Drive,1
,composer,Dark Thunder Productions,1
m,composer,Sideways Productions Inc.,1
,composer,Aberdeen Soldier Productions,1
,editor,Dead Flower Productions,1
,composer,Adelante Tv Films,1
m,composer,Look Vídeo,1
,composer,Deep C-Star Productions,1
,composer,Grupo de León,1
,composer,20th Century Fox Film de Mexico,1
,composer,Golden Princess Amusement Company,1
,composer,SM Development Corporation (SMDC),1
,composer,Kindergarten Media,1
,composer,Prod2demain,1
,composer,Thames Video Collection,1
,composer,Universidad del Cine,1
,composer,Nuova Accademia delle Belle Arti (NABA),1
,composer,Obsidian Order,1
m,editor,RaiTrade,1
m,cinematographer,Golden Network,1
,composer,Heavy Melody Music and Sound Design,1
,composer,Videoscope Fernseh-Film GmbH,1
,composer,Medien- und Filmgesellschaft Baden-Württemberg,1
f,director,Archimède International,1
,composer,Sydney Underground Film Festival,1
m,cinematographer,VZ-Handelsgesellschaft,1
,composer,Odessa Entertainment,1
,composer,Filmayer Vídeo,1
,composer,Esselte CIC Video,1
,composer,Nederlandse Christelijke Radio Vereniging (NCRV),1
m,writer,Deathtrip Films,1
,composer,Blvd St Germain des Pres,1
m,composer,Indipendenti Regionali,1
,composer,WonderWorld Studios,1
,composer,Pyramid Film and Video,1
,composer,Six Feet Under Films,1
m,cinematographer,Tigers Den Studios,1
m,writer,Deepak Arts,1
f,actress,Daredevil Films (II),1
,composer,Amsterdamse Hogeschool voor de Kunsten,1
,composer,Providencia,1
f,producer,Archimède International,1
m,cinematographer,Clap - Produção de Filmes,1
,composer,Al Borde Producciones,1
,composer,Alberta College of Art and Design,1
,composer,Nederlands Filmmuseum,1
f,writer,Archimède International,1
,composer,Cine de Garage,1
,composer,American Independent Productions,1
m,director,Deathtrip Films,1
m,cinematographer,Denial Venture,1
,composer,Sideshow,1
,composer,Rawhide Pictures,1
,composer,Denver MP,1
,composer,Boulder Media,1
m,writer,4-Bidden Asia Video,1
,composer,Filmstudio Demarsh,1
m,cinematographer,Lindemann Entertainment Group,1
,composer,The Content Providers Limited,1
,composer,Black Binder Films,1
,composer,Supercollider Ltd.,1
,composer,Société Générale des Industries Culturelles du Québec (SOGIC),1
,composer,Sky Cosmos Development,1
,composer,Xin-Sheng Dai Film & Video Co.,1
,composer,Pro Video,1
,composer,Liquid Amber Design,1
,composer,40 Creditors and a Deferral,1
,composer,Modern Animation,1
,composer,Tragaluz Estudio de Artes Escénicas S.L.,1
,composer,Ro De Film,1
,composer,Conseil Régional des Pays de la Loire,1
m,cinematographer,Generalitat de Catalunya,1
,composer,In Spades Productions,1
,composer,Strident Films,1
,composer,Golden Screen Cinemas,1
,composer,Joyful Founder,1
,composer,Shanghai Century Hero Film and Television Cultural Development,1
,composer,Filmförderung Hessen,1
,composer,The Canada Manitoba Cultural Industries Development Office (CIDO),1
,composer,Different by Design,1
m,composer,CIC Home Video,1
,composer,Millenium Video,1
m,writer,Fear and Desire Productions,1
,composer,The Department of Radio-Television-Film University of Texas at Austin,1
,composer,Village Roadshow Pictures Worldwide,1
,composer,Netherlands Institute for Media Art / Montevideo TBA,1
,composer,Applause Home Video,1
m,editor,Ideacinema,1
,composer,Trade Off Productions,1
f,writer,Tragaluz Estudio de Artes Escénicas S.L.,1
,composer,Renegade Reporting,1
,composer,Undertow Pictures,1
,composer,Dezenove Som e Imagem,1
,composer,Video Maura,1
m,cinematographer,Curb Denizen,1
m,composer,Paradox Development,1
,composer,Blue Yonder Films,1
,composer,Secretaría de Cultura del Gobierno del Estado de Jalisco,1
,composer,Delicious 9,1
f,director,Tragaluz Estudio de Artes Escénicas S.L.,1
,composer,Novotrade,1
m,director,A Smith Side Entertainment,1
,composer,"Academy of Motion Pictures, Arts & Siences Film Archive, The",1
m,writer,Casa de Produção,1
f,writer,Departament de Cultura de la Generalitat de Catalunya,1
,composer,La Société des Films Sirius,1
,composer,Alamode Filmverleih,1
,composer,Mark Borde Films,1
,composer,Filmtrade - Spentzos Film,1
m,director,Provident Films,1
,composer,Metronome Video,1
m,cinematographer,Sudestada Cine,1
,composer,Films de Catsilglin,1
,composer,Junta de Comunidades de Castilla-La Mancha,1
,composer,ABC Home Video,1
,composer,Les Films de l'Isle,1
,composer,Delphic Insight,1
m,producer,Curb Denizen,1
f,producer,Rodeo Drive,1
,composer,Vilnius Academy of Fine Arts,1
,composer,LA Independent Film & Entertainment L.I.F.E.,1
,composer,Haut Monde,1
,composer,Index Multimedia,1
m,actress,Roadshow Entertainment Video,1
,composer,Dexterity Entertainment,1
,composer,Devil's Rock,1
,composer,Corazón de Melón,1
,composer,Secretaría de Comunicaciones y Transportes (SCT),1
f,writer,Nouvelles Editions de Films (NEF),1
,composer,Gardeshet Productions,1
,composer,The Developers of Incredible Power,1
,composer,Arco del Triunfo,1
,composer,Shalimar Videos,1
m,producer,Cinema Delicatessen,1
,composer,Avid Video,1
m,producer,Zomba Video,1
,composer,Nu Visión de Argentina,1
,composer,DEMD Productions,1
,composer,Dumbfounded Productions,1
,composer,Sideshow Pictures,1
,composer,Detour Pictures,1
,composer,Département de la Charente-Maritime,1
f,director,Transmundo Home Video (THV),1
,composer,Wandering Hat,1
m,director,Casa de Produção,1
m,producer,Televisión Nacional de Chile (TVN),1
m,actress,Transeuropa Video Entertainment (TVE),1
,composer,Sender Freies Berlin (SFB),1
,composer,Vestron Video,1
,composer,Rede Globo de Televisão,1
,composer,Delta Vidéo Diffusion,1
,composer,Citadel Entertainment,1
m,director,Leader Asia Pacific Creativity Center,1
,composer,Filmoimagen S.A. de C.V.,1
,composer,Instituto Latinoamericano de la Comunicacion (ILCE),1
,composer,The National Film and Video Foundation of SA,1
m,editor,Casa de Produção,1
,composer,Outsider Films,1
f,director,Under the Rug Productions,1
,composer,Sin Perdon de Dios,1
,composer,Wonderful Works,1
,composer,Attitude Films,1
,composer,Dead Cat Films,1
,composer,Filme de Papel,1
m,editor,Liquid Desert,1
,composer,Deviant Pictures,1
,composer,Zipheron Design Labs,1
m,editor,Independent Film Channel (IFC),1
,composer,OhRadevski,1
m,editor,Provident Films,1
m,editor,Ekaterinburg Art Home Video (EAHV),1
,composer,Worldwide Film Entertainment,1
f,producer,Bonneville Worldwide Entertainment,1
m,producer,Joyful Founder,1
,composer,Pandemic Studios,1
,composer,Orion Home Video,1
,composer,Nova Scotia Film Development Corporation,1
,composer,DMA Design,1
m,cinematographer,macideas,1
,composer,Gladeyes Films,1
,composer,DEA Production,1
,composer,Earthly Delights Films,1
m,writer,Joyful Founder,1
m,producer,New Deal Studios,1
,editor,Hustler Video,1
,composer,Instituto Nacional Autónomo de Cinematografía,1
,composer,Conseil Général de la Charente,1
,composer,Tigers Den Studios,1
,composer,Federal Agency for Culture and Cinematography,1
,composer,Golden Eagle,1
m,composer,Bandersnatch Pictures,1
,composer,Accidental Pictures,1
,composer,Widestream Films,1
,composer,PolyGram Home Video,1
,composer,UGC Video,1
,composer,Wide-Eyed Entertainment,1
,composer,Magnolia Hideout,1
,composer,Alexander/Enright & Associates,1
m,director,Liquid Desert,1
,composer,Indipendenti Regionali,1
f,composer,Instituto Mexicano de Cinematografía (IMCINE),1
m,composer,Video Team,1
,composer,Golden Aura Productions,1
,composer,Empire Video,1
m,writer,Leader Asia Pacific Creativity Center,1
,composer,Academy Pictures,1
,composer,DesperaDo,1
,composer,Italgest Video,1
,composer,Videoload,1
,composer,Michael De Luca Productions,1
m,editor,Independent Film Group,1
m,composer,Iron Oxide Productions,1
m,writer,Théâtre Musical de Paris Châtelet,1
,composer,"Dead Will Rise Studio, The",1
f,actress,Desert Eagle Productions,1
,composer,Destiny Image Films,1
,composer,Nickelodean Interactive,1
m,cinematographer,Phoenix Independent Film Makers Group,1
,composer,Stellarblade,1
,composer,Defender Films,1
m,editor,Bright Idea Entertainment,1
,composer,On Camera Cinema e Vídeo,1
,composer,Phoenix Independent Film Makers Group,1
m,editor,Phoenix Independent Film Makers Group,1
,composer,Ivan Tsang Made This,1
,composer,Delaney & Friends Cartoon Productions,1
,composer,Cambium Film & Video Productions,1
,composer,New Vision Video,1
m,writer,Golden Leaf Film Production Consultant,1
,composer,Gobierno del Estado de Veracruz,1
,composer,Videocolor,1
,composer,Craig Anderson Productions,1
,composer,NxtLvL Fight & Flight Design,1
,composer,Bayerische Landeszentrale für neue Medien (BLM),1
,composer,Rudderpost Films,1
m,composer,Sideshow Digital,1
f,editor,Rodeo Film,1
m,composer,Arcades Project,1
,composer,Merseyside Film Production Fund,1
m,director,4-Bidden Asia Video,1
m,director,Japan Home Video (JHV),1
,composer,Another Dimension of an Idea,1
,composer,Cappa Defina Productions,1
f,director,Bellezas de Puerto Rico,1
,composer,Pulsepounders,1
,composer,Pundersons Gardens,1
,composer,South African Film and Video Services,1
m,director,Eden,1
,composer,World Wide Web,1
m,cinematographer,Sérénade Distribution,1
f,editor,Dolmen Home Video,1
,composer,Downside Productions,1
m,cinematographer,JMC Independent Productions,1
m,composer,Dentsu Productions Ltd.,1
f,director,Telemundo de Puerto Rico,1
,composer,Gardenia Films,1
m,director,Lloyds Home Vídeo,1
,composer,Le Studio de Creation Cinematographique du Ministere de la Culture,1
f,actress,Guerilla Wanderers Films,1
,composer,Turner Pictures Worldwide,1
,composer,Diagonalakademin,1
,composer,By the River's Side Films,1
,composer,Noche de Brujas Producciones,1
f,writer,ABC Family Worldwide,1
,composer,Coram Deo Studios,1
,composer,Vendetta Filmes,1
m,editor,Deep Sett Productions,1
,composer,Manitoba Film and Video Production Tax Credit,1
f,actress,Blonde Melon,1
,composer,Gobierno del Estado de Michoacán,1
,composer,Zentropa International Sweden,1
,composer,Conquistador Worldwide Media,1
,composer,Deviant Films,1
,composer,Serenade Films,1
,composer,Epidemic Pictures,1
,composer,Departure Studios,1
,composer,Depth of Field,1
,composer,CIC Video I/S,1
,composer,Dex Entertainment,1
m,composer,Sidequest Studios,1
,composer,Busch Gardens,1
,composer,Provideo Production House,1
,composer,Morell Design Corporation,1
,composer,Deep Side,1
,composer,Vladislav Delonge Production,1
,composer,Index Visual & Games,1
,composer,Independent Film Development,1
,composer,Index Holdings,1
m,writer,Universal Video,1
,composer,Force Video,1
,composer,Compagnie Internationale de Communication,1
,composer,Academy of Fine Arts in Poznan,1
,composer,Under Dog Distribution,1
m,composer,Pan Vision Publishing Video,1
,composer,Code 99,1
,composer,Desiderata Productions,1
,composer,Raro Video,1
,composer,Thought Collide Productions,1
,composer,Instituto Politécnico de Leiria,1
,composer,Prelude2Cinema,1
,composer,Escola Superior de Artes e Design (ESAD.CR),1
,composer,Centre National de la Cinématographie et de l'Image Animée,1
m,director,Deep Sett Productions,1
f,editor,GoodTimes Home Video,1
,composer,La Compagnie des Petites Merveilles,1
m,editor,CBS / Fox Video,1
,composer,Nederlands Filmfestival,1
,editor,Dodecá,1
,composer,Ma.ja.de. Fiction,1
m,writer,Deep Sett Productions,1
m,producer,Deep Sett Productions,1
m,editor,Transvídeo,1
,composer,Lahden Muotoiluinstituutti,1
f,actress,Jason Hall filmvideo,1
,composer,Département Fédéral de l'Intérieur,1
,composer,Repubblica e Cantone del Ticino,1
,composer,Rotterdams Fonds voor de Film en Audiovisuele Media,1
m,director,Trademark Films,1
,composer,De Productie,1
m,director,Outsider Pictures,1
m,editor,Destined Media,1
f,actress,Widescream Producciones,1
,composer,Gideon Production Group,1
,composer,UFA Video,1
,composer,Columbia Academy,1
,composer,Delante Films,1
,composer,First Independent Films,1
,composer,AVU-Video-Vertriebs-GmbH,1
,composer,Contender Films,1
,composer,Character Builders,1
f,producer,Produksjonsfondet for kino og fjernsynfilm,1
f,producer,Virgin Suicides LLC,1
,composer,Dedicated Works Productions,1
,composer,Three Headed Monster,1
,composer,Netherlands Film and Television Academy,1
,composer,Academy of Art University San Francisco,1
,composer,LCA Gaiden Productions,1
,composer,Nordisk Film Video,1
m,editor,Desiderata Productions,1
m,director,DVD Liider,1
,composer,MediaTrade,1
m,composer,"Alberta Film Development Program of the Alberta Foundation for the Arts, The",1
,composer,Video 10 Distributors,1
m,director,Mad.By.Design Studios,1
,composer,Alfadedis Entertainment,1
m,director,Metal Blade Records,1
m,writer,Sidequest Studios,1
,composer,Youth Film Studio of Beijing Film Academy,1
,composer,SpiderCircle Films,1
,composer,Société Française de Production (SFP),1
f,editor,Kuratorium Junger Deutscher Film,1
m,writer,Bolder Media for Boys and Girls,1
,composer,Right Minded Productions,1
f,editor,Bodega Films,1
,composer,American Desi Productions,1
,composer,Super Deluxe,1
,composer,Dead Flower Productions,1
,composer,Sin City Video,1
m,director,Aldebaran Films Ltd.,1
,composer,China Star Worldwide Distribution,1
,composer,Bardel Distribution,1
,composer,Commune de Beaucaire,1
,composer,Bingo Movie Development,1
,composer,Cooperativa de Trabajo Kaos,1
,composer,Warner On Demand,1
,composer,Lindemann Entertainment Group,1
m,writer,Aldebaran Films Ltd.,1
,composer,"Klapa 22, Belgrade",1
m,writer,Deepa Mehta Films,1
,composer,C-sales Arthouse Video,1
f,writer,Made in PM,1
,composer,Borderline Productions,1
,composer,Deutsche Columbia Pictures Film Produktion,1
,composer,Wanda Distribución Cinematográfica de Films S.A.,1
,composer,Fragola Design,1
,composer,Centauro Films de Colombia,1
,composer,Team De DoDoDo,1
,composer,Fidelio Films,1
,composer,XYZ Desarrollos S.A.,1
,composer,Videomaura,1
,composer,Mitteldeutsche Medienförderung (MDM),1
,composer,Ministry of Culture of the Russian Federation,1
,composer,Kulturelle Filmförderung Sachsen,1
,composer,Border Productions,1
m,producer,Aldebaran Films Ltd.,1
m,editor,Mad.By.Design Studios,1
,director,Triade Films,1
,director,Odessa Entertainment,1
,director,Editude Pictures GbR,1
f,producer,Inside Track 2,1
,director,Orly Adelson Productions,1
m,writer,Destiny Entertainment Productions,1
m,editor,Deadline Film AS,1
,director,Ediciones del Sur,1
m,editor,Rocket Pictures Home Video,1
,editor,Escola Municipal de Formació Professional en Mitjans Audio-Visuals (EMAV),1
,director,Happy Accident,1
,director,La Vaca de Muchos Colores,1
,director,Asociación Golden Edge,1
m,composer,Rudderpost Films,1
,editor,Conseil Général de la Seine-Saint-Denis,1
m,producer,Pip's Garden Company,1
,editor,Ville de Compiègne,1
m,editor,Desire Media Entertainment,1
m,editor,Lucernafilm Video,1
,editor,Little Gaddesden Productions,1
f,writer,Jade Films and Entertainment,1
,editor,Société Européenne de Propulsion,1
,director,Ministère de la Culture et de la Francophonie,1
,director,Ville de Compiègne,1
,director,Théâtre Impérial de Compiègne,1
,director,Société Européenne de Propulsion,1
m,cinematographer,Tradewind Pictures,1
,director,Golden Mark Film Distribution,1
m,writer,Sudden Motion Productions,1
m,director,Pedestrian Productions,1
f,producer,ABC Video,1
,director,Estonian Academy of Arts,1
,director,Ideal Grace Production Company,1
m,cinematographer,Deutsch-Polnische Gesellschaft Chemnitz,1
,editor,Epidemic Pictures,1
m,director,Le Dernier Cri,1
m,writer,Pedestrian Productions,1
,editor,Truque Produtora de Cinema,1
m,producer,"Centro de Diseño, Cine y Televisión",1
m,writer,Click Video,1
,editor,Eden,1
m,director,Tandem Productions (II),1
,editor,Delta Music & Entertainment,1
m,editor,Le Dernier Cri,1
,editor,Tigers Den Studios,1
,editor,Multivideo,1
f,producer,New Vision Video,1
m,director,Videoscope Fernseh-Film GmbH,1
m,writer,Tandem Productions (II),1
f,actress,The Game Des!gners Studio,1
,editor,Tide Rock Entertainment,1
,editor,Dark Thunder Productions,1
,editor,Pundersons Gardens,1
m,editor,Pedestrian Productions,1
m,director,Adelstein-Parouse Productions,1
m,producer,Conseil Régional de Haute Normandie,1
m,director,Red Devil Productions,1
,editor,De Palacio Films,1
m,producer,Le Studio de Creation Cinematographique du Ministere de la Culture,1
m,producer,Conseil Général de l'Eure,1
m,producer,Under the Rug Productions,1
m,director,Red Devil Entertainment,1
m,composer,Live Video,1
m,director,Escuela de Cine de Chile,1
m,writer,De Angeles Films,1
m,producer,Ideami Studios,1
m,composer,Videography Productions,1
f,cinematographer,Sherazade Film Development,1
f,cinematographer,Hemdale Home Video,1
f,cinematographer,Demarest Films,1
m,writer,Vicia Vídeo de Valencia S.L.,1
m,writer,VCL Video,1
m,writer,Agence Nationale pour la Cohésion Sociale et l'Egalité des Chances (ACSE),1
,editor,Ass Video,1
,editor,Moreno Vídeo,1
,editor,Mascot Video,1
,editor,Déjàvu Deluxe,1
,editor,Neuf de Coeur,1
,editor,Société Logovéenne du Film et de l'Image Pictures (SLOGF),1
f,cinematographer,Good Worldwide,1
,editor,Philip Farah Produzioni Cinematografiche e Video,1
,editor,Nordiska TV-Samarbetsfonden,1
f,producer,Jade Films and Entertainment,1
,editor,HVA Vídeos,1
,editor,Consultores de Comunicación Integral S.L.,1
m,director,World Wide Cinema,1
m,composer,Strong Video,1
,editor,Films de la Saga,1
,editor,Widestream Films,1
,editor,Gemini Video Editions,1
m,director,Atlas Worldwide Syndications and Distributions,1
m,writer,Video Junkie,1
,editor,Le Village de Nuit,1
,editor,Endemol Italia,1
m,director,VCL Video,1
m,director,Click Video,1
m,editor,Dead at 40 Productions,1
,editor,Dead Cat Films,1
,editor,Music Video Distributors (MVD),1
,editor,Videomatica,1
m,composer,DEFA-Studio Babelsberg GmbH,1
m,director,Video Junkie,1
f,director,Jade Films and Entertainment,1
f,editor,Jade Films and Entertainment,1
m,composer,Deckert Distribution,1
m,producer,Ringleader Productions,1
f,writer,Jason Hall filmvideo,1
m,composer,Wolfgang Odelga Filmproduktion GmbH,1
,editor,Code 7 Entertainment,1
,editor,Huit et Demi Productions,1
m,composer,Sol Goode LLC,1
m,cinematographer,Sunset Hill Video,1
m,composer,Film Development Fund of Hong Kong,1
m,composer,Conseil Régional de Franche-Comté,1
f,producer,Nordiska TV-Samarbetsfonden,1
,editor,Warner On Demand,1
f,director,Deutsche Columbia Pictures Film Produktion,1
,editor,Escapade Films Production,1
f,producer,RendezVous Films,1
f,producer,Buena Vista Home Video (BVHV),1
,editor,Verdecchi Film,1
,editor,Team Video Plus,1
,editor,ZylinderMeisters,1
m,composer,Beijing Film Academy,1
,editor,Nederlandse Christelijke Radio Vereniging (NCRV),1
m,cinematographer,Rank Home Video,1
m,cinematographer,Video Medien Pool (VMP) GmbH,1
m,composer,Irresistible Delta,1
,editor,Le Dernier Cri,1
m,director,Blue Screen Video and Film,1
,editor,Leader Media,1
m,cinematographer,Lava Video,1
m,writer,Ministère Libanais de la Culture,1
,editor,Odyssey Video,1
m,writer,Les Films de Beyrouth,1
,editor,Movie Tax Shelter Empowered by Dexia,1
f,writer,Sudden Motion Productions,1
,editor,Stichting Produktiefonds voor Nederlandse Films,1
m,composer,ITC Home Video,1
m,composer,Zeitgeist Video,1
m,producer,Made In Madras,1
,editor,Dexia,1
m,editor,Catalina Video,1
f,composer,SBS Independent,1
m,producer,Ideami,1
f,producer,Jason Hall filmvideo,1
,editor,Lisa Demberg Productions,1
,editor,Defiant Pictures,1
,editor,Hualu Electronic Audio & Video Publish Co.,1
,editor,Riverside Entertainment Group,1
,editor,Bolder Media for Boys and Girls,1
m,composer,Bundesministerium des Inneren (BMI),1
f,editor,Arco del Triunfo,1
m,director,Catalina Video,1
m,writer,Made In Madras,1
,editor,Delfin Studio,1
m,director,Made In Madras,1
,editor,MediaTrade,1
,editor,Cami Video Release,1
,editor,Meridian Video,1
m,writer,Catalina Video,1
,editor,Academia de Filmes,1
m,producer,Catalina Video,1
,editor,Dead Serious Films,1
f,editor,MTI Home Video,1
,editor,Marauder Productions (II),1
,editor,Editude Pictures GbR,1
m,director,Rigas Dome un Rigas Domes Kulturas Departaments,1
m,cinematographer,SBS Independent,1
,editor,Studio Campedelli,1
m,editor,Videa,1
m,writer,Scala Thunder,1
m,editor,Courtside Seats Productions,1
m,producer,SF Video Productions,1
,editor,Seaside Pictures,1
m,cinematographer,Maurício de Souza Produções Cinematográficas,1
,editor,Pilton Video,1
,editor,Underdog Productions,1
,editor,Videotek,1
m,producer,InsideFilms,1
m,director,Van der Veken Filmwerken,1
m,writer,Van der Veken Filmwerken,1
,editor,Jade City Internatioinal Films,1
m,writer,Tecnologico de Monterrey Campus,1
m,editor,Modernciné,1
m,producer,Van der Veken Filmwerken,1
,editor,Pro Video,1
m,writer,"La Musée de la civilisation, Québec",1
,editor,Bruno Andrade & Evilasia Poluceno,1
f,producer,Defender Film Company (II),1
f,writer,Videomax,1
,editor,Force Video,1
,editor,Consorcio para el Desarrollo Rural del Oriente de Asturias,1
,editor,Eden Productions,1
,editor,Brandon Whiteside Productions,1
,editor,Shanghai Century Hero Film and Television Cultural Development,1
,editor,New Eagle Video,1
,editor,Ro De Film,1
f,producer,Arco del Triunfo,1
m,director,"La Musée de la civilisation, Québec",1
f,actress,ZylinderMeisters,1
m,editor,Rundfunk Berlin-Brandenburg (RBB),1
f,actress,Armazém de Imagens,1
m,cinematographer,CBS / Fox Video,1
,editor,Gobierno del Estado de Coahuila,1
m,composer,Independent Productions,1
,editor,Edko Video,1
,editor,Peliculas Mexicanas en Video S.A.,1
,editor,Cinematografica del Sur,1
,editor,Secretaria de Turismo,1
,editor,Daiei Home Video,1
m,producer,Lion's Den Films,1
m,director,Contender Films,1
,editor,Defendshee Productions,1
,editor,Delicious the Film,1
f,director,Centre National du Cinéma et de L'image Animée (CNC),1
,editor,Wonderfly Films,1
,editor,Rocket Pictures Home Video,1
m,composer,High-Definition Motion Pictures,1
f,writer,Behaviour Worldwide,1
m,writer,Attitude Films,1
f,writer,MDP Worldwide,1
m,composer,Otto Desenhos Animados,1
,editor,Hidden Moon Productions,1
,editor,Independent Pictures (III),1
,editor,BD Garden,1
,editor,Tandem Filmproduktion,1
f,director,Behaviour Worldwide,1
f,cinematographer,Escola Superior de Cinema i Audiovisuals de Catalunya (ESCAC),1
,editor,Applause Home Video,1
,editor,Video Maura,1
f,director,MDP Worldwide,1
m,director,Odeon Entertainment,1
m,editor,Tandem Pictures,1
,editor,United American Video,1
m,producer,De Familie Janssen cbva,1
,editor,Independent Film Fund,1
f,producer,Ciudad de la Luz,1
,editor,Uderzo production,1
,editor,Mullis Capital Independent,1
,editor,Les Films de l'Astre,1
,editor,Fifty Three Degrees North,1
,editor,BigDeni Filmes,1
,editor,CDE Home Video,1
,editor,Wide Angle Media,1
m,cinematographer,Ontario Film Development Corporation,1
,editor,P.C. Saint Denis S.L.,1
f,actress,"American Independent Film Company, The",1
m,cinematographer,Code Entertainment,1
,editor,Films del Bungalow,1
,editor,Samarkanda Cine-Vídeo S.L.,1
,editor,Les Films des Tournelles,1
m,cinematographer,Blunderland,1
,editor,Trilogie Halexander,1
m,cinematographer,Independent Film Group,1
m,composer,Two Independent BV,1
,editor,Deep Films,1
f,writer,Centre National du Cinéma et de L'image Animée (CNC),1
f,writer,Les Films de la Colombe,1
f,producer,Junta de Comunidades de Castilla-La Mancha,1
,editor,Ateliers de Baere,1
,editor,ST2 Vídeo,1
,composer,Vende-se Filmes,1
,composer,Devyank Arts,1
f,writer,Trimark Home Video,1
,composer,Fox/Lorber Video,1
,composer,Dean River Productions,1
,composer,Renegade Pictures (II),1
,composer,Rigas Dome un Rigas Domes Kulturas Departaments,1
,composer,Academy Video,1
,composer,Independant Development,1
,composer,Deep Silver,1
f,writer,Les Productions de la Guéville,1
,composer,Trilogie Halexander,1
,composer,Decraien Films,1
,composer,Departament de Cultura de la Generalitat de Catalunya,1
,composer,Shadeena Films,1
,composer,Wide Angle Media,1
m,producer,Underjord Produktion,1
,composer,H&E Videos,1
,composer,Comisión Estatal Para la Cultuta y las Artes de Jalisco,1
,composer,Underground Pictures,1
,composer,Custom Made Films,1
,composer,Madeleine Films,1
,composer,Resonance Film & Video,1
,composer,Centre du Cinéma et de l'Audiovisuel de la Fédération Wallonie-Bruxelles,1
,composer,Golden Mark Film Distribution,1
,composer,iWONDER Films,1
,composer,Ideal Grace Production Company,1
,composer,Independent Online Cinema,1
m,editor,Random House Home Video,1
,composer,macideas,1
,composer,Rocket Pictures Home Video,1
,composer,Halcyon Video Productions,1
,composer,Wonderworld Studios,1
,composer,Wrong Ideas,1
f,director,Les Films de la Colombe,1
,composer,Fisher/Remde Productions,1
f,director,Les Productions de la Guéville,1
,composer,Veryrude Films,1
,composer,Made on a Bank Loan Production,1
,composer,Resident Evil CG Film Partners,1
f,director,TV5 Monde,1
f,producer,Burnside Distribution Company,1
m,writer,B.D. Fox Independent,1
,editor,Oficinas Experimentais de Cinema,1
f,director,Trimark Home Video,1
,director,Opéra de Bordeaux,1
,editor,Tokyo Raiders,1
,editor,Video Team,1
m,director,Allied Artists Home Video,1
,director,Video Team,1
f,producer,Cinema Reloaded,1
,director,Sendel Producciones,1
m,cinematographer,Borden and Rosenbush Entertainment,1
,director,MediaTrade,1
,editor,Derf Films,1
f,actress,"Animais - Animação, Vídeo e Publicidade",1
,editor,Vilnius Academy of Fine Arts,1
,director,Netherlands Film and Television Academy,1
m,writer,Branded Entertainment/Batfilm Productions,1
,editor,Jade Films and Entertainment,1
,director,Deutsche Grammophon,1
,editor,Deep Green Films,1
f,writer,Video Omega,1
m,producer,Independent Film Sales,1
m,director,Lion's Den Films,1
m,producer,MTC Video,1
f,producer,NxtLvL Fight & Flight Design,1
,editor,Happy Accident Productions,1
m,writer,Wide Management,1
m,director,B.D. Fox Independent,1
m,writer,Lion's Den Films,1
m,director,Dexia,1
m,producer,Metal Blade Records,1
m,composer,Delante Films,1
m,producer,Allied Film and Video,1
m,cinematographer,Vivivideo,1
,director,Fade 2 Black Films,1
,editor,Joyful Founder,1
m,director,Independant Development,1
,editor,Xin-Sheng Dai Film & Video Co.,1
,editor,Cinema De Balie,1
,editor,Haus der Kunst,1
m,director,Cal-Vista Home Video,1
,editor,Ministère des Affaires Etrangères et Européennes,1
m,producer,DeriveApprodi,1
,director,De Angelis Group,1
m,director,Fonds Images de la Diversité,1
,director,Project Trident,1
,director,Fox Video,1
,director,Akademija Umetnosti,1
m,editor,Lion's Den Films,1
,director,Gatorade,1
,editor,The Pedestrain Pictures Inc.,1
,director,L'Atelier de Réalisation,1
m,cinematographer,Densely Hollow Films,1
m,director,Wide Management,1
,director,In Demand,1
,editor,Dandelion Distribution,1
f,writer,Vestron Video,1
,director,"University of Art and Design Helsinki, Media Lab",1
m,editor,Film Independent,1
m,cinematographer,Generalitat de Catalunya - Institut Català de les Indústries Culturals (ICIC),1
,director,Brothers of the Order,1
,director,Daiei Home Video,1
,director,Nahdet Masr Films,1
m,producer,Inbred Jed's Homemade Cartoons,1
,director,BMG Independents,1
,director,Midnight Video,1
,director,Wild Side Vidéo,1
,director,"Filmógrafo, Estúdio de Cinema de Animação do Porto, Lda.",1
,director,Maria Fernanda Gutierrez Serralde Producciones,1
m,cinematographer,SVS/Triumph Home Video,1
,editor,Commissão de Valores Mobiliarios,1
,editor,Good Worldwide,1
,editor,Secretaria para o Desenvolvimento do Audiovisual,1
,director,Video! Video!,1
,director,Daniel Hernández Garza,1
,director,YonderQuest,1
,director,South African Film and Video Services,1
,director,Cinema Delicatessen,1
,director,Independent Spirit Productions,1
,director,"Decca Record Company, The",1
,director,De Nederlandse Opera (Amsterdam),1
,editor,Fraserside Holdings Ltd.,1
,director,MCA Planning and Development,1
,director,Time-Life Video & Television,1
,director,DIA Distributori Indipendenti,1
f,producer,Secretaria para o Desenvolvimento do Audiovisual,1
,editor,Sciapode,1
,director,Wide Pictures,1
,director,Adelaide Productions,1
,editor,SchröderMedia HandelsgmbH,1
,director,Production Rudens,1
,director,Westdeutsches Werbefernsehen (WWF),1
,director,China Zhongqiao Development Corporation,1
,director,Beijing Wenzhixing Cultural Development,1
,director,Avant Garde Studios,1
,editor,Deep Side Production,1
,director,Alfa-Panorama Film & Video,1
m,producer,Compagnie des Films,1
,director,Met / Hodder,1
,director,Deep Side Production,1
,director,Lucky Red Video,1
f,cinematographer,Les Films du Lendemain,1
,editor,Widescream Producciones,1
,editor,Universidade Federal Fluminense (UFF),1
,director,Instituto Nacional de Desarrollo Social (INDESOL),1
,editor,E.I. Independent Video,1
,director,Meteor Home Video,1
,editor,CBS Video,1
,director,De Espona Infografica,1
,director,Aniade,1
m,writer,Inbred Jed's Homemade Cartoons,1
,director,Kindle Imagine Develop (KID),1
,director,National Film Development Corporation of India (NFDC),1
,director,Zoë Mode,1
,director,National Film Development Corporation,1
,director,Unknown Identity,1
,director,Convivial Design Inc.,1
m,writer,Allied Film and Video,1
m,composer,Inbred Jed's Homemade Cartoons,1
,director,WonderWorld Studios,1
f,producer,Commissão de Valores Mobiliarios,1
m,editor,Media Development Authority (MDA),1
,director,Denzel Film Investment,1
,director,Videoasia,1
,director,BFS Video,1
,director,Inside Films,1
,director,Perro Verde Films,1
,director,Anim CDE,1
,editor,Different by Design,1
m,director,Sin City Video,1
,editor,Start Desenhos Animados,1
,editor,Video Omega,1
m,composer,Allied Film and Video,1
,director,Fladenfilm,1
,director,Video Brinquedo,1
,director,Pasadena Films,1
,director,Der Tagesspiegel,1
,editor,San Francisco Museum of Modern Art,1
,director,Wide Angle Media,1
,director,Andersen,1
,director,Academy of Fine Arts in Cracow,1
,director,Hyderabad Innovatives,1
,director,Sridevi Art Movies,1
,director,San Francisco Museum of Modern Art,1
m,director,College of Art and Design,1
m,cinematographer,Mark Borde Films,1
m,director,Société Européenne de Propulsion,1
,director,Decade Distribution,1
,editor,President Films,1
f,actress,Videographe of Montreal,1
,director,Academy of Amusement Media,1
,director,Wrong Ideas,1
,director,Big Idea Productions,1
,editor,Skillset Screen Academy Wales,1
f,cinematographer,Le Groupement National des Cinémas de Recherche,1
m,composer,Avex Mode,1
m,editor,Hong Cheng Home Video,1
,director,"University of the Arts, Philadelphia",1
,director,Intellectual Properties Worldwide (I),1
f,cinematographer,TV5 Monde,1
,director,Endemol Italia,1
,director,Producción Independiente,1
m,director,Hong Cheng Home Video,1
,editor,40 Creditors and a Deferral,1
,director,Metal Blade Records,1
,director,Deutsche Bibelgesellschaft,1
,director,Priapic Video,1
f,producer,Six Feet Under Films,1
,director,PolyGram Home Video,1
,director,Institut des Arts de Diffusion IAD (Louvain-la-Neuve),1
,editor,Outsider Diffusion,1
m,writer,Hong Cheng Home Video,1
,director,Shanghai Century Hero Film and Television Cultural Development,1
m,writer,HVA Vídeos,1
m,producer,Hong Cheng Home Video,1
,editor,Ravinder Grewal Productoins,1
f,director,Buena Vista International (Denmark),1
,editor,Ravinder Grewal Productions,1
m,editor,AZ Digital Video Dreams,1
,editor,Tragaluz Estudio de Artes Escénicas S.L.,1
m,editor,Crown Video,1
,editor,Sridevi Art Movies,1
,editor,Triade Films,1
m,composer,Maria Grüner Kindertheater,1
,editor,Wanted Worldwide,1
m,director,Inbred Jed's Homemade Cartoons,1
,editor,Sudden Motion Productions,1
m,director,Instituto de Cultura de Yucatan,1
m,writer,Moreno Vídeo,1
m,editor,Nexus Cinema e Vídeo,1
m,writer,defa-spektrum Filmverleih,1
,editor,Modern Audio (International) Ltd.,1
m,writer,Studio Deva Loka,1
,editor,Ride The Warble Films,1
,editor,Videosino Ltd.,1
,editor,Latitude Media,1
,editor,Made in Hong Kong,1
m,director,AZ Digital Video Dreams,1
m,editor,Vision Video Gateway Films,1
m,director,Allied Film and Video,1
m,director,Academy Video,1
,editor,Filmakademie Ludwigsburg,1
m,editor,Winson Video,1
m,cinematographer,Instituto de Cultura de Yucatan,1
,editor,BSM: Barcelona de Serveis Municipals,1
,editor,Ajuntament de Barcelona,1
,editor,Village Roadshow Pictures Worldwide,1
,editor,Gardenia Films,1
,editor,Provident Films,1
,editor,Greenerside Productions,1
m,director,Ville de Compiègne,1
,editor,Wonder Works Films,1
,editor,Universal Music & Video Distribution (UMVD),1
,editor,Inspidea,1
,editor,Anderson/Hassan Entertainment,1
m,writer,AZ Digital Video Dreams,1
m,writer,Instituto de Cultura de Yucatan,1
f,editor,Alambique Destilaria de Ideias Unipessoal,1
m,editor,HVA Vídeos,1
,editor,LA Independent Film & Entertainment L.I.F.E.,1
,editor,Deluded Penguin Productions,1
,editor,Instituto Cubano del Libro,1
,editor,Alfa-Panorama Film & Video,1
m,director,Conseil Général de l'Oise,1
m,editor,TimeCode NOLA,1
f,writer,Six Feet Under Films,1
,editor,American Video,1
,editor,Lucky Red Video,1
,editor,Glyndebourne,1
,editor,BWE Video,1
,editor,Modern Times,1
,editor,Karmen Video,1
f,writer,Force Video,1
m,producer,AZ Digital Video Dreams,1
,editor,Defender Films,1
,editor,Custom Made Films,1
m,editor,MTV Networks de Mexico,1
m,cinematographer,Video Screen,1
,editor,"Museum of Modern Art, The (MoMA)",1
m,producer,Viderent,1
f,producer,Bonafide Films,1
,editor,Arrow Film & Video,1
m,producer,Steven de Jong Producties,1
,editor,CineCentrum Deutsche Gesellschaft für Film- und Fernsehproduktion mbH,1
,editor,Gobierno del Estado de Veracruz,1
,editor,Taller de la Luz,1
,editor,Videocolor,1
,editor,DEREVO,1
m,composer,Fonds Images de la Diversité,1
m,editor,New Vision de Mexico S.A.,1
,editor,Priapic Video,1
,editor,Double Wide Media,1
,editor,Gruppo Edebe',1
,editor,Eva Merz PhotoDesign,1
m,producer,Identidade Produções,1
m,director,MTV Networks de Mexico,1
m,producer,Dubbledee Pictures,1
,editor,TCU Student Filmmakers Association,1
m,editor,Moreno Vídeo,1
m,director,Steven de Jong Producties,1
,editor,Gaumont Video,1
,editor,Bonton Home Video,1
f,producer,Anna Sanders Films,1
,editor,B.D. Fox Independent,1
,editor,Disorder Productions,1
m,writer,Dubbledee Pictures,1
m,composer,Goldeco Pictures,1
m,writer,MTV Networks de Mexico,1
m,cinematographer,Autour de Minuit Productions,1
,editor,Scheherazade,1
f,editor,Derby City Productions,1
,editor,Brideshead Films,1
,editor,Perro Verde Films,1
,editor,A Forbidden Love Film Partnership,1
,editor,Devils Avalanche Films,1
,editor,Videodis,1
,editor,World Wide Entertainment,1
f,producer,Demented Features,1
m,producer,Warner Bros. Pictures de España,1
m,cinematographer,Gommiaproduccionindependiete,1
m,director,Point.360 - Westside,1
,editor,Number One Video,1
m,composer,Ministère de la Culture Italien,1
,editor,Exclusief Film en Video,1
m,director,Dubbledee Pictures,1
m,director,Gommiaproduccionindependiete,1
f,actress,Tom Snyder Productions,1
,editor,Conseil Général de l'Aisne,1
,editor,Forbidden City Studios,1
f,producer,Haus der Kunst,1
m,producer,Priapic Video,1
m,writer,MTI Video,1
,editor,Fort Video,1
m,director,Golden West Films,1
,editor,"CEV, Escuela Superior de Comunicación, Imagen y Sonido",1
,editor,Deep See Productions,1
m,editor,Dubbledee Pictures,1
m,director,Number One Video,1
,editor,Lauren Films Video Hogar S.A.,1
,editor,Concorde Filmed Entertainment,1
,editor,Decima Rosa,1
,editor,Mei Ah Entertainment Development,1
,editor,Alfadedis Entertainment,1
f,producer,Ministère des Affaires Etrangères et Européennes,1
m,writer,XYZ Desarrollos S.A.,1
,editor,Trade Off Productions,1
,editor,Ville de Valence,1
f,editor,Lider Films,1
,editor,Département de la Drôme,1
,editor,Springboard Video,1
,editor,Rollin' Deep Productions,1
,editor,Conseil Général de la Drôme,1
m,director,VTI Home Vídeo,1
,editor,Les Films des Lucioles,1
f,editor,Légende Entreprises,1
m,editor,Golden West Films,1
m,director,Demarest Films,1
m,cinematographer,Psychedelic Offspring Productions,1
,editor,Media Desk Hellas,1
m,writer,La Vaca de Muchos Colores,1
,editor,Fonds Images de la Diversité,1
m,producer,Point.360 - Westside,1
,editor,Agence Nationale pour la Cohésion Sociale et l'Egalité des Chances (ACSE),1
,editor,Edenwood,1
f,editor,Fox Lorber Home Video,1
,editor,Two Independent BV,1
,editor,Panini Video,1
f,editor,America Video,1
,editor,iDeal Partners Film Fund,1
,editor,Grupo de León,1
m,editor,Delphis Films,1
,editor,Team De DoDoDo,1
,editor,Evergreen Video,1
,editor,Edde Entertainment,1
,editor,Heatwave Video,1
,editor,Click Video,1
,editor,Blvd St Germain des Pres,1
,editor,Videoload,1
,editor,Transcendent,1
,editor,Dexterity Entertainment,1
,editor,Devil's Rock,1
f,cinematographer,Filmakademie Wien,1
,editor,Compagnie des Films,1
f,editor,Noche de Brujas Producciones,1
m,editor,Filmverlag der Autoren,1
,editor,Michael Alden Productions,1
,editor,Accuracy of Death Film Partners,1
m,writer,Look Vídeo,1
f,producer,RCS Video,1
,editor,Edinburgh Skillset Screen and Media Academy,1
,editor,Amusement Media Academy,1
f,producer,HBO Video,1
,editor,Cascade,1
,editor,Les Films de la Concorde,1
,editor,DED Films,1
,editor,La Compagnie des Petites Merveilles,1
,editor,Pondera,1
,editor,Sunset Hill Video,1
,editor,New Olga Videos,1
,editor,Euripide Productions,1
,editor,ETD Home Video,1
,editor,Ideal Pictures Corp.,1
f,writer,Département de la Charente-Maritime,1
,editor,Denhem Wealth Holdings,1
,editor,Villa del Cine,1
,editor,Delhi Dot Com,1
,editor,Mirabai Films Delhi,1
m,cinematographer,Golden West Films,1
,editor,Destiny Entertainment Productions,1
,editor,Transgression Video Productions,1
m,writer,Golden West Films,1
f,writer,Sociedade Independente de Comunicação (SIC),1
,editor,Conseil Régional des Pays de la Loire,1
,editor,Sony Deutschland,1
,editor,Virgin Suicides LLC,1
,editor,Cinema Reloaded,1
,editor,Productions Paul Lederman,1
,editor,Bonafide Films,1
,editor,Slide,1
,editor,Tribeca Flashpoint Media Arts Academy,1
m,cinematographer,Non-Aligned Sorcerers' Trancendental Yoga,1
,editor,de Prume Productions,1
f,producer,Modern American Cinema,1
,editor,Adelaide Productions,1
f,director,Sociedade Independente de Comunicação (SIC),1
,editor,Conseil Général de la Dordogne,1
,editor,PBS Video,1
,editor,LCA Gaiden Productions,1
m,producer,Golden West Films,1
m,actress,Dentsu,1
,editor,Odessa Film Studios,1
,editor,Anand Video,1
m,writer,IMAX Sandde Animation,1
,editor,"Dead Will Rise Studio, The",1
,editor,Delta Film,1
m,producer,Tradewinds Entertainment,1
m,writer,Konsortiet H.C. Andersens Lange Skygge,1
m,director,Studio Deva Loka,1
,editor,NewStar World Wide,1
,editor,Kaplan/Feder Films,1
,editor,Paramount Video (PV),1
,editor,Sky Cosmos Development,1
m,composer,Leo Home Video,1
m,producer,Non-Aligned Sorcerers' Trancendental Yoga,1
,editor,Madeleine Films,1
,editor,Les Films de l'Ours,1
,editor,Condor Vídeo,1
m,director,I Made A Movie Studios,1
,editor,Les Films de l'Après-Midi,1
m,writer,I Made A Movie Studios,1
,editor,Gideon Productions,1
,editor,Centre du Cinéma et de l'Audiovisuel de la Fédération Wallonie-Bruxelles,1
,editor,Citadel,1
m,writer,Non-Aligned Sorcerers' Trancendental Yoga,1
,editor,China Vídeo,1
,editor,Les Films de la Boissière,1
,editor,Centre National de la Cinématographie et de l'Image Animée,1
,editor,Maison Descartes,1
,editor,Beijing Xiaoma Benteng Film & TV Culture Development,1
,editor,Opéra National de Lyon,1
m,producer,Dellarocco Studios,1
m,producer,I Made A Movie Studios,1
,editor,"Hijos de Su Madre, Los",1
,editor,Lourdes Enterprises,1
m,director,Made on a Bank Loan Production,1
,editor,Video Collection International,1
m,director,Arccades Vidéo,1
,editor,The Czech Republic State Fund for Support and Development of Cinematography,1
m,director,De Baron,1
,editor,Consellería de Cultura e Comunicación Social,1
m,composer,Independent Cinema Association of the Philippines,1
,editor,Youngtze Film & Video Inc.,1
,editor,Rede Telecine,1
,editor,Sin Perdon de Dios,1
,editor,NBC Home Video,1
,editor,Wandering Star Pictures,1
,editor,Ministère de la Culture Italien,1
,editor,Meteor Home Video,1
,editor,Ciné-Tamaris/Paramount Home Video,1
f,composer,Quanta Centro de Produções Cinematográficas,1
m,composer,Non-Aligned Sorcerers' Trancendental Yoga,1
m,editor,Dellarocco Studios,1
,editor,Devi Films,1
,editor,Cult Video,1
,editor,Undead Cow Studios,1
,editor,Nederlander Film,1
m,composer,Virgin Suicides LLC,1
,editor,Groupement National des Cinémas de Recherche (GNCR),1
,editor,Guangdong Wei Jia Video Production Ltd.,1
m,writer,Made on a Bank Loan Production,1
,editor,SODEC,1
,editor,De Angelis Group,1
,editor,VCL Video,1
f,producer,Alpha Video Distributors,1
,editor,Jade M,1
,editor,Les Films de la Baleine,1
,editor,Regione del Veneto,1
m,writer,De Baron,1
,editor,New Yorker Video,1
,editor,Dedicated Works Productions,1
,editor,Diva Video Entertainment,1
m,composer,Agence Nationale pour la Cohésion Sociale et l'Egalité des Chances (ACSE),1
,editor,Consorzio per la Tutela del Prosecco di Conegliano-Valdobbiadene,1
,editor,Attitude Films,1
m,director,Dellarocco Studios,1
,editor,Hessische Filmförderung,1
,editor,Federico Film,1
f,actress,L'Atelier de Réalisation,1
,editor,Grandelusions Films,1
m,director,K-tel Video,1
m,cinematographer,Dellarocco Studios,1
m,writer,Dellarocco Studios,1
m,director,De Filmfreak,1
,editor,Prod2demain,1
,editor,Pickwick Video,1
,editor,Cosmic Video,1
m,director,GoldenTiger Productions,1
,editor,Sidereal Productions,1
,editor,By the River's Side Films,1
,editor,New Concorde,1
,editor,Kino International Video,1
,editor,International Video 80,1
,editor,S/S Fladen Film,1
,editor,Deepa Mehta Films,1
,editor,Hérodiade,1
,editor,Independent Film Sales,1
,editor,Cine Grande Corporation,1
f,actress,Academy of Arts Higher Institute of Cinema,1
,editor,UGC Video,1
,editor,Archimède International,1
,editor,Delusers,1
,editor,Consorcio Audiovisual de Galicia,1
,editor,Le Studio de Creation Cinematographique du Ministere de la Culture,1
,editor,Wide Frame Films,1
,editor,Deer Path Productions,1
m,director,DeltaVideo (DV),1
m,cinematographer,Nuova Accademia delle Belle Arti (NABA),1
,editor,La Vinadella,1
,editor,Confident Films,1
,editor,Independent Pictures (II),1
,editor,Independent,1
,editor,Fisher/Remde Productions,1
,editor,Academy of Amusement Media,1
,editor,Netherlands Film and Television Academy,1
,editor,BIG Home Video,1
,editor,Pulsepounders,1
f,actress,Media Design Interactive (MDI),1
,editor,John Wilder Nightwatch Productions,1
,editor,Delta Filmverleih,1
,editor,Capital Cities/ABC Video Enterprises Inc.,1
,editor,Delta Video,1
,editor,Andrew Adelson Company,1
m,director,A Forbidden Love Film Partnership,1
,editor,Vil Design,1
f,writer,Independent Film Channel (IFC),1
,editor,Inside Track Productions,1
,editor,Maison de Cinema,1
,editor,MMDP Munich Movie Development & Production GmbH & Co. Project KG,1
,editor,Sudestada Cine,1
,editor,Underground Films,1
,editor,La Esquina del Cine,1
f,actress,Editude Pictures GbR,1
,editor,Robert Golden Films,1
,editor,Video Junkie,1
,editor,XYZ Desarrollos S.A.,1
,editor,Dolmen Home Video,1
,editor,Ogden Entertainment,1
f,producer,Zide-Perry Productions,1
,editor,Schaf oder Scharf Film,1
,editor,Production de Films SD,1
,editor,Xscapade Pictures Ltd.,1
m,cinematographer,Arkadas Sinema-Video,1
,editor,"Zespol Filmowy ""Indeks""",1
,editor,"University of Art and Design Helsinki, Media Lab",1
,editor,Psychedelic Offspring Productions,1
,editor,Odeon Rybarczyk Productions,1
,editor,Nederlandse Omroepstichting (NOS),1
f,producer,Modern Times,1
,editor,Videa,1
,editor,Paradigm Hyde Films,1
,editor,Delius Film,1
,editor,Alianza Cinematografica Mexicana S.A. de C.V.,1
,editor,Videofilm,1
,editor,Escuela de Cine de Chile,1
,editor,Collectivité Territoriale de la Corse,1
,editor,Independent Filmmakers Cooperative (IFC),1
,editor,Cinematografica del Prado S.A.,1
,editor,Terminal Video,1
,editor,Bayerische Landesanstalt für Aufbaufinanzierung,1
,editor,Index Films,1
,editor,Pôle Image de Liège,1
,editor,Nadeo,1
,editor,La Compagnie Deschamps et Makeïeff,1
,editor,Dreidel Films,1
m,writer,Blockade Entertainment,1
,editor,Made In Madras,1
m,director,Akintunde Productions,1
,editor,Liquid Amber Design,1
m,writer,Fanatik Video,1
m,writer,Virgin Suicides LLC,1
,editor,Warner Home Video France,1
,editor,Sundance Independent Film Channel,1
,editor,Bankside Films,1
,editor,Independent Productions,1
,editor,Commission Télévision de la Procirep,1
m,composer,Van Alden Pictures,1
m,writer,Akintunde Productions,1
,editor,Added Films International,1
,editor,Raffaella De Laurentiis Productions,1
,editor,Carolina Torn Asunder Inc.,1
m,director,Modern Life,1
,editor,Modern Life,1
,editor,Underpaid Productions,1
,editor,Produksjonsfondet for kino og fjernsynfilm,1
,editor,BBC Video,1
,editor,Deviant Films,1
,editor,Video 10 Distributors,1
,editor,Videomax,1
,editor,Cinétudes Films,1
,editor,Filmayer Vídeo,1
m,director,Non-Aligned Sorcerers' Trancendental Yoga,1
,editor,Den Norske Filmskolen,1
,editor,G-mode,1
,editor,Fear and Desire Productions,1
,editor,Nahdet Masr Films,1
,editor,Les Producteurs TV-Cine-Video (Telcima),1
,editor,Las producciones del patron,1
,editor,MCP Video,1
f,producer,Decima Rosa,1
,editor,Prelude2Cinema,1
,editor,Les Productions de la Lanterne,1
m,editor,Akintunde Productions,1
,editor,Condor Video,1
m,cinematographer,American Desi Productions,1
,editor,Library Video Company,1
m,editor,GoldenTiger Productions,1
,editor,Productora Andaluza de Programas S.A.,1
,editor,Caradecão Filmes,1
,editor,Golden Boy Productions,1
m,writer,Philip Farah Produzioni Cinematografiche e Video,1
m,director,Fanatik Video,1
,editor,Président Films,1
,editor,Aniade,1
,editor,The Institute for the Intellectual Development of Children & Young Adults,1
m,editor,Non-Aligned Sorcerers' Trancendental Yoga,1
,editor,Stimuleringsfonds Nederlandse Culturele Omroepproducties,1
f,actress,Tres Minutos Contra el Monstruo del Largometraje,1
,editor,Fox-Walden,1
,editor,Deviant Pictures,1
,editor,Accolade,1
,editor,A-1 Kino Video,1
,editor,AKB Delovaya Rossiya,1
,editor,Iron Oxide Productions,1
,editor,Der Tagesspiegel,1
,editor,Kuratorium Junger Deutscher Film,1
,editor,Filmstudio Demarsh,1
,editor,Le Club des Investisseurs,1
,editor,De Familie Janssen cbva,1
m,editor,Deerbear Films,1
,editor,Worldwide Film Entertainment,1
,editor,Sydney Underground Film Festival,1
m,writer,Nova Scotia Film Development Corporation,1
,editor,Video Palace,1
,editor,Frederick S. Pierce Company,1
,editor,Resonance Film & Video,1
,editor,Abode,1
f,actress,Gardeshet Productions,1
f,editor,Hellas Video,1
,editor,Low Definition Films,1
m,editor,Independent Filmmakers Cooperative (IFC),1
,editor,Depth of Field,1
m,writer,Federal Film Reserve,1
,editor,Renegade Reporting,1
,editor,Viderent,1
,editor,Wardenclyffe Entertainment,1
,editor,Insider Films,1
,editor,Identity Films (I),1
f,producer,Tandem Productions (II),1
,editor,Filmverlag der Autoren,1
m,composer,no BIG deal productions,1
,editor,BoulderLight Pictures,1
m,producer,SM Development Corporation (SMDC),1
,editor,RCA / Columbia Pictures Video,1
m,director,Genius Parade,1
f,editor,Sony Pictures Worldwide Acquisitions (SPWA),1
m,cinematographer,CIC Home Video,1
,editor,Cooperativa de Trabajo Felei,1
,editor,Conseil Régional de Franche-Comté,1
f,writer,Zentropa International Sweden,1
,editor,Film Threat Video,1
,editor,Showtime Video Distribution Inc.,1
,editor,Eureka Video,1
,editor,Deadly Films,1
f,editor,Monolith Video,1
,editor,Deivanai Movies,1
,editor,Cylinder Production,1
,editor,Yamato Video,1
,editor,Videographe of Montreal,1
,editor,Duck Decoy Production Inc.,1
,editor,Thunder Road Pictures,1
,editor,Films de l'Iris,1
,editor,BFS Video,1
,editor,Szupermodern,1
,editor,Pro Video Film & Distribution Kft.,1
,editor,La Ministre de la Culture et de la Communication,1
,editor,Guild Home Video,1
f,writer,Vendetta Filmes,1
,editor,PBS Home Video,1
,editor,Devyank Arts,1
f,director,Zentropa International Sweden,1
m,producer,Stimuleringsfonds Nederlandse Culturele Omroepproducties,1
,editor,Identidade Produções,1
m,writer,Code Productions,1
m,writer,Adelson-Baumgarten Productions,1
f,director,Vendetta Filmes,1
,editor,Videoscope Fernseh-Film GmbH,1
,editor,independent players GmbH,1
,editor,DAC de la Ville de Genève,1
,editor,De Vliegende Hollander,1
,editor,Lefwander Kapitalförvaltning AB,1
,editor,DIP de l'Etat du Valais,1
,editor,Media Desk Suisse,1
,editor,Fonds Culturel de Suissimage,1
,editor,Sri Lakshmi Devi Productions,1
m,cinematographer,Amuse Video,1
m,producer,Fisher/Remde Productions,1
m,cinematographer,Deliberately Obtuse Entertainment,1
m,director,NewStar World Wide,1
m,editor,Ideogramma E.P.E.,1
,editor,RCA Home Video,1
,editor,Demtas Film,1
m,editor,"Filmógrafo, Estúdio de Cinema de Animação do Porto, Lda.",1
,editor,Lucernafilm Video,1
,editor,Columbia Academy,1
,editor,Wounded Eye Media,1
,editor,Death By Awesome Productions,1
,editor,DeFamilieJanssen (DFJ),1
,editor,Lloyds Home Vídeo,1
m,director,Bevis Film and Video,1
,editor,Grendel Productions Inc.,1
,editor,Deutsche Columbia TriStar Filmproduktion,1
,editor,CH Media Berlin Brandenburg GmbH & Co. KG,1
,editor,Mitteldeutsches Filmkontor (MDF),1
,editor,Koba Films Video,1
,editor,International Traders,1
m,director,Kaplan/Feder Films,1
m,director,Nova Scotia Film Development Corporation,1
,editor,Golden Horn Films,1
,editor,Kasander & Wigman Productions,1
,editor,Salamander Productions,1
,editor,DEJ Video Distribution,1
,editor,De/Center Communications Inc.,1
,editor,The Wooden Lens,1
m,director,Ideogramma E.P.E.,1
,editor,DMVE Culture Development Co. Ltd.,1
,editor,Media Development Authority (MDA),1
m,writer,Le Groupement National des Cinémas de Recherche,1
,editor,Dentsu Motion Pictures,1
,editor,Schneider & Groos,1
,editor,Deutsch-Polnische Gesellschaft Chemnitz,1
,editor,Desperado Film,1
,editor,Arden Film,1
,editor,Pathé Video,1
,editor,Navidi-Wilde Productions Ltd.,1
,editor,Metropolitan Film & Video,1
m,director,"Filmógrafo, Estúdio de Cinema de Animação do Porto, Lda.",1
,editor,Cine Falcon Producciones S.A. de C.V.,1
m,director,Le Groupement National des Cinémas de Recherche,1
,editor,Thunderhead Productions,1
,editor,740 Sound Design,1
,editor,Département de la Charente-Maritime,1
,editor,Rainbow Home Video,1
,editor,Wondergraf,1
,editor,Vendetta Producciones,1
,editor,Delta Airlines,1
,editor,Moving Image Development Agency,1
m,composer,Unknown Video,1
,editor,Code 99,1
,editor,Deco L.A. Productions,1
,editor,Pendefig Ty Cefn,1
,editor,On Camera Cinema e Vídeo,1
,editor,Hyderabad Innovatives,1
,editor,Atlas Worldwide Syndications and Distributions,1
f,editor,GoldenGirl FilmWorks Studios,1
,editor,Postmodern Times,1
,editor,The Content Providers Limited,1
f,editor,Les Films de l'Isle,1
,editor,Surinder Films,1
,editor,Vox Video,1
,editor,Blue Gardenia Productions,1
,editor,Independence Film Group,1
,editor,Women Under the Influence Films,1
,editor,Character Builders,1
,editor,Demian Film,1
,editor,Steven de Jong Producties,1
,editor,Exe Video,1
f,director,Video Palace House of Distribution,1
m,writer,Bevis Film and Video,1
m,cinematographer,Bonneville Worldwide Entertainment,1
m,producer,Landscentralen for Undervisningsmidler,1
m,writer,Taurus Video,1
m,producer,Circus Devils,1
m,editor,Underjord Produktion,1
m,producer,Deutscher Fernsehfunk (DFF),1
m,composer,Televisión Pública de Canarias,1
m,writer,NewStar World Wide,1
m,composer,Ideogramma E.P.E.,1
m,writer,DEREVO,1
m,cinematographer,Compagnie des Phares et Balises,1
m,writer,Fisher/Remde Productions,1
m,producer,Time-Life Video & Television,1
m,cinematographer,Dualstar Home Video,1
m,writer,De Productie,1
f,producer,GoldenGirl FilmWorks Studios,1
m,composer,Les Films de la Colombe,1
m,composer,Pyramide International,1
m,composer,Fernsehen der DDR,1
m,composer,World Wide Deb Films,1
m,director,Yamato Video,1
m,writer,Kaplan/Feder Films,1
m,director,Delicious Films,1
m,writer,Obshchestvennoye Rossijskoye Televideniye (ORT) Video,1
m,director,Las Producciones del Escorpión S.L.,1
m,producer,Filmtrade - Spentzos Film,1
m,director,Brideshead Films,1
f,writer,GoldenGirl FilmWorks Studios,1
m,writer,Douglas Anderson School of the Arts,1
m,cinematographer,Warner Bros. Pictures de España,1
m,director,Videotrónica,1
m,cinematographer,Kaleidescope Media Group,1
m,writer,Lanzarote Reserva de Biosfera,1
m,producer,Alamode Filmverleih,1
m,producer,Lanzarote Reserva de Biosfera,1
m,writer,BD Garden,1
m,composer,Modern Grief Productions,1
f,cinematographer,GoldenGirl FilmWorks Studios,1
m,cinematographer,Modern Times,1
m,director,Lanzarote Reserva de Biosfera,1
m,cinematographer,Ideogramma E.P.E.,1
m,cinematographer,Keyweckshide Pictures,1
f,composer,GoldenGirl FilmWorks Studios,1
m,writer,A Forbidden Love Film Partnership,1
m,writer,Ideogramma E.P.E.,1
m,producer,SNG Film / Studio Nieuwe Gronden,1
m,cinematographer,Central de Producciones Audiovisuales S.L.,1
f,producer,Videocolor,1
m,director,Widestream Films,1
m,editor,Widestream Films,1
m,editor,Pandemic Studios,1
m,producer,Bruder Releasing (BRI),1
m,director,Douglas Anderson School of the Arts,1
m,writer,Rotterdams Fonds voor de Film en Audiovisuele Media,1
m,director,Consellería de Cultura e Comunicación Social,1
m,editor,Pandemic Production,1
f,producer,Sociedad Anónima del Vídeo (S.A.V.),1
m,cinematographer,Golden Horn Films,1
f,producer,Gobierno del Estado de Veracruz,1
m,editor,Vendetta Producciones,1
m,editor,Surrey Institute of Art & Design,1
m,editor,Clap - Produção de Filmes,1
m,composer,Movie Tax Shelter Empowered by Dexia,1
m,cinematographer,Liquid Desert,1
m,cinematographer,Centre National du Cinéma et de L'image Animée (CNC),1
m,writer,Model T,1
m,composer,Lucky Red Video,1
f,director,Rodeo Drive,1
m,writer,Independent Film Trust,1
m,writer,Wonder Entertainment,1
m,composer,Alfa-Panorama Film & Video,1
m,composer,Model T,1
m,writer,Dallas Video Festival,1
m,editor,Douglas Anderson School of the Arts,1
m,director,Independent Film Trust,1
m,composer,Voladero Espacio Cultural,1
f,producer,Inside Track Productions,1
m,cinematographer,Odeon Entertainment,1
f,producer,Independent Film Sales,1
m,director,Vaishno Academy,1
m,director,Wonder Entertainment,1
m,editor,Nikkatsu Video Films K.K.,1
m,cinematographer,Conseil Général de l'Indre,1
m,composer,Decade Distribution,1
m,composer,Dexia,1
f,writer,Kasander Film Company,1
m,director,Alexandra Video Club,1
m,writer,Vendetta Producciones,1
m,editor,"Klapa 22, Belgrade",1
m,writer,The Video Association of Dallas,1
m,director,Something Weird Video (SWV),1
m,composer,Intellectual Properties Worldwide (I),1
m,cinematographer,International Traders,1
m,director,Ignacio Benedeti Cinema,1
m,director,DEREVO,1
m,writer,The Content Providers Limited,1
m,director,Salto de Eje Producciones Cinematográficas S.L.,1
m,composer,Dallas Video Festival,1
m,director,Vendetta Producciones,1
m,writer,Snowden Fine Animation,1
f,cinematographer,Academy Video,1
m,editor,DEREVO,1
m,director,Shanghai Sanjiu Culture Development Company,1
m,director,The Content Providers Limited,1
m,producer,Renegade Worldwide,1
f,cinematographer,Independant Development,1
m,editor,Les Films de l'Atalante,1
m,composer,Rodeo Drive,1
m,composer,The Developers of Incredible Power,1
m,cinematographer,Hustler Video,1
m,director,Ide Productions,1
m,director,Kinderfilm,1
m,composer,Films de la Saga,1
m,editor,Videal GmbH,1
m,producer,Film Studio INDEKS,1
m,writer,Film Studio INDEKS,1
m,composer,Escola de Comunicação e Artes da USP,1
m,cinematographer,CDE Home Video,1
m,editor,Miramar Home Vídeo,1
m,director,Tokyo Raiders,1
m,director,Independent Cinema Association of the Philippines,1
m,director,Snowden Fine Animation,1
m,composer,Neuf de Coeur,1
m,editor,Compagnie Internationale de Communication,1
m,writer,Shalimar Videos,1
f,producer,Ontario Media Development Corporation Film and Television Tax Credits,1
m,director,Shalimar Videos,1
m,director,Televisión Nacional de Chile (TVN),1
m,director,Film Studio INDEKS,1
m,director,Rotterdams Fonds voor de Film en Audiovisuele Media,1
f,actress,Les Films de l'Astrophore,1
m,director,Dallas Video Festival,1
m,director,The Video Association of Dallas,1
m,cinematographer,Cinevista Video,1
m,composer,Multivideo,1
m,writer,Shanghai Sanjiu Culture Development Company,1
m,director,Carmen Video,1
m,cinematographer,Rede Telecine,1
m,composer,"Dead Will Rise Studio, The",1
m,cinematographer,Hidden Staircase,1
m,editor,Hellas Cosmos Video,1
m,director,NTV Video Corporation,1
f,producer,Sunnyside Down Productions,1
m,composer,Tide Rock Entertainment,1
m,producer,San Francisco Museum of Modern Art,1
m,producer,Independent Television Service (ITVS),1
m,editor,Odeon Pictures,1
m,composer,Rendez-vous Pictures,1
m,director,Jovem Pan Home Vídeo,1
m,cinematographer,Universal Video,1
m,cinematographer,AVU-Video-Vertriebs-GmbH,1
m,cinematographer,Fraserside Holdings Ltd.,1
m,composer,Pequena Central de Produções,1
m,composer,Universidad del Cine,1
m,editor,Fraserside Holdings Ltd.,1
f,director,Meteor Home Video,1
m,cinematographer,Dead Serious Films,1
m,composer,Modern Grief Distributions,1
m,director,Pequena Central de Produções,1
m,director,Nouvelles Editions de Films (NEF),1
m,director,De Productie,1
f,producer,Golden Ring International,1
m,writer,Nouvelles Editions de Films (NEF),1
m,writer,Identity Films (I),1
m,composer,Lanzarote Reserva de Biosfera,1
m,composer,Wonderland Films,1
m,composer,Idea,1
m,cinematographer,Consultores de Comunicación Integral S.L.,1
m,cinematographer,Scala Thunder,1
m,writer,Pequena Central de Produções,1
m,editor,Independent Television Service (ITVS),1
m,composer,Consellería de Cultura e Comunicación Social,1
m,cinematographer,Worldwide Media,1
m,composer,Escola de Imaxe e Son,1
f,writer,La Tropa de Trapo,1
f,writer,Dimension Home Video,1
m,writer,Villa del Cine,1
,cinematographer,Rodeo Film,1
